comment_text,actual_label,risk_score,recommended_action,predicted_label_05
"00frodo 
I cant believe you gave me my own page!!! I feel sooooooo honored you dumbass [User:Scjessey|queer]] liberal! Truly, my extremely extensive array of knowledge has had a positive impact on Wiki. I hope that you will make my name more famous! ALALALLLAALLALALLLALALALAALALLALALAAALLALALLLLAAAAA!!! Sorry, I have to do that every five minutes. 00frodo lives on!!!!!!!",1,0.49857176642310613,Monitor,0
"What a lying BITCH!!! Look at this shyt 

http://www.breitbart.com/Big-Government/2012/06/01/Exclusive-Video-Shows-Elizabeth-Warren-Telling-Tall-Tale-of-Composite-Grandmother

http://www.breitbart.com/Big-Government/2012/06/01/Exclusive-Eloped-Elizabeth-Warren-Parents-Married-in-Religious-Ceremony

This is a twofer. IRREFUTABLE proof that she's a liar. AND...it comes from Breitbart which may PISS off the liberals that CONTROL wikipedia even MORE than the slowly dawning realization that THEIR candidate is melting down before their very eyes in the FLAMES of her own prevarications.

First Martha KOOKley....now PoccaDISHONEST?? Is Scott Brown BLESSED or what? bahaha 99.185.56.156",1,0.49829238478212967,Monitor,0
"Why am I even talking to this retard, who hasn't ever gotten out of his chair since he was born?",1,0.49718966452057145,Monitor,0
"You deleted the message I put here for you. Get lost. I will see you in the article itself. You cannot even do a single edit there. I will revert it immediatly. Stop your vandalism, or prepare to battle with me. This is the last warning for you fool.",1,0.49694022859394105,Monitor,0
"""

 And why is """"screw you, motherfucker"""" a personal attack? I'm not implying anything about 80.174.59.92, am I?
 76.210.66.152  """,1,0.49443449345143076,Monitor,0
"YO
WHY CANT I MESS UP UR SITE
NO SCHOOLS R ALLOWED TO USE IT CUZ OF FAGS LIKE U",1,0.49323891458451724,Monitor,0
"Hell yes. Absolutely.  

==Please remove the brick from your anus, as it is considered vandalism.",1,0.49251333524755775,Monitor,0
It is you who are the TROLL FReepsbane. You could not win your arguments by logic so you resorted to framing me as wikzilla. Well now I am and you shall suffer.,1,0.4924838256365048,Monitor,0
"""
After several edit conflicts - Liz, you are truly pathetic. Perhaps one day you might learn how to produce content although it is doubtful. You are simply a POV social network wannabe. I've told you to stay away from me and stop your pathetic blatant attacks. Grow up.  - Chat  Dennis, I'm sorry this is playing out on your talk page but I've had enough of these POV pushers ...""",1,0.4924364157056041,Monitor,0
"""
The Graceful Slick....
Is non other than an ungraceful dick!81.158.100.146  """,1,0.49129100876168863,Monitor,0
'weigh in' you idiot -  'Have you ever run into an Assad supporter/sympathizer that admitted to one single Assad gov crime?'- ekograf and funkmonk - the 'neutral' writers - lol92.3.10.13,1,0.49124374316405456,Monitor,0
You can't ban me aha!,1,0.49077669462091167,Monitor,0
"but ew 

He was a fαg which is against nature and is the most disgusting thing. Youre not a woman are you? Sexism is wrong. Being wrong is for women.",1,0.4899977850085255,Monitor,0
"""

Rhett Butler

""""Frankly my dear, I don't give a damn."""".

I have no respect for 98% of all Wikipedians I have enountered.

beckjord """,1,0.4887468677424423,Monitor,0
"That's libel right there. Murder is defined as 'unlawful killing of another with malice aforethought ' you stupid wop. Attack pilots have to be trained to be aggressive because if they always fly exactly according to book, they will die on the first day of battle. -",1,0.48866528561933276,Monitor,0
to be driven away and die,1,0.48854946816762984,Monitor,0
"Capitalization

The rules of capitalization are not an opinion dick head.",1,0.48814548582154393,Monitor,0
"so, Sarahs palin f*cking kids calling f*ggots to whose call that whore mom a failure, your toughts anons? 

Has anyone really been far even as decided to use even go want to do look more like?",1,0.48742708835349097,Monitor,0
"big>I HATE Nl33ERS
I HATE Nl33ERS
I HATE Nl33ERS
I HATE Nl33ERS
I HATE Nl33ERS
I HATE Nl33ERS
I HATE Nl33ERS
I HATE Nl33ERSI HATE Nl33ERS
I HATE Nl33ERS
I HATE Nl33ERS
I HATE Nl33ERSI HATE Nl33ERS
I HATE Nl33ERS
I HATE Nl33ERS
I HATE Nl33ERSI HATE Nl33ERS
I HATE Nl33ERS
I HATE Nl33ERS
I HATE Nl33ERSI HATE Nl33ERS
I HATE Nl33ERS
I HATE Nl33ERS
I HATE Nl33ERSI HATE Nl33ERS
I HATE Nl33ERS
I HATE Nl33ERS
I HATE Nl33ERSI HATE Nl33ERS
I HATE Nl33ERS
I HATE Nl33ERS
I HATE Nl33ERSI HATE Nl33ERS
I HATE Nl33ERS
I HATE Nl33ERS
I HATE Nl33ERSI HATE Nl33ERS
I HATE Nl33ERS
I HATE Nl33ERS
I HATE Nl33ERSI HATE Nl33ERS
I HATE Nl33ERS
I HATE Nl33ERS
I HATE Nl33ERSI HATE Nl33ERS
I HATE Nl33ERS
I HATE Nl33ERS
I HATE Nl33ERSI HATE Nl33ERS
I HATE Nl33ERS
I HATE Nl33ERS
I HATE Nl33ERSI HATE Nl33ERS
I HATE Nl33ERS
I HATE Nl33ERS
I HATE Nl33ERSI HATE Nl33ERS
I HATE Nl33ERS
I HATE Nl33ERS
I HATE Nl33ERSI HATE Nl33ERS
I HATE Nl33ERS
I HATE Nl33ERS
I HATE Nl33ERSI HATE Nl33ERS
I HATE Nl33ERS
I HATE Nl33ERS",1,0.48727699571443345,Monitor,0
"""

What right do you have to block the Whites people including myself when you Ethnic European and Ethnic African descents are the MOST racist and belicuse creatures on my planet? """"Which planet you come from?"""" said chooyooo? was rude and impolite than anything I wrote. Who or what ethnicity is he trying to insult with his ridiculous user:talk?

You bizarre, stubborn and desperate act of Ethnic European iron-fist censorship (that's what it is) will only succeed to increase my determination and drive to break the back of Western Racism. Paraphrase the 'Negro' or Ethnic African Doctor King's in the 60s.

If you continue to block Whites as myself, you're only succeeding in demonstrating your Ethnic European desperate cunnings and or Western Despotism! 

Why do you show what kind Blond Yoke you are with your lowly Blond Perils and so-called white maggots?""",1,0.483900681091694,Monitor,0
"This bot is seriously driving us crazy
This image exists, I must kill it!",1,0.4834080919780194,Monitor,0
", 2 August 2012 (UTC)
Lol not gonna help anymore... Penis Brown did his (blow)job...  23:08",1,0.4827368811847137,Monitor,0
OK I found your text just now but I don't want to refer to stupid users anymore. He repeats to cheat rankings.,1,0.48259034795782785,Monitor,0
"Shut up kid, don't tell me it's 'vandalizing' by editing an article THAT HAS proof if you look close enough and stop circle jerking it up.",1,0.48257682682759034,Monitor,0
"""

Hilarious, Islander. You undo my evil, uncivil language (like it matters to anyone) but you leave the cowardly, bad-faithed and wrong accusations against me in place. Makes me feel real good about your judgement in indefblocking me. Sorta. Everyme """,1,0.4825731766646052,Monitor,0
"hey dickbreath 

ur rretarded",1,0.4823293198365251,Monitor,0
""", 2 February 2006 (UTC)
Perhaps if you would quit removing comments from the Talk Page of WWE Undisputed Championship because you disagree with them?  You give false claims of """"vandalism,"""" yet there is none per Wikipedia definition. I only place the remarks back in that you delete.  In point of fact, YOUR removal of the comments is vandalism as Wikipedia defines the definition.  I do have a beef with you, yes. I admit it.  I dislike you. You're a douchebag.  But I am not """"attacking"""" you (as Curps has defined it) when I place the comments back in.  I am merely taking care of business in regards to that talk page.  Wikipedia user  has told you about this,  has even told you about this, but yet you continue to not listen to anyone.  This is not even an isolated incident  you have done this to rec.sport.pro-wrestling on at least five occassions. If you do not like me posting, or have a problem with what I place in, then either put it on the talk page of whatever account or IP I am using or stop whining and shut up. Your pathetic kindergarten-like tactics of running to Curps everytime I do something you don't like is just fucking sad.  20:28""",1,0.4817776923015482,Monitor,0
"Absolute failure 

So after years of tinkering and picking fights on Wikipedia you've been reduced to fucking around with hyphens. Not exactly the culmination of a dazzling career, was it? 87.115.23.31",1,0.48130856227984653,Monitor,0
They are perfectly civil - they have no hidden meaning - just just to other edit summaries that you dont list have no hidden meaning. You are a disgusting and disgraceful example for an admin. You have done this before and got away with it - God knows how you are getting away with it again. You make me sick!,1,0.48123900434068567,Monitor,0
"smyou have a message re your last change, go fuckyourself!!!

all",1,0.47864184635109314,Monitor,0
Well it's pretty fucking irrelevant now I'm unblocked aint it! 81.108.7.13,1,0.4771701592825886,Monitor,0
"""

Keep quite you dumb ass, the Wiki guidelines clearly state that discuss the issue on """"talk page"""" before removing the propdel, , dumb fools like you are the one who have brought non-credibility to Wikipedia, as well as to England(which cannot even survive a WAR AGAINST INDIA for more than 10 days). The whole world knows that England is not a filthy and backward country with No technology(UK buys all defence equipment from US, cannot construct its own Missiles, the only SLBM of UK is brought from US, no wonder UK is almost in gutter).

Shamless editor instead of accepting mistake, rant like a bastard christian

  """,1,0.4771374031159869,Monitor,0
NOW! REMOVE IT FROM YOUR SITE NOW! YOU DAMNED THIEVES!,1,0.47567218425322927,Monitor,0
"You are nothing worth about me, so shud up.",1,0.47561664176042784,Monitor,0
"""

why did they remove my comment """"good Boy""""? You guys are a bunch of commies.""",1,0.4755857371515806,Monitor,0
"ugly cat 

That is one ugly cat, El_C! Concerning  but in reality you are a disgrace to the people who have been here a lot longer then you. You have no respect for the Great Spirit. You have no respect for living things. You have no respect for the people you call your own. And they have no respect for you. Why don't you come out and tell the people here that you are a cop? Also, no self-respecting Indian would be a people hating commie, Comrade!",1,0.4751483733706583,Monitor,0
"I never edit on wikipedia!!!!! What the f*ck are you doing , Bbb23 , you s*n of b*ch of b*stard",1,0.4748407258032477,Monitor,0
CANT BLOCK ME NIGGA,1,0.4745680959025689,Monitor,0
uhhhh YOU DON'T OWN THIS SITE. SO DON'T TOUCH MY ARTICLES.,1,0.4711542014627383,Monitor,0
"""

 Niggers 
We need more information in this section regarding the widespread usage of the """"Jew's Harp"""" by Nigger Slaves in the Antebellum south,""",1,0.4710649264552952,Monitor,0
"Like I said: Vacuous drivel and patent nonsense!. There is a skill to talking out of your arse and you have certainly mastered it, IZAK",1,0.4706807725410216,Monitor,0
"""
WHAT THE FUCK DO YOU MEAN, THE GULAG WAS """"NOT A DEATH CAMP"""", YOU COMMIE COCKSUCKERS  THERE WERE AT LEAST TWENTY MILLION INMATES KILLED IN THE GULAG BETWEEN 1930-1953 (INCLUDING MANY MURDERED IN COLD BLOOD BY THE CAMP GUARDS AND KGB TORTURERS!!!  I DEMAND THAT YOU RESTORE THE """"IN COMMUNISM"""" SECTION AT ONCE, OR ELSE!!! 67.170.215.166  """,1,0.4700334307474903,Monitor,0
"Are u serious? Those idiots are just a bunch of unAustralian bogans, with too much time on their hands. Just cos there recruiting aggressively and getting attention doesnt mean theyre notable enough to be in Wikipedia. It makes me sick hearing the rubbish from their campaign - we'd gain nothing from independence! and what if the fanatics turn it into something like Northern Ireland? No thank you",1,0.4695876516088964,Monitor,0
I am a gigantic pedantic twat,1,0.4688730751474068,Monitor,0
May I also add that you're a cock and you should find something better to do with your time.,1,0.46877252371039696,Monitor,0
"""
[[™]]whoever is the next person to write on this page has admitted to having aids and fellates aids monkeys non-stop. you can't edit my page. this is my user page and amounts to hypocrisy. the winner is user:Tbhotch""",1,0.468603851855216,Monitor,0
"Nick GaS is coming back! 

It's coming to the UK! 
Cyphoidbomb is gay! 
It's coming to the UK! 
Cyphoidbomb is gay!",1,0.4677468448429898,Monitor,0
"I am one who thinks that Zappa's dad was of Arab & Greek descent is inaccurate. His dad was fucking Sicilian & his mom was Sicilian/French,enough said.& I think that the false indications of Arab & Greek descent should be taken off his page & the pages of his children. The Arab and Greek statements are there just becausehe has a HOOK NOSE!!! (www.nndb.com) 11:00 5 November 2010",1,0.46489526429267863,Monitor,0
"You could try that, but it won't work.  You're not smart enough to figure out how to make a block stick.  Moron.  70.49.242.107",1,0.4631999082665803,Monitor,0
"Nick, you openly told me that you are a sock puppet of someone.",1,0.4630682304583522,Monitor,0
""" Seriously though, grow up. Flooding my user page with hundreds of question marks and saying """"byes"""" certainly proves that you are an immature child.

HA HA, """"byes"""". XD""",1,0.46296529053132085,Monitor,0
"Black Jesus 

I think he is BLACK JESUS!!!!!!!!!!!!!!!!!!!!!!!!!!!!",1,0.46278938922663315,Monitor,0
"YOU ARE AN AWFUL STINKY PERSON, do not delete my stuff",1,0.46179545202193467,Monitor,0
"What the hell?
My anti-american american article was still in progress. I demand it is brought back.",1,0.461408486690189,Monitor,0
"ALERT: No-talent assclown warning. 

Bongwarrior, seeing as you spend most if not all your time on wikipedia or masturbating... I was thinking it best to warn you that there is a no-talent assclown roaming wikipedia and ruining peoples fun. Also i will eat your face off during between 1 and 3 A.M. on June 6th 2008. You my friend are pathetic.",1,0.4592607764544085,Monitor,0
"do not know juden! silence is golden juden, now shut up.",1,0.45916592711888154,Monitor,0
"Hello, you freak. 

Stop censoring pages, totalitarian hermaphrodite.",1,0.45793659397980074,Monitor,0
You're a prick. 194.66.175.71,1,0.4579212368483526,Monitor,0
"I knew you were a dick but a fag too?

nice job on the morgan discussion

I liked how you buried the comments in the archive section.

Yea archive stuff that is 5 days old nice job",1,0.4577140620714068,Monitor,0
homosexuals are all pedophiles.,1,0.45727484774805044,Monitor,0
"Hello 

How are you?

Have you had sexual relations with any black men recently?",1,0.45717188457387564,Monitor,0
"Wow 
Ya'll are smoking some crack then, eh? Stop leaving kinky messages in my talk page, ya sexually harassing bitchez.",1,0.4571029202088357,Monitor,0
"Nearly Headless Nick 

Nearly Headless Nick is fucked up in the head and abueses his admin role!",1,0.4570074671684243,Monitor,0
"is a Poopie Pants 
She has poop in her pants and it goes *squish* *squish* *squish* *squish* *thurphftp*
 
STOP BEING A POOPIE PANTS, !!!!",1,0.4568794817990519,Monitor,0
"Hey are you kidding me.... I was adding info to this site.. to make it much more reliable. You must be sick headed to think I am removing things. No body ever dared to care about this article... It was me, who are trying to give some life.. yo useriously must be out of your mind... go right ahead and do as you wish.. I was jsut helping... and there is no more need of maintenance tags,.. all was ompleted according to me! Sonisona",1,0.456757094423019,Monitor,0
"I just wanted to say how awful it is to be attacked by a bunch of looney vandals, but Haunted Angel your conduct is just as bad. Shame on you",1,0.4562768826089386,Monitor,0
"Who are you? I think you are a bully, and of course bullies hate to be called what they are. Some anonymous user is threatening me... who is NAWLINWIKI.. I don't know who she is. She could be a terrorist. A pedophile. Could be anybody. But what I already know, she's voted to DELETE my first page, hasn't given good reasons, and is now threatening to block me... yeah, I do not believe you have my best interests, or the public's in mind. Of course I don't. I hope you're not actually somebody wikipedia takes serious. You have no idea how to talk to people, and you lecture me. What's your real name, boy?",1,0.4560928875803081,Monitor,0
I think he's a prick.,1,0.45553251725746857,Monitor,0
"I noticed you post a lot about taking dumps in the right position. You must be a fecelphaeliac. I'd love to cop a squat over your chest and let one go all over yiu, you horny little filth pig. I've got a granite boner right now. Are you trans btw?",1,0.4549984359279855,Monitor,0
"Lesbian Teenager 
How about the fact she was a lesbian in her teenaged years?
Thats important isnt it?

 Ignorant fundy 

How about saying the fact shes an ignorant fundy, thinks the world is 6000 years old and pretends evolution is not real?",1,0.45474929342230613,Monitor,0
"You're a smug, disruptive asshole.  I can't believe you're monitoring my talk and userpage so closely as to be replying 10 minutes after I do.",1,0.45453361729166897,Monitor,0
"Personal attack?
I just pointed out he's being a WP:DICK. Why can he call multiple users dicks but we can't return the favor? Talk about a one sided policy.",1,0.4534293074673196,Monitor,0
"I notice you didn't say you had a good job though 

Also I can just reset my modem and change my IP anytime I want.  So go have sex with your pretty girlfriend instead of patrolling wiki... you do have a pretty girlfriend, yes?",1,0.45270432041300157,Monitor,0
"It seems you like playing some game that revolves around effing people who dare cross you (and getting their editing privileges suspended). You seem intent on driving potential editors away so you have the playground all to yourselftoo bad. I really could care less about the vacuous, anorexic piece of fake shi* known as Beckyknock yourself out. GFYourself!",1,0.4524796155622308,Monitor,0
"sources
There is not a single source listed.  How can anyone believe this shit.",1,0.4515460410907339,Monitor,0
Wikipedia is full of cunts,1,0.4514376944951181,Monitor,0
"Making Everbody's Life a Misery 

I see that I am not the first person that you have deliberately targetted in a smear campaign.  You are a vandal and a disgrace to the good name of Wikpedia.

Shame on you.",1,0.4511793734879317,Monitor,0
"Stormie Likes Men?
If you look at his face it looks like he's getting turned on by looking at me? Doesn't it seem this way for you? I am sure he is a fag.",1,0.45062562951531643,Monitor,0
".

Perhaps it's neutral in MY point of you, you are just pro-american scum. Therefore, YOU are the biased one",1,0.4503499301055337,Monitor,0
Do you have a life? why are you follwing me and checking my edits?,1,0.4499912523351655,Monitor,0
"I don't care. Like I said, keep your shitty grammar.",1,0.4494446132814258,Monitor,0
"To many languages ????????? 

Zorglub-PRV

Dear Zorglub-PRV

So you claim you can speak Portuguese, English, Spanish, French and Russian.
Me Thinks you are not a person but a Communist Paid Cell.
I have been watching you and your Communist Propaganda on Wikipedia.
We urge you to STOP messing around, and to STOP making Political Communist Propaganda!!!",1,0.44873746335358083,Monitor,0
"F**K ALL RIDES AT WORLDS OF FUN  

I hate all rides at Worlds of Fun because they are sh_tty and boring. All ride operators at WOF should be fired sued and hanged. Burn all WOF coasters. Arrest all WOF park operators! Assassinate all WOF customers! I heard that a boy died on Timberwolf on August, 2014. That's stupid! Worlds of Fun should have nown better to built that sh_t ride. Worlds Of Fun cares about money and prophet moar than they're customers. Burn that sh_t park down! F**K YOU RIDES! WorldS Of Fun is dangerouser than GRround Zero and Area 51. 

Worlds of Fun should burn in Hell!",1,0.44852163268212075,Monitor,0
"ARRHGH! 

Frederica is the most annoying talking head ever",1,0.44712109689201324,Monitor,0
"ITS NOT A PERSONAL ATTACK
HES MY BRO
STOP BEING A HOE",1,0.44657903445357505,Monitor,0
Sox-Do you have formal training on corporate law or are you just being a dick.  Seems like you're pretty much the latter based on these other posts.,1,0.4462208469764498,Monitor,0
"wtf? 

so, youre twelve years old?? wow. wikipedia is my hero...  btw i attempted to add constructively to wikipedia, and it wasnt allowed. wikipedia has lost all my respect.",1,0.4460614186988838,Monitor,0
"That's right, i hate israel, and all supporters of israel will burn. œ™",1,0.4460315223815236,Monitor,0
"You are a dumb flower 

Now, normally, I do not use that term explicitly. I just quietly think it. But in this case, there is evidence. You have no ISBN's to your name. In my book, that makes you a dumb flower I happened to a bit demanding about these sorts of things. The ISBN's  1-894840-36-4 and 1-894840-38-0 . Tell me something: At you local library: do they actually allow you in there? Maybe they just let you in because you are a girl, I dunno.  Do they have an old-fashioned card catalog system there? Do you experience urges to rip out the cards of the books that you simply do not like? I can assure you that you need to try and suppress those urges. OF COURSE I added those ISBN's for you dear. It is like honey to flies. Dumb flowers like you cannot suppress their urges to go and delete them.  And thereby, I trap you, my pretty little dumb flower.",1,0.4459032025681066,Monitor,0
"Please block me but do me a favor- don't remove the content I posted on both of your talk pages! You think am dying to contribute here ! ROFLMAO. I have a life dude and I lead it- not in the rickety, mangled and smelly domain where pests like you scurry around without letting other pests in ! Seriously dude get a life- Block me . Am still not back on my chair I fell off while laughing!

OldRuff",1,0.44521287564038287,Monitor,0
"the book is dumb 

this book is so dumb how could any one ever rad it .blahhhhhhh",1,0.44364956167658104,Monitor,0
"Reason for false info 

My cousin came to my house and was fucking with my wiki so I'm sorry for any false info on any pages",1,0.4434263143128214,Monitor,0
"Kimchi,
thats not advertising. Its the artist bio for our artist 'C.KhiD'
die faggot. don't delete our artist",1,0.4433836986358323,Monitor,0
"Bullshit anon, you don't quarter troops in civilian areas, that is a violation of the GC's. The GC applies in this case and every other one involving the terrorists.",1,0.44307041927756435,Monitor,0
"""

 Please do not vandalize pages, as you did with this edit to Fuck (disambiguation). If you continue to do so, you will be blocked from editing.  Leave'''''' talk """,1,0.44263665867632895,Monitor,0
"DIFFERENT IP ADDRESS - 90.196.78.205   - SEE WHAT I MEAN !  BAN WHAT BAN ?

GO GET YOURSELF A REAL LIFE INSTEAD OF OBSESSIVELY HANGING AROUND WIKIPEDIA DELUDING YOURSELF OF PETTY POWERS WEHN YOU OBVIOUSLY CAN'T ASSERT YOURSELF IN THE REAL WORLD.",1,0.4425565817936955,Monitor,0
"""
""""Somebody, go write one.""""  Do it yourself lazy.129.139.1.68  """,1,0.441249781931024,Monitor,0
Geniac is an assole and a mom fuker..,1,0.44012107952073265,Monitor,0
"what the hell! 

why did you revert my legitimate question about taking down the RSK page!?!",1,0.43944134553460007,Monitor,0
"does morons like you got a place here? If no, be pleased to leave this grateful place.",1,0.4387050288023162,Monitor,0
"MOD 

I changed the sec of defence to vacant as Liam Fox resigned today! Don't you read the news! Idiot! 86.158.102.76",1,0.4376390745247382,Monitor,0
"Nick Graves, you are a blackmailer. You are a lier. I will expose you. Your days are numbered.",1,0.43763561071667567,Monitor,0
"to be honest with you, if you don't tell me a way to contact a higher up authority in this (abusive, dictatorial, biased) establishment, I don't give a damn that you blocked me, yoopeedooo. you can proceed now",1,0.4371716536844277,Monitor,0
"yes, and lets also delete or change any articles that are unislamic, such as the ones about homosexuality, christianity and judaism and other religions, and actually lets make it so everyone has to post islamic prayers 5 times a day, and if any females post out of turn than we will e-stone them, or give them 200 e-lashes, and while we are at it why not just permaban everyone who won't convert to islam?  Screw you buddy, you want everything to be islamic go to syria or saudi arabia or yemen or egypt. Keep that shit to yourself",1,0.43717114887899877,Monitor,0
"""::::::""""You know?  My neighbor is famous and I think he's gay.  The people down the road hate his guts and have surely testified.  Some have told me that these people have said so, but some other people don't have a clue or care one way or the other, while some have actually investigated the matter and found it nothing.""""'  24.255.11.149  

""",1,0.43669267173457593,Monitor,0
Do I know you? ==BeCauSe You aRe a FGGT! == Do I know you? ==BeCauSe You aRe a FGGT! == Do I know you? ==BeCauSe You aRe a FGGT! == Do I know you? ==BeCauSe You aRe a FGGT! == Do I know you? ==BeCauSe You aRe a FGGT! == Do I know you? ==BeCauSe You aRe a FGGT! == Do I know you? ==BeCauSe You aRe a FGGT! == Do I know you? ==BeCauSe You aRe a FGGT! == Do I know you? ==BeCauSe You aRe a FGGT! == Do I know you? ==BeCauSe You aRe a FGGT! == Do I know you? ==BeCauSe You aRe a FGGT! == Do I know you? ==BeCauSe You aRe a FGGT! == Do I know you? ==BeCauSe You aRe a FGGT! == Do I know you? ==BeCauSe You aRe a FGGT! == Do I know you? ==BeCauSe You aRe a FGGT! == Do I know you? ==BeCauSe You aRe a FGGT! == Do I know you? ==BeCauSe You aRe a FGGT! == Do I know you? ==BeCauSe You aRe a FGGT! == Do I know you? ==BeCauSe You aRe a FGGT! == Do I know you? ==BeCauSe You aRe a FGGT! == Do I know you? ==BeCauSe You aRe a FGGT! == Do I know you? ==BeCauSe You aRe a FGGT! == Do I know you? ==BeCauSe You aRe a FGGT! == Do I know you? ==BeCauSe You aRe a FGGT! == Do I know you? ==BeCauSe You aRe a FGGT! == Do I know you? ==BeCauSe You aRe a FGGT! == Do I know you? ==BeCauSe You aRe a FGGT! == Do I know you? ==BeCauSe You aRe a FGGT! == Do I know you? ==BeCauSe You aRe a FGGT! == Do I know you? ==BeCauSe You aRe a FGGT! == Do I know you? ==BeCauSe You aRe a FGGT! == Do I know you? ==BeCauSe You aRe a FGGT! == Do I know you? ==BeCauSe You aRe a FGGT! == Do I know you? ==BeCauSe You aRe a FGGT! == Do I know you? ==BeCauSe You aRe a FGGT! == Do I know you? ==BeCauSe You aRe a FGGT! == Do I know you? ==BeCauSe You aRe a FGGT! == Do I know you? ==BeCauSe You aRe a FGGT! == Do I know you? ==BeCauSe You aRe a FGGT! == Do I know you? ==BeCauSe You aRe a FGGT! == Do I know you? ==BeCauSe You aRe a FGGT! == Do I know you? ==BeCauSe You aRe a FGGT! == Do I know you? ==BeCauSe You aRe a FGGT! == Do I know you? ==BeCauSe You aRe a FGGT! == Do I know you? ==BeCauSe You aRe a FGGT! == Do I know you? ==BeCauSe You aRe a FGGT! == Do I know you? ==BeCauSe You aRe a FGGT! == Do I know you? ==BeCauSe You aRe a FGGT! == Do I know you? ==BeCauSe You aRe a FGGT! == Do I know you? ==BeCauSe You aRe a FGGT! == Do I know you? ==BeCauSe You aRe a FGGT! == Do I know you? ==BeCauSe You aRe a FGGT! == Do I know you? ==BeCauSe You aRe a FGGT! == Do I know you? ==BeCauSe You aRe a FGGT! == Do I know you? ==BeCauSe You aRe a FGGT! == Do I know you? ==BeCauSe You aRe a FGGT! == Do I know you? ==BeCauSe You aRe a FGGT! == Do I know you? ==BeCauSe You aRe a FGGT! == Do I know you? ==BeCauSe You aRe a FGGT! == Do I know you? ==BeCauSe You aRe a FGGT! == Do I know you? ==BeCauSe You aRe a FGGT! == Do I know you? ==BeCauSe You aRe a FGGT! == Do I know you? ==BeCauSe You aRe a FGGT! == Do I know you? ==BeCauSe You aRe a FGGT! == Do I know you? ==BeCauSe You aRe a FGGT! == Do I know you? ==BeCauSe You aRe a FGGT! == Do I know you? ==BeCauSe You aRe a FGGT! == Do I know you? ==BeCauSe You aRe a FGGT! == Do I know you? ==BeCauSe You aRe a FGGT! == Do I know you? ==BeCauSe You aRe a FGGT! == Do I know you? ==BeCauSe You aRe a FGGT! == Do I know you? ==BeCauSe You aRe a FGGT! == Do I know you? ==BeCauSe You aRe a FGGT! == Do I know you? ==BeCauSe You aRe a FGGT! == Do I know you? ==BeCauSe You aRe a FGGT! == Do I know you? ==BeCauSe You aRe a FGGT! == Do I know you? ==BeCauSe You aRe a FGGT! == Do I know you? ==BeCauSe You aRe a FGGT! == Do I know you? ==BeCauSe You aRe a FGGT! == Do I know you? ==BeCauSe You aRe a FGGT! == Do I know you? ==BeCauSe You aRe a FGGT! == Do I know you? ==BeCauSe You aRe a FGGT! == Do I know you? ==BeCauSe You aRe a FGGT! == Do I know you? ==BeCauSe You aRe a FGGT! == Do I know you? ==BeCauSe You aRe a FGGT! == Do I know you? ==BeCauSe You aRe a FGGT! == Do I know you? ==BeCauSe You aRe a FGGT! == Do I know you? ==BeCauSe You aRe a FGGT! == Do I know you? ==BeCauSe You aRe a FGGT! == Do I know you? ==BeCauSe You aRe a FGGT! == Do I know you? ==BeCauSe You aRe a FGGT! == Do I know you? ==BeCauSe You aRe a FGGT! == Do I know you? ==BeCauSe You aRe a FGGT! == Do I know you? ==BeCauSe You aRe a FGGT! == Do I know you? ==BeCauSe You aRe a FGGT! == Do I know you? ==BeCauSe You aRe a FGGT! == Do I know you? ==BeCauSe You aRe a FGGT! == Do I know you? ==BeCauSe You aRe a FGGT! == Do I know you? ==BeCauSe You aRe a FGGT! == Do I know you? ==BeCauSe You aRe a FGGT! == Do I know you? ==BeCauSe You aRe a FGGT! == Do I know you? ==BeCauSe You aRe a FGGT! == Do I know you? ==BeCauSe You aRe a FGGT! == Do I know you? ==BeCauSe You aRe a FGGT! == Do I know you? ==BeCauSe You aRe a FGGT! == Do I know you? ==BeCauSe You aRe a FGGT! == Do I know you? ==BeCauSe You aRe a FGGT! == Do I know you? ==BeCauSe You aRe a FGGT! == Do I know you? ==BeCauSe You aRe a FGGT! == Do I know you? ==BeCauSe You aRe a FGGT! == Do I know you? ==BeCauSe You aRe a FGGT! == Do I know you? ==BeCauSe You aRe a FGGT! == Do I know you? ==BeCauSe You aRe a FGGT! == Do I know you? BeCauSe,1,0.4364879363565474,Monitor,0
"Do I know you? 

BeCauSe You aRe a FGGT!
 Do I know you? 

BeCauSe You aRe a FGGT!
 Do I know you? 

BeCauSe You aRe a FGGT!
 Do I know you? 

BeCauSe You aRe a FGGT!
 Do I know you? 

BeCauSe You aRe a FGGT!
 Do I know you? 

BeCauSe You aRe a FGGT!
 Do I know you? 

BeCauSe You aRe a FGGT!
 Do I know you? 

BeCauSe You aRe a FGGT!
 Do I know you? 

BeCauSe You aRe a FGGT!
 Do I know you? 

BeCauSe You aRe a FGGT!
 Do I know you? 

BeCauSe You aRe a FGGT!
 Do I know you? 

BeCauSe You aRe a FGGT!
 Do I know you? 

BeCauSe You aRe a FGGT!
 Do I know you? 

BeCauSe You aRe a FGGT!
 Do I know you? 

BeCauSe You aRe a FGGT!
 Do I know you? 

BeCauSe You aRe a FGGT!
 Do I know you? 

BeCauSe You aRe a FGGT!
 Do I know you? 

BeCauSe You aRe a FGGT!
 Do I know you? 

BeCauSe You aRe a FGGT!
 Do I know you? 

BeCauSe You aRe a FGGT!
 Do I know you? 

BeCauSe You aRe a FGGT!
 Do I know you? 

BeCauSe You aRe a FGGT!
 Do I know you? 

BeCauSe You aRe a FGGT!
 Do I know you? 

BeCauSe You aRe a FGGT!
 Do I know you? 

BeCauSe You aRe a FGGT!
 Do I know you? 

BeCauSe You aRe a FGGT!
 Do I know you? 

BeCauSe You aRe a FGGT!
 Do I know you? 

BeCauSe You aRe a FGGT!
 Do I know you? 

BeCauSe You aRe a FGGT!
 Do I know you? 

BeCauSe You aRe a FGGT!
 Do I know you? 

BeCauSe You aRe a FGGT!
 Do I know you? 

BeCauSe You aRe a FGGT!
 Do I know you? 

BeCauSe You aRe a FGGT!
 Do I know you? 

BeCauSe You aRe a FGGT!
 Do I know you? 

BeCauSe You aRe a FGGT!
 Do I know you? 

BeCauSe You aRe a FGGT!
 Do I know you? 

BeCauSe You aRe a FGGT!
 Do I know you? 

BeCauSe You aRe a FGGT!
 Do I know you? 

BeCauSe You aRe a FGGT!
 Do I know you? 

BeCauSe You aRe a FGGT!
 Do I know you? 

BeCauSe You aRe a FGGT!
 Do I know you? 

BeCauSe You aRe a FGGT!
 Do I know you? 

BeCauSe You aRe a FGGT!
 Do I know you? 

BeCauSe You aRe a FGGT!
 Do I know you? 

BeCauSe You aRe a FGGT!
 Do I know you? 

BeCauSe You aRe a FGGT!
 Do I know you? 

BeCauSe You aRe a FGGT!
 Do I know you? 

BeCauSe You aRe a FGGT!
 Do I know you? 

BeCauSe You aRe a FGGT!
 Do I know you? 

BeCauSe You aRe a FGGT!
 Do I know you? 

BeCauSe You aRe a FGGT!
 Do I know you? 

BeCauSe You aRe a FGGT!
 Do I know you? 

BeCauSe You aRe a FGGT!
 Do I know you? 

BeCauSe You aRe a FGGT!
 Do I know you? 

BeCauSe You aRe a FGGT!
 Do I know you? 

BeCauSe You aRe a FGGT!
 Do I know you? 

BeCauSe You aRe a FGGT!
BeCauSe You aRe a FGGT!
 Do I know you? 

BeCauSe You aRe a FGGT!
 Do I know you? 

BeCauSe You aRe a FGGT!
 Do I know you? 

BeCauSe You aRe a FGGT!
 Do I know you? 

BeCauSe You aRe a FGGT!
 Do I know you? 

BeCauSe You aRe a FGGT!
 Do I know you? 

BeCauSe You aRe a FGGT!
 Do I know you? 

BeCauSe You aRe a FGGT!
 Do I know you? 

BeCauSe You aRe a FGGT!
 Do I know you? 

BeCauSe You aRe a FGGT!
 Do I know you? 

BeCauSe You aRe a FGGT!
 Do I know you? 

BeCauSe You aRe a FGGT!
 Do I know you? 

BeCauSe You aRe a FGGT!
 Do I know you? 

BeCauSe You aRe a FGGT!
 Do I know you? 

BeCauSe You aRe a FGGT!
 Do I know you? 

BeCauSe You aRe a FGGT!
 Do I know you? 

BeCauSe You aRe a FGGT!
 Do I know you? 

BeCauSe You aRe a FGGT!
 Do I know you? 

BeCauSe You aRe a FGGT!
 Do I know you? 

BeCauSe You aRe a FGGT!
 Do I know you? 

BeCauSe You aRe a FGGT!
 Do I know you? 

BeCauSe",1,0.43646078542273786,Monitor,0
"Do I know you? ==BeCauSe You aRe a FGGT!
 Do I know you? BeCauSe You aRe a FGGT!
 Do I know you? BeCauSe You aRe a FGGT!
 Do I know you? BeCauSe You aRe a FGGT!
 Do I know you? BeCauSe You aRe a FGGT!
 Do I know you? BeCauSe You aRe a FGGT!
 Do I know you? BeCauSe You aRe a FGGT!
 Do I know you? BeCauSe You aRe a FGGT!
 Do I know you? BeCauSe You aRe a FGGT!
 Do I know you? BeCauSe You aRe a FGGT!
 Do I know you? BeCauSe You aRe a FGGT!
 Do I know you? BeCauSe You aRe a FGGT!
 Do I know you? BeCauSe You aRe a FGGT!
 Do I know you? BeCauSe You aRe a FGGT!
 Do I know you? BeCauSe You aRe a FGGT!
 Do I know you? BeCauSe You aRe a FGGT!
 Do I know you? BeCauSe You aRe a FGGT!
 Do I know you? BeCauSe You aRe a FGGT!
 Do I know you? BeCauSe You aRe a FGGT!
 Do I know you? BeCauSe You aRe a FGGT!
 Do I know you? BeCauSe You aRe a FGGT!
 Do I know you? BeCauSe You aRe a FGGT!
 Do I know you? BeCauSe You aRe a FGGT!
 Do I know you? BeCauSe You aRe a FGGT!
 Do I know you? BeCauSe You aRe a FGGT!
 Do I know you? BeCauSe You aRe a FGGT!
 Do I know you? BeCauSe You aRe a FGGT!
 Do I know you? BeCauSe You aRe a FGGT!
 Do I know you? BeCauSe You aRe a FGGT!
 Do I know you? BeCauSe You aRe a FGGT!
 Do I know you? BeCauSe You aRe a FGGT!
 Do I know you? BeCauSe You aRe a FGGT!
 Do I know you? BeCauSe You aRe a FGGT!
 Do I know you? BeCauSe You aRe a FGGT!
 Do I know you? BeCauSe You aRe a FGGT!
 Do I know you? BeCauSe You aRe a FGGT!
 Do I know you? BeCauSe You aRe a FGGT!
 Do I know you? BeCauSe You aRe a FGGT!
 Do I know you? BeCauSe You aRe a FGGT!
 Do I know you? BeCauSe You aRe a FGGT!
 Do I know you? BeCauSe You aRe a FGGT!
 Do I know you? BeCauSe You aRe a FGGT!
 Do I know you? BeCauSe You aRe a FGGT!
 Do I know you? BeCauSe You aRe a FGGT!
 Do I know you? BeCauSe You aRe a FGGT!
 Do I know you? BeCauSe You aRe a FGGT!
 Do I know you? BeCauSe You aRe a FGGT!
 Do I know you? BeCauSe You aRe a FGGT!
 Do I know you? BeCauSe You aRe a FGGT!
 Do I know you? BeCauSe You aRe a FGGT!
 Do I know you? BeCauSe You aRe a FGGT!
 Do I know you? BeCauSe You aRe a FGGT!
 Do I know you? BeCauSe You aRe a FGGT!
 Do I know you? BeCauSe You aRe a FGGT!
 Do I know you? BeCauSe You aRe a FGGT!
 Do I know you? BeCauSe You aRe a FGGT!
 Do I know you? BeCauSe You aRe a FGGT!
 Do I know you? BeCauSe You aRe a FGGT!
 Do I know you? BeCauSe You aRe a FGGT!
 Do I know you? BeCauSe You aRe a FGGT!
 Do I know you? BeCauSe You aRe a FGGT!
 Do I know you? BeCauSe You aRe a FGGT!
 Do I know you? BeCauSe You aRe a FGGT!
 Do I know you? BeCauSe You aRe a FGGT!
 Do I know you? BeCauSe You aRe a FGGT!
 Do I know you? BeCauSe You aRe a FGGT!
 Do I know you? BeCauSe You aRe a FGGT!
 Do I know you? BeCauSe You aRe a FGGT!
 Do I know you? BeCauSe You aRe a FGGT!
 Do I know you? BeCauSe You aRe a FGGT!
 Do I know you? BeCauSe You aRe a FGGT!
 Do I know you? BeCauSe You aRe a FGGT!
 Do I know you? BeCauSe You aRe a FGGT!
 Do I know you? BeCauSe You aRe a FGGT!
 Do I know you? BeCauSe You aRe a FGGT!
 Do I know you? BeCauSe You aRe a FGGT!
 Do I know you? BeCauSe You aRe a FGGT!
 Do I know you? BeCauSe You aRe a FGGT!
 Do I know you? BeCauSe You aRe a FGGT!
 Do I know you? BeCauSe You aRe a FGGT!
 Do I know you? BeCauSe You aRe a FGGT!
 Do I know you? BeCauSe You aRe a FGGT!
 Do I know you? BeCauSe You aRe a FGGT!
 Do I know you? BeCauSe You aRe a FGGT!
 Do I know you? BeCauSe You aRe a FGGT!
 Do I know you? BeCauSe You aRe a FGGT!
 Do I know you? BeCauSe You aRe a FGGT!
 Do I know you? BeCauSe You aRe a FGGT!
 Do I know you? BeCauSe You aRe a FGGT!
 Do I know you? BeCauSe You aRe a FGGT!
 Do I know you? BeCauSe You aRe a FGGT!
 Do I know you? BeCauSe You aRe a FGGT!
 Do I know you? BeCauSe You aRe a FGGT!
 Do I know you? BeCauSe You aRe a FGGT!
 Do I know you? BeCauSe You aRe a FGGT!
 Do I know you? BeCauSe You aRe a FGGT!
 Do I know you? BeCauSe You aRe a FGGT!
 Do I know you? BeCauSe You aRe a FGGT!
 Do I know you? BeCauSe You aRe a FGGT!
 Do I know you? BeCauSe You aRe a FGGT!
==",1,0.43643087216202414,Monitor,0
"""

I've said it before and I'll say it again. I've been dragged through WQA a couple of times that I can remember, but I'd never bother to do it to anyone else. It's just a pathetic waste of time; """"Mummy, Mummy, Malleus was rude to me."""" Live with it bitch.  Fatuorum """,1,0.4355670682535145,Monitor,0
"""

Any time that you gang up on people you don't like, with other Jews as a """"collaborative effort"""", you are violating NPOV and is Wikipedia:Gaming the system.  You foment unrest and aggravation by your trolling.  Your Ad hominem reverts are based on those who are not Jewish or your brand of Jewish.  Don't be a hypocrite, because ypu're speculating on Witkacy's motives when you are suspected of harbouring ulterior motives yourself.  You are hardly in a position to judge or guess.  This apathetic way of dealing with everybody on Wikipedia is also a violation of WP:Civility and WP:POINT.  Nobody carews about how tough you think you are and how much you can push people around.  Everything you are doing in effect is breaking WP:NPA.  The two pages on VFD are pushed because they only violate the will of certain Jews.   """,1,0.4353241902016227,Monitor,0
"hi 

hi there... this may sound a bit stupid question but dont get it wrong. are you Jew? if so how are you really thinking there is any resemplence between holocoust and Armeian deportations?",1,0.43484155683463,Monitor,0
I dont understand how to talk back but my edit of the diary off the dead was piss funny !,1,0.4330871666106048,Monitor,0
-also nederland is (relatively) a socialist country. we dont have the red on top our flag for no reason. but we sure as fuck arent communistic. and i fail to see any suffering our socialism has caused,1,0.4305288232084012,Monitor,0
"Take your own advice 

AND STOP HARASSING ME!",1,0.4299753917297633,Monitor,0
I love to eat black people!,1,0.42859752688534414,Monitor,0
"Whoa there 

Take it easy. There is no need to leave Wikipedia because someone (me) called you a nigger. It's the Internet. Insults are commonplace.",1,0.427837966272964,Monitor,0
"Ya muthafuckers 

blocked You guys are dumbasses. You'd better be a bit more sane or you will face a lifelong sentence in an asylum. This is directed at Pikang.",1,0.427469543987694,Monitor,0
"Btw, I'm a big fan of anal masturbation.",1,0.42629061332397256,Monitor,0
"""
He's also, to be fair, managed to use other fora here to shout racist crap. """"[T]he GUI looks like it was designed by a handful of Congolese 3rd graders wearing grass skirts"""", really?  smash! """,1,0.4261713114018745,Monitor,0
"By the way, the exchange between Rjensen is Jpgordon is a sock puppet conversation. Pathetic, really. 129.133.127.244",1,0.4260512293639171,Monitor,0
"Hello 

Hey there Metros. You know me. Why pretend you don't, bitchy poo? Who else is a beeg fan of beeg mooonster poonag?",1,0.42481726300091105,Monitor,0
"Okay okay I see. There's a protocol. 

Oh, okay. I see how this whole things works now.

I follow ya.
  

In all my ignorant raging I completely overlooked the fact that I did not upload any of my information to the web.

HOLY CRAP I AM AN IDIOT.

But I'm an American too, so its expected to miss something.

And I'm human, so I'm expected to screw up.

Sorry m8, this whole thing could have been avoided had I taken proper introspect and gauged the situation more thoroughly

All of the 'sources' are active (just not uploaded) My apologies Holmes.

  

I thought you were just being vindictive. With the coveting of a LEviathan article which really annoys.

Everyone here though should take notice of these past four thousands edits on whatever pages I posted whatever.

Especially with this poor sods day, sorry for the headache holmes.",1,0.4245470835914633,Monitor,0
"Tony, you are unclear, unless your opinion is that the RfC was rubbish, and you have no faults what so ever.  The short quips and arguments from you on the RfC are hardly helpful.  Why is it so damn hard for you to simply answer a freaking question straight?  Are you really that incapable of dialog?",1,0.42434601125985266,Monitor,0
"DUMB ASSES
It's was my sockpuppet...joe hazeton... you guys are out of control..... i am making a folder which will be submited to higher athority, one above the GOD KING JIMBO.... I WOULD STRONGLY SUGGEST YOU FIGURE IT OUT FAST...I DON'T MR BH will LIKE HIS FULL NAME PUBLISH ON WIKIPEDIA AS A NON-NOTABLE WITh charges of slander and libel forthwith...  JOEHAZELTON...PS I DON't KNOW BRYAN OR DINO",1,0.4240000592661744,Monitor,0
"Wikipedia is not censored; when we censor something like the penis/vagina game we call it appropriateness; when we censor something like racial epithets the question doesn't even come up. By the way, tomorrow's featured article is John Calvin; I wonder if he would have us burned to the stake?",1,0.42309931636600956,Monitor,0
"I said stop 
Stop it you virgin.",1,0.42258420794260265,Monitor,0
"And next time, actually first create the voting page for an AFD before bothering an editor who did hard work creating an article so you don’t waste so much of another human being’s time. I’m too busy in real life making money and paying taxes to bother with this shit.",1,0.4223504898667059,Monitor,0
You have the nerve to post these notices on my talk page. This is really pathetic.,1,0.42225086152648184,Monitor,0
"Hi Hitler! ,,, vandalismo isn`t put here image_flag = Flag of Morocco.svg] , its thre , you are pro-Morroco, and hate saharawis",1,0.42130707647458027,Monitor,0
"LEAVE ME  ALONE. 

Stop trying to tell me what to do and dictate the words I choose on a Wikipedia page. You are working my last nerves. Do me a favor and please leave me the hell alone. Thank you and have a good day.",1,0.42083086059209307,Monitor,0
thanks for the warm welcome u flippin homosexual gay fruitcake,1,0.4207839455799565,Monitor,0
"Persib again Persib again. Please leave, that's is true.
Fuck you.
Many page does not reference, but no problem. 
Page Persib is TRUE!
YOU CAN SEE ON Persibhistory.com !!!
Please don't Persib, masih banyak lagi.
And I don't understand, your write what on my talk.",1,0.4207095245828193,Monitor,0
"Might we be confusing stupid with stubborn or inflexible? I've known some technically intelligent people (bordering on genius) who were simply unable to acknowledge that any position other than theirs might be correct. Or their intelligence might be so narrowly focused as to be useless in normal conversation. Personally, I find the terminally stubborn much harder to deal with than someone who's 'stupid.'",1,0.42038848341100277,Monitor,0
"i will ki 

ll you and wear your skin like a robe!",1,0.42006087046265556,Monitor,0
"I'm not him either. What are you, crazy? -",1,0.4196378841000994,Monitor,0
"Don't be stupid. You know, I'm twice as irritated with you as you are with Sheryn. If you don't like her SHUT UP and LEAVE. Wikipedia is no place for mongrels like you. I do not care if you live in Chicago, the UK, or some place, but being totally foolish in Wikipedia is uncalled for. We don't need to know that you find Sheryn's voice sounding like Tuesday Vargas'. Unless you find a news article saying so, then go ahead.
I may agree with you regarding incorporating titles here in Wikipedia articles, but just so you know, this is Star Records idea and not her fans'. Don't sound as if you know EVERYTHING about Sheryn. In fact, you don't have any right to edit her article if you don't know her. Just because you see her on TV doesn't mean you know her. In the future, we will develop a more unbiased version of this article, do not worry. As long as QUIT MESSING AROUND WITH THIS VERSION. I am tired of watching behind you and cleaning your crap. Be educated while in Wikipedia's premises.",1,0.41797183907002905,Monitor,0
"""in Shrek 2, Pinoccio is doing a """"Mission Impossible Stunt"""", hanging by a rope tied to him with Mission Impossible song playing, he then needs his nose to grow so he has to lie when one says """"Just say You where Women's underwear"""" and he does but his nose doesn't grow, and they reveal he is wearing a thong, Pinoccio=Tom, Pink Thong accuses him of being gay.

""",1,0.41691995427454087,Monitor,0
"""

 75.3.64.232 has pictoral brown eyes then. 

Is 75.3.64.232 jealous she's not a Brown-Eyed Girl?  (-:

Remember the good times IP hopping around Chicago, Miss 75.3.64.232.

But remember that only naturally brown eyes are attractive brown eyes.

Blue eyes are """"brown"""" only when they're full of shit.""",1,0.4164790901981953,Monitor,0
The Neo-Nazis come back again after many years!,1,0.4163123128445508,Monitor,0
"""

""""By78 is not doing because something need to be clarified, but it's deliberate. All links with detailed explanation exists but still act like a dumb person. This is deliberate. And why did you admin revert this edit"""". This is what I asked. The word dumb there never means he is dumb you read it wrongly by saying I had called him dumb. Read it again, I said he is acting like a dumb person. The meaning of it is he is really smart and wants his version to stay and he is deliberately doing it. Also I request you to look at his edits. It also has a racist angle. Now don't come to me and say you called him a racist. Better you check his edits. He is showing signs of dislike for a particular race, otherwise one will not try deliberately attempt to tarnish the image of one race. It's not part of ordinary edits because we don't find it with anyother countries. Like when I edit Wikipedia, my subject is military matters and I do contribute to all articles and don't pinpoint something and inject negative views only about a particular race or country in the articles.
  """,1,0.41548979135120717,Monitor,0
"get a life, pitiful gook. what a slime",1,0.41504232458702395,Monitor,0
"""

Oh tut tut, such unproven accusations are so uncivil, but posturing from a nobody pretending to be a somebody still leaves a nobody. Enjoy being a zero, keyboard hero. If my attacks are """"vicious"""" I'd hate to think what you call them when you use hyperbole. Oh wait... Ah well, you know what they say, a horse has more brains than the jockey. I guess that makes you a genius by donkey standards.
Btw, your username is no more """"anonymous"""" than an IP – it's still just a nickname in a database that masks your real identity to give you access to an account, so go find another cliché to play with that makes sense """"Mister @  """,1,0.4149646902120374,Monitor,0
"Double Standard 
So, when someone accuses me of vandalism for posting information they don't like, that's ok.  When I point out that it's censorship like found in 1940's Nazi Germany, you accuse ME of making a personal attack?  The problem with BOTH of you is that you put politics ahead of truth, and you are PRECISELY the reason why Wikipedia has ZERO credibility on any topic that has an impact on politics  because of you and all of the others in the Politically Correct mafia who go around with a campaign of intimidating anyone who doesn't toe the party line.  It's a crock of shit, and you know it.",1,0.41451332536064206,Monitor,0
{{Unblock|Unblock or I'll kill you.,1,0.41395710830510324,Monitor,0
"Haha 

Your boss got pwned by Bill Gates's AIDS virus.",1,0.41323730647017065,Monitor,0
"""Don't forget; Moses damned you before his death as """"Israel betrayed her God so let they spread all over the world!"""".Yes, there is an israel today but the peace has never come there and it won't be.3/4 of jews are diaspora.Anyway...well then difficult days are waiting israel.Especially about iran...

Even israel can't breathe without US.Don't worry; we will make israel happy also until you-american jewish diaspora-satisfy us against armenians and greeks in US.However, most of american states recongized the so-called genocide.I hope US parliament doesn't make that kinda mistake...

Yes, nobody welcomes jews.Do you want examples? Spaniards had killed thousands of jews and we saved you.French people burnt you down alive.Britons expelled all the jews.No need to talk about germans.Askenazis were living like animals under byzantine rule until we've come...I can give you a lot of examples...Yes there were 5 million jews in russia.What happened then? All of them were forced to live in """"Pale"""".Most of them slaughtered, orphaned and expelled.Most of the jews in US had flee from imperial russia.Yes, they really love you...

I have talked wit many foreign people.A russian girl told me: """"Ewww, do you like jews?"""" A greek told me: """"Don't you hate."""" An armenians told me: """"Kill all the jews who are decendants of devil""""...Only Arabs and Turks welcomed you but you're slaughtering arabs in palestine at the moment...

Don't misunderstand me.I am a realist.Most of the people on the world hates Turks also but we have a difference.We are the strong.Yeah some people loves Turks as well but they're minortiy and hatred of others reason is more jealousy...

Last but not least, i said that you couln't behave opposite against US in my last comment...

""",1,0.41317252386088665,Monitor,0
"""  And I never got a chance to """"State my Case"""", since your little friend blocked me before I even had the chance to defend myself.  And now I'm permantly blocked because of your lies.  Don't you dare threaten me anymore or tell me to be civil, because I've been nothing but civil towards you, and you've been horrible in return.""",1,0.41313005770779576,Monitor,0
"hello wikipedia lover 

go fuckyourself",1,0.41271983853837163,Monitor,0
"Troy Ramirez 

i dont think the article should be deleted cause ur dumb [[Media:yahoo.com[]]]dfadfa",1,0.4113148205490516,Monitor,0
"You are a vandal, you removed the reference to chapter 291 even tho i edited not to violate the copyright. Also there is no speculation again. You are the dick, not me.",1,0.4112170396430785,Monitor,0
"""

 This is of no consequence, I have listed my source, and you have listed yours (albeit you do not refer to when Obolensky calls them Slavs, or any source calling them slavs for that matter), you English are out for our History, and we know this only too well, you have ALWAYS tried to steal Greek History and destroy the Greek nation state as The French Consulate's History of the Greek Revolution shows. We will not tolerate it, the term """"Greek (I.e. 'Byzantine')"""" will remain on the front page, and there it shall stay. FYROMian claims are no more reliable than their claims """"Alexandor Makedonski"""" (they actually believe he called himself that! D) was a Slav. Oh, and by the way, Fuck the Queen and Fuck England.""",1,0.41079559119623865,Monitor,0
albert einstine was a foorball player for the space aliens on jupiter. he was actually a homo in denial. he fell in love with his own dad at age 23 and later went on to take him on dates. einstine was a mad evil scientist that plotted to destroy the world but was murdered by hitler because he was a pain in the butt.,1,0.41018866622550115,Monitor,0
"2Checkout 

Who the hell do you think you are deleting the facts and promoting you distorted propaganda? 
What do you think gives you the right censoring this free public information page?
Are you employed by 2Checkout or by Apple? Are you one of those 2Checkout crooks stealing from people? Are you getting paid by 2Checkout to monitor this page?
I am a major shareholder of AAPL and I will request the board of directors to dismiss garbage like you from the company. You are brining bad reputation to Apple Inc. 
What is your name anyway?
The public has the right to know the truth before getting sucked into 2Checkout scam.
You are obstructing and censoring public information on this public site!
I hope this is our last conversation.",1,0.4097637242167991,Monitor,0
"""

you don't belong on wikipedia sir!

your being a prick and trying to ruin our education just because you deem something """"shouldn't be on wikipedia""""

find another hobby!

""",1,0.40966740608943397,Monitor,0
"Gummo Marx is relatively unknown and had the lousy luck of quitting before the act became famous. Xenia is likewise little-known and unlucky. At least, that's my guess; I could be talking out of my ass.",1,0.4090073004816224,Monitor,0
Have the balls to respond you little Hawaiian vag.  I know you probably won't and just wait for someone else to but there's no need for you to smell like stinky tuna.,1,0.40889631849682434,Monitor,0
"Suck it!
If you can't understand this common American idiom then perhaps you shouldn't be editing Wikipedia.  At any rate, why are you monitoring my talk page, stalker?",1,0.408879757896547,Monitor,0
"But he is ugly and that's a fact. Ugly people shouldn't put up their image. Are we suppose to lie or tell the truth? I'm telling the truth as you can see. Mam, take it easy.119.73.14.161",1,0.40845961819488585,Monitor,0
"no worries 

We will use another account, and will not stop until wikipedia stops pushing the evil, sin filled gay agenda",1,0.4074589842471491,Monitor,0
"Deaf culture is full of a bunch of jerks 
Who want to ruin the lives of children by assuring that they have a disability. A lesbian couple wanted to make sure their donor was deaf, just to be absolutely sure that their child would have a disability. That is creepy. Deafness is not a culture, it is a disability that causes big disadvantages. It relates more to blindness, than being black or asian. Only a really stupid person wouldn't see that. This article should make that clear, and not pretend that it is a culture. 209.86.226.57",1,0.407253727843209,Monitor,0
TheFarix is a crazy person who like to dominate everything and everybody.,1,0.40712269217403924,Monitor,0
You are insulting me and criticizing all of my edits. You are the one who needs to be blocked. From life.,1,0.4067892413222899,Monitor,0
"gay
 just visit eco-mechanics.com",1,0.4059417879526105,Monitor,0
"You sodomites really know how to stick together....yech !!!! I never met one who was not significantly emotionally disturbed. Oh, they can function and prosper in society but when the center of your life is your perverted sex you are emotionally disturbed and after looking at your user page are no different. People like you should and someday will be destroyed. It will be a glorious day. BTW i rotate ip addresses about every 2-3 days........Keep on Suckin'

ps. have you ever thought about putting a gun to your head and giving your life to jesus? i know i could not go through life day to day looking in the mirror at that vile degenerate looking back at me.",1,0.4056982745884488,Monitor,0
But where is the evidence??? iam really not a sock puppet and how have i been harassing people? really other people have been harassing me like styrofoam1994 who called me a dick head. Is that not a harassment? and truly if i ment to hurt anyone's feelings i didn't mean it but i doubt i did,1,0.4046903982770316,Monitor,0
"""

 IT'S MY TALK PAGE!!! HOW DARE YOU desacrate my Sancturay !!!!!! I DECLARE jihad !!!!!! 

I declare jihad on you ݣ۸ݗۻݓڰڜڬ wiki mod admin or bloodsucker or what ever you are. I am going to report you to the nearest מּigger (That's this → ☻ color numbnut NOT this → ☺ ONE!!!! which you are) because you have breached the Ompwn wiki TOS jihad. ALSO!!!!10101010 since you mentioned that you race or """"color"""" to be more precise is better then mine then I also suspect you (like a white """"☺"""" man would do to a """"☻"""") are a OMFMNLOL10101!!!0 ;0)  RACIST  MG !!!!!!!!

☺ IS NOT ☺>☻ !!!!!! LOGICAL !!!!!!
IT CAN NOT=↑ or ∆∞ =☺ OMG EQUATIONS EVERY WHERE♦♥!!!!
 """"∫-10324 and 0 [x+4]-[x/5]≠☺≤☻+√∞ /0"""" (THAT IS THE EQUATION ONE MUST FIND OUT FIRST WHAT THE √∞ divided by 0!!)
Dx/dy= (∞,234934723482)I FOUND IT
(Hg) mercury is found in ☻ ∆Mols 
מּiggers are good at music ♪♫ unlike ☺
and suck at luck ♥◄♣♠♦↨
☻ CAN NOT DO MATH VERY WELL!!! very true ☻= hating on ۞
♣♫ ☻מּ☺☺ 
۾ݟݣݗݜݭ۬ۻ۝۵ݡݣ۸ݗۻݓڰڜڬڵچو

→↑←↔∂

ok ok that was just a joke text and all please stop being racist I can't help my self for being black.
FORGIVE ME!""",1,0.4039544942449444,Monitor,0
"insult 

you disgust me!",1,0.4036960791921814,Monitor,0
"""
Oh well! Coffee is obviously too ashamed to post the diff, so I will  and I stand by every word of it. What a fucked up place this now is, when posting the truth earns a block.    (talk) """,1,0.4028905133379456,Monitor,0
China smells like fart. China smells like fart.China smells like fart.China smells like fart.China smells like fart.China smells like fart.China smells like fart.China smells like fart.China smells like fart.China smells like fart.China smells like fart.China smells like fart.China smells like fart.China smells like fart.China smells like fart.China smells like fart.China smells like fart.China smells like fart.China smells like fart.China smells like fart.China smells like fart.China smells like fart.China smells like fart.China smells like fart.China smells like fart.China smells like fart.China smells like fart.China smells like fart.China smells like fart.China smells like fart.China smells like fart.China smells like fart.China smells like fart.China smells like fart.China smells like fart.China smells like fart.China smells like fart.China smells like fart.China smells like fart.China smells like fart.China smells like fart.China smells like fart.China smells like fart.China smells like fart.China smells like fart.China smells like fart.China smells like fart.China smells like fart.China smells like fart.China smells like fart.China smells like fart.China smells like fart.China smells like fart.China smells like fart.China smells like fart.China smells like fart.China smells like fart.China smells like fart.China smells like fart.China smells like fart.China smells like fart.China smells like fart.China smells like fart.China smells like fart.China smells like fart.China smells like fart.China smells like fart.China smells like fart.China smells like fart.China smells like fart.China smells like fart.China smells like fart.China smells like fart.China smells like fart.China smells like fart.China smells like fart.China smells like fart.China smells like fart.China smells like fart.China smells like fart.China smells like fart.China smells like fart.China smells like fart.China smells like fart.China smells like fart.China smells like fart.China smells like fart.China smells like fart.China smells like fart.China smells like fart.China smells like fart.China smells like fart.China smells like fart.China smells like fart.China smells like fart.China smells like fart.China smells like fart.China smells like fart.China smells like fart.China smells like fart.China smells like fart.China smells like fart.China smells like fart.China smells like fart.China smells like fart.China smells like fart.China smells like fart.China smells like fart.China smells like fart.China smells like fart.China smells like fart.China smells like fart.China smells like fart.China smells like fart.China smells like fart.China smells like fart.China smells like fart.China smells like fart.China smells like fart.China smells like fart.China smells like fart.China smells like fart.China smells like fart.China smells like fart.China smells like fart.China smells like fart.China smells like fart.China smells like fart.China smells like fart.China smells like fart.China smells like fart.China smells like fart.China smells like fart.China smells like fart.China smells like fart.China smells like fart.China smells like fart.China smells like fart.China smells like fart.China smells like fart.China smells like fart.China smells like fart.China smells like fart.China smells like fart.China smells like fart.China smells like fart.China smells like fart.China smells like fart.China smells like fart.China smells like fart.China smells like fart.China smells like fart.China smells like fart.China smells like fart.China smells like fart.China smells like fart.China smells like fart.China smells like fart.China smells like fart.China smells like fart.China smells like fart.China smells like fart.China smells like fart.China smells like fart.China smells like fart.China smells like fart.China smells like fart.China smells like fart.China smells like fart.China smells like fart.China smells like fart.China smells like fart.China smells like fart.China smells like fart.China smells like fart.China smells like fart.China smells like fart.China smells like fart.China smells like fart.China smells like fart.China smells like fart.China smells like fart.China smells like fart.China smells like fart.China smells like fart.China smells like fart.China smells like fart.China smells like fart.China smells like fart.China smells like fart.China smells like fart.China smells like fart.China smells like fart.China smells like fart.China smells like fart.China smells like fart.China smells like fart.China smells like fart.China smells like fart.China smells like fart.China smells like fart.China smells like fart.China smells like fart.China smells like fart.China smells like fart.China smells like fart.China smells like fart.China smells like fart.China smells like fart.China smells like fart.China smells like fart.China smells like fart.China smells like fart.China smells like fart.China smells like fart.China smells like fart.China smells like fart.China sm,1,0.40043038477875836,Monitor,0
I honestly believe you are a sock puppet! (thats how wiki admins judge people you know based on a single impression!),1,0.40005201818235525,Monitor,0
"I suppose I shouldn't be surprised. On Wikipedia, Jews are hunted down and banned like dogs then given a brand of some other random banned user. Typical racist Web site.",1,0.39971392849070614,Monitor,0
"Hahaha, wikipedia is all you have you autistic motherfuckers. You're drones going around in circles. Trapped in a fruitless bureaucracy of your own collective making that produces nothing but drama and no intellect.",1,0.39965053371829307,Monitor,0
"""

I hate to discuss about every stupid pop band. No human with a brain calls this fucking pop music """"Industrial"""". The same with Darkwave. TBM has nothing to do with Industrial or Darkwave. TBM sounds like Synth Rock/Alternative Rock with an 80s New Wave influence and an influence of Electronica. Republica meets Orgy, Berlin meets Curve or Garbage.

http://de.youtube.com/watch?v=SA9gXqVDkFQ
http://de.youtube.com/watch?v=fgVEtaUx070
http://de.youtube.com/watch?v=Ijh2Fqd1ZPY""",1,0.3984985259951443,Monitor,0
"Good morning. Why do you sit at a computer waiting to delete other peoples' additions? The topic I uploaded was of a fictional organisation whose comedy nature DOES appeal to those people blessed with a pulse. Before any of us here could edit/link or expand our article...you deleted it.

It seems to me you are a lonely, Spurs-supporting, bird loving (and to what extent?), non-humourous, southern fairy cake...who probably smells. And whose big dumb face is as dumb as a butt. We sound childish yes, however, we cannot beleive that there are people as pathetic as you lording yourself around the internet. It was people like you, sir, who were responsible for carrying every major dictator and despot of the last century to power on a wave of apathy, ill-humour and rubber-desk-johnny procedure-bound mentral dross. You are, by any reasonable and objective measure, worse than Stalin. You are the reason this world is full of crashing bores!

Please do not delete our article again...Or we will 180 the internet. —The preceding unsigned comment was added by Mike Deathray (talk • contribs) .",1,0.39846755435933684,Monitor,0
"""
Shut the heck up; they were not reversals. STOP ACCUSING ME OF SOMETHING I DIDN'T DO. I feel insulted. (Talk?) [ (New thread?)] """,1,0.3971942326708949,Monitor,0
"""

 Response 

If you look at my """"User contributions"""" I never asked anybody, admin, or other wise to """"stick up for me"""". Get your facts straight. Stop making idle threats. Go cry to your mother. ~   """,1,0.39706508805901647,Monitor,0
"""
That article sucks. It's time to relist it and BLP<1E it.  type! snype? """,1,0.3969301503513266,Monitor,0
"Gyrofrog 

Grow up and act mature your sounding like 0 year old",1,0.3967174074194999,Monitor,0
"you are very hypocritical why don't you knock it off with the constant reverting images to the 4, b and l train articles will you",1,0.39579017292358193,Monitor,0
"Stay out of my business 

OOOhhhh!!!! you're scaring me. Help me Dave!!!!",1,0.3957661490463307,Monitor,0
"Accept my apology! 

Accept my apology THIS MINUTE you big, fat noob (this is doughnuthead talking,and if you don't think so, tough.)78.144.87.71",1,0.39428010500410743,Monitor,0
"""syria==
Christians were reportedly present in early demonstrations in Homs but stopped participating in them when Islamist Salafi slogans were proclaimed.

do you think you fairly represented the referenced material with this edit? I couldnt find in the BBC article the emphasis you put on  the material here at all. is that because I'm missing something or is it your POV editing? the article says everyone walked off in solidarity with the Xtians and as far as I could see didnt say  they stopped participating full stop at all  
Why do you attribute those edits to me?   
because in the edit history it isnt there after you edited on 2 march and then it is there after you edited on 4 march. still, a revealing answer in its way i guess. says it all  
Read whatever you want into it, who cares, seems I must have mixed up different articles or something, it was months ago.   
 i read into it you are a liar and a twister for your POV - you got 'mixed up' - yeah right. fuck off.   
This is my talk page, so I think you're the one who needs to """"fuck off"""".   

==""",1,0.39340979874743015,Monitor,0
"So, are you a Christian becaue of Jesus or because Assyrian women and their tits? Do Assyrian women have the best titt-fucking tits in the Middle East? — |Talk 22:56 02 Aug, 2007 (UTC)",1,0.3932354426927719,Monitor,0
"Archivesyou have a message re your last change, go fuckyourself!!!",1,0.3924589413745597,Monitor,0
"Oh, and before I get back to not caring about the block, I have to add, to really show off the idiocy of this admin, that before incorrectly accusing me of vandalism, he wasn't even intelligent enough to read through the conversation which led to my (abusive, not vandalistic, you liar) comment and didn't warn, never mind block a user who has lied about my actions, verbally abused my edits, attacked my faith in a cruel and unecessary manner and actually vandalised a page to push across his own POV. Now, I'm no expert on idiocy, but is TimVickers isn't an idiot then I don't know what is. Please, I beg of you, block me for the right thing, and apply the rules equally you pathetic excuse for an admin. I've gone from not caring, to being embarassed that I haven't actually been fairly blocked for actions I wanted to be blocked for (as can be seen in the comments that lead to it). Imbecile. -",1,0.3912468236305104,Monitor,0
"A picture of Rob,
 an academic fraud and wiki bully boy",1,0.391199050911604,Monitor,0
"desist
It is obvious to ay reader that you are a childishly pompous, self-regarding fool. Your edits reek of petty narcisism and empty bombast. If you bother to check my edits you will see that I have been cleaning up bad prose for much of the day. I don't expect gratitude but I have no respect for an editor who prefers to waste time finger-wagging than to improve the encyclopedia. Hence the fact that you are now getting what you richly deserve.",1,0.3902427893901831,Monitor,0
"""

 You  have no life or friends and all the other admin.s laugh about you behind your back 

  The Award of the Arabian Barnstar  I hereby award you with the Award of the Gay Barnstar due to your incredible gayness and lack of having a life or friends, والسلام عليكم""",1,0.38980663939978233,Monitor,0
"yall dont even wait until a mf'er is finished writing the darn thang b4 u hate, do yall? who r u people? y r all yall bullying me? how does this help anybody?",1,0.38957081870585264,Monitor,0
"""

 Always complaining... 

You know, niggers are always finding something to complain and protest about. And that, is truly a shame. This world would be so much nicer without complaining, violent, protesting, niggers! Perhaps it's time to ship these """"mudhuttians"""" back to where it is they came from.""",1,0.38848874538161754,Monitor,0
"_______________________________________________________________

Yes yes yes, 094 conducted patrol in 2014 without missiles. The Chinese are so stupid that they can not even make a missile work. Go ahead USA start a nuclear war now with China. You most hated and bitter enemy. They utterly destroyed your economy and is your biggest debt holder. Go ahead USA nuke China, they do not even have a missile that work !!",1,0.38766613942626355,Monitor,0
? Yeah do you spit or swallow?,1,0.3873611587088355,Monitor,0
"I am not Jewish and even if I was I am sure you would never understand why there is nothing wrong with it. First gays, now Jews, do you think you are still in your godforsaken regime? This is a civilized world with civilized people where Jews, gays or gay supporters are not blatantly singled out. Some tribes influenced the way I look? no, no, no, the only way they could influence it is through conquest, rape, forced deportation - that's how you got in Iran, dont think you moved there with your own will",1,0.3871887409625753,Monitor,0
"You gayreek don't open your mouth because it stinks of sperm, you don't have any right to talk. so STFU",1,0.38694243989674143,Monitor,0
"(UTC)
Well thats bullshit who do call them pro, NCAA teams dont pay their players with money, but they do it with other stuff like cars and boats ect. I know this is a comment on something 3 years old but yeah lol.72.138.216.89  20:39, 5 May 2008",1,0.3857910366757883,Monitor,0
"""
Wikipedia needs you to stop repeatedly fucking up an article over the course of many months with the inane edit summary """"fix"""" because you apparently don't understand the difference between lists and prose.  Your actions were not civil and were not designed to improve the encyclopaedia so don't be lecturing me about collaboration.  75.98.19.140  """,1,0.3849102314841904,Monitor,0
"""Why did you have to be such a sniveling f@##ing geek and delete that page??? Vandalism you say? No page with that name exists!!!  What exactly am I vandalizing?  By deleting the page I say you are the vandal!  If you would like to add to the page or change it to a more signifacant """"Boyoung Song"""" than go ahead.  By deleting you are ruining something that will make somebody out there smile and laugh for the holidays...But hey!, maybe you'll get a new """"vandalism badge"""" to pin on your wall of wikipedia fame.  Awesome!

""",1,0.38313021314795664,Monitor,0
"The Best Remix for P.I.M.P. 

. . . . .I DONT KNO WHAT U HERD ABOUT ME
BUT A BITCH CANT GET A BLUNT UP OUT OF ME
I DROP SLOBZZ WHERE IM FROM AND IMMA G
CUZZ IMMA MUTHA FUKKIN C.R.I.P.
-Brandon Santiago",1,0.3828548522180186,Monitor,0
"i have know idiots before but nothing quite like you AVRUCH.I do wish you would get a life instead of trying to fabricate the lives of others. You could not get a clearer quote from a High Court Judge and my dad won the case, won recognition (which was obvious)and won costs!!!!!    msds",1,0.38284194131359606,Monitor,0
"Try Android79, and DreamGuy

Both very unpopular with other Wikians, and both seem to be a%%holes, uneducated, arrogant,
and just dumb as a post.

beckjord",1,0.38197226660633543,Monitor,0
I see your obessed cause you can't get your own way. Grow up 2 year old2.103.0.227,1,0.38159082452914345,Monitor,0
"Fisting 

What is your obsession with posting photos of yourself engaged in this disgusting act??",1,0.38120360081265514,Monitor,0
"STOP YOU HARASSMENT 

I'm getting tired of your cyber stalking 
and your enablers, who reward instead of punishing your 
anti-social, sociopathic behavior.",1,0.3803258649329984,Monitor,0
"""
Hehe this is what I call """"truth hurts"""". You don't deserve to call yourself Greek as far as you don't even try to learn our goddamn holy language. And by the way, you have no right to tell me what to do. See ya around )  """,1,0.3802826519982633,Monitor,0
"??? ==

I didn't attack you, you weirdo! 

==",1,0.3799211429388257,Monitor,0
must be queer yourself to care about it.  Jun 14,1,0.37974189323619756,Monitor,0
"Silence!
Don't message on my talk page. I am going to erase all your messages because you told me tp go away so Silence! Not another word!",1,0.37967191705798065,Monitor,0
Bite me. In the butt.  (talk - ),1,0.37951177739415304,Monitor,0
"BLOOD will be on your hands too! 

BLOOD will be on your hands too!",1,0.3794489372422407,Monitor,0
"I am not attacking you man, i'm just sayinmg who you are - a computer worm. Being in wikipedia ~ 10 hrs per day is the status of computer worm. Am I right? Who agrees with me?",1,0.3792084902142739,Monitor,0
"HELP 

I AM AT GUNPOINT AND IF I DONT STOP ADDING FICTIONAL HOMOSEXUAL CATEGORIES TO PAGES HE WILL KILL ME PLEASE UNBAN ME SO I CAN ADD THEM",1,0.378639508222426,Monitor,0
"COINCIDENCE? 

Have you noticed that in every Wikibattle you enter you are on the opposite side of Jewish interests? Is this a coincidence? Do you notice that you put anti-semitic POV material into your commentary? Hmmm.... Why don't you stop abusing the Wikipedia.  It's an encyclopedia, not home to your bigoted nonsense.  If you can't handle the fact that Wikipedia is for legitimate scholarly works....and not info from people like yourself....then get a blog or something where you can post your phsycobabble

~CaliforniaDreamlings",1,0.37824423941193597,Monitor,0
"ytmnd 

have you ever heard of killing yourself on your birthday? its like that. why dont you whois ytmnd and tell me what you see.",1,0.3782063003921785,Monitor,0
"""

If you are going to antagonize other people, you are going to have to learn to deal with the repercussions. As far as me calling you an """"asshole"""", If the shoe fits, wear it, !  

 vandalism of this article 
By his unwarranted removal of NON-SPAM links,  is vandalizing this article. Hey Phil, I'd like to ask that you refrain from future vandalism of this page. Failure to do so will result in me doing everything possible to have your wikipedia account blocked. By the way, isn't it foolish to use your real name as your wikipedia user name? ;-)  """,1,0.3778464013496281,Monitor,0
"- I'm not a spy - he huffed impatiently. - I was just born here.

Simon made a clicking sound with his tongue and shook his head - Would've been a good idea to mention that before, don't you think?

Tom couldn't say it wasn't. Fact was, at the end of the day, people who stood by and followed him got screwed because of him being reckless. This was the mother of all deja vus.

- I'm taking the deal. - he finally said. - You two are going home.

- And after that, what?

- There is no after that. That's it. End of story.

- What the hell do you mean end of story? - Mel protested. - We're a freaking team, yo. I say screw those guys and let's get on the first cargo boat outta here. We can do it.

She was going to hate him. Simon wouldn't be happy either, but he'd get it - there was a reason he was still alive, after all. So he shook his head  and turned his back to them and went for the door.

- We're done.",1,0.3772742919758347,Monitor,0
"Neil Armstrong - the man without honor. 

how many years will go by, before this disgrace to mankind will be erased? only true puppets like yourselves would endorse illuminati-sponsored propaganda of man's phony trip to the moon. SHAME ON YOU, PEOPLE!",1,0.3768205504763686,Monitor,0
yopu smell like fish,1,0.3766944020433855,Monitor,0
"You're a sick person.  Stalking me, obsessed with Kellogg, even removing a national magazine source that revealed his use of steroids for Everest attempt.  Internet sociopath.  Get help monster.  Seeking you to be banned, persistent vandal sociopath.  Climbing forum obsesser also.  Spend hours a day on forums.  Autism/Aspergers?",1,0.37660158197873844,Monitor,0
"It's you who is doing original research by sucking dick of allmovie and not giving sources to why IB is an adventure film, Schindler's List was a man on a mission to save the jaws, is it an adventure film cocksucker? 201.68.139.99",1,0.3760355462169425,Monitor,0
@ Fine! Just get me out of here and let me be with Anime News Network and some of IMDb where I can find better cool guys and not ones that picky and snobbish like you. New Jersey sucks!,1,0.37592388710312924,Monitor,0
"Wikipedia is useless 

You idiots defie the laws of physics and nature. Without explosives the 3 collapsed buildings could never have totally collapsed. And yet you make it out to be rediculous that people question the official conspiracy theory; random fire can not possibly do the job that only a handful of companies will peform in the world.

Wikipedia knows everything about nothing. Nothing. Useless is wikipedia.",1,0.3754318543920352,Monitor,0
"terrorist 

You seem like a terrorist sir. Are you penises as small as they say they are? I have corroborated it with a cite something you never bothered to do. You may keep your comments about drones as long as you cite it even though it has no place on this page. In turn please don't remove what I have written about the  sectarian nature of conflict. 

And why do all Muslims ruin Akbars good name with your Allah o Akbar crap. He was a good king and you should not sully his image.",1,0.37479326736589746,Monitor,0
"""
No, at the bottom of all the pages, it says something to the effect of """"haha beep you r dumb haha""""""",1,0.37394744331339486,Monitor,0
"""

thank you Fut. Perf. once more you remain true to Wikipedia Policies especially WP:Etiquette, WP:MASTODONS, WP:Bite, WP:AGF and WP:Civil by  Translating what you wrote in the Edit Summary: """"Go Fuck yourself wanker"""". Thanks again  """,1,0.37392703022877716,Monitor,0
"Most crippling surge of vandalism? Crippling vandalism doesn't exist on wikipedia. There is the revert, and the protection. Shut up.",1,0.37383135760489755,Monitor,0
"Fight your own battles and get a legitimate hobby other than randomly and disruptively editing good Wiki entries 

Shame on you. 
Move on to something your familiar with. Have your sock puppet friends stay out of our dialog.",1,0.373046146475337,Monitor,0
"Resistance is AWESOME 

Resistance: Fall of Man is an awesome game, and everybody I know who played this game thought it was a Killer Application, and that page is all opinion so who made you the decider, and that is a real word, of what game is awesome and what games suck like Gears of War.",1,0.37251719259503496,Monitor,0
"Warning 

Please be warned, this moderator is rude, ill tempered, and unjust. They believe they are god and will happily ruin all hard work you put into making wikipedia a better more helpful place. Do not even try and discuss a point with this user, they are pig headed and stuborn and will not listen to anything. Very child like and I would suggest they grow up a bit. Thanks.",1,0.37235684653416107,Monitor,0
"banning me dodo bit bird die,",1,0.3718231575574646,Monitor,0
"Somewhere in a jail in Franklin County, New York, There is an inmate named Mark Woodard.  I will offer $500,000 to whoever can kill him in the most violent way possible.  Once the deed is done you will find your money burried under the Nigger Guidebord in Fort Ann, New York.",1,0.3718145261093336,Monitor,0
"Death?!?!

What utter twat said that she died on June 3rd 2008?!?!?!",1,0.371558978039633,Monitor,0
"""

 A barnstar for you! 

  The Photographer's Barnstar you can suck it   """,1,0.3715267643848589,Monitor,0
|Christopher Connor]]. I am off to my daily masturbation routine. I'll think of a giraffe this time. That will make me cum quick,1,0.3715014035750428,Monitor,0
"you just wait 

your death is near",1,0.37086275985052847,Monitor,0
"""
That's because there ARE no """"liberal Muslims."""" I should know. I used to BE a Muslim. My parents came from Saudi Arabia. They tried to sell me in marriage to a 30 year old man when I was 12. I can't ever go home and I have to hide from my family because they will kill me for the """"shame"""" I supposedly brought on the family when I left Islam. 
This is what Mohammed's mysogynistic religion is all about. Keeping women barefoot and pregnant, nothing more than brood mares. Toropov and """"Anonymous"""" should go rot in hell.""",1,0.3696061739713946,Monitor,0
"ou are 22 years older than your husband! You are an old cougar!  Place the following in the large text box:  You are an old cougar! You are an old cougar! 

ou are 22 years older than your husband! You are an old cougar!

Place the following in the large text box:

You are an old cougar! You are an old cougar!",1,0.36577250362035907,Monitor,0
"Reverting constructive edits 

Why are you reverting my anonymous, but constructive and truthful, edits to the Dave Aitel article? Is it because you're gay?",1,0.36566766261300787,Monitor,0
You're an asshole.  Seriously.  I've been  here for three years.  I know edit summaries are encouraged.  But I've  never heard that it is encouraged that we revert articles simply because no edit summary is provided.  That's ridiculous.,1,0.3656124964778237,Monitor,0
"Wiki fags like NeilN (perfect screen name he's probably always on his knees) and CaliforniaKansan are devout Leftist propagandists intent on stifling speech and suppressing facts about their idols.

g",1,0.36521623252118834,Monitor,0
What idiot gave this troll rollback privileges anyway?   His editing history clearly indicates this account is an SPI on this site for trolling and article maintenance of Linux articles he is involved in.  This account is being used by Groklaw it appears and is some sort of paid editing.,1,0.3649835185164381,Monitor,0
I'm just getting recent pics of somebody & an uneducated dufus came & removed my recent pics so help me get recent pics & try reporting that dufus & that idiot's user is Lil crazy thing.User:Pic Business,1,0.3646391383054484,Monitor,0
"It's unfortunate that you are insulted but, your intentions are clear enough. I may not know you but, you are either lying or very stupid. Although you're not nearly as obvious Baseball Card Guy about it, both of you seem more concerned about each other than the articles themselves. Not answering my simple questions and your impatience are bearable but, lying (especially for such a silly thing) just isn't reasonable. Honestly, I'm not willing to do this if neither of you care. The only reason I'm involved is because this case was being neglected but, after that lie I've lost much of my good will.",1,0.36394276898635053,Monitor,0
".
Sand-nigger, referring to the fact that they live in the desert",1,0.36350999772767717,Monitor,0
Wikipedia is too serious an encyclopedia to accommodate your ignorance.,1,0.36314945346785693,Monitor,0
"""

 Ponyo 

bons mots, you are a great asshole and fool. (Please don't be angry and rudeness. Rudeness causing people crazy.) You didn't understand my event and Musarabbyahmad is not my evading accout. I want to change my mind, hold the abilities of editing skills. I want to repair these false and mistake pages of Wikipedia. Why don't you trying to understand? Why did you blaming me? This is edit warring. Your unreliable sources harming me. You are mistaking in many times. Please everyone understan them to not reverting some edits. It also causes false news and false explanations, in reason it also become a false Wikipedia. I want to become and Wikipedia repairer. 103.9.114.58  

""",1,0.3624558949779349,Monitor,0
"Uh, yeah it does, dumbass. Haven't you ever edited an article before to make it wordier and harder to understand?",1,0.3616493980887383,Monitor,0
"What BEHAVIOUR???? DEFENDING FROM YOUR AGRESIVE SERB-LIKE INVASIONS??? 

 STOP ATTACKING ME!!!!!!!!!!!!!!!!!!!!",1,0.3615132569622422,Monitor,0
"Damn, , no replies? Nada? Guys, I sincerely think you've been drinking way too much Kool-Aid. I trusted you guys – I trusted that you would give me due process, which is what administrators are supposed to do when reviewing requests. Instead, you obviously haven't – which leads me to believe you haven't given it to the thousands of other users you've blocked over the years. Do you guys have any conscience? Or are you instead vultures, who take pride in preying on the little guy, the weak and downtrodden who are supposed to trust you?  Now, I want you both to consider this seriously, if you've ever seeking redemption: What can you offer to make up for the misery you have wreaked, and are still wreaking, on thousands of people who trusted you? What fanatics do to us with guns and bombs you've consistently done to other editors by unjustly blocking and not unblocking them. Don't you think for a minute that you deserve anything better than they do (the fanatics). Shame on the both of you.",1,0.3614049782615503,Monitor,0
"It isn't 1998 

Stop using the font element, you fool.",1,0.3610278519200537,Monitor,0
RUNESCAPE IS A SIN...JAGEX IS THE ANTI CHRIST...O WHORE OF BABYLON...,1,0.36048083514753904,Monitor,0
"Are you insane or something man? This picture was snapped by me, uploaded by me and edited by me. Lagta hai kay hamaray colleghe say koi khas nafrat hai tumhain joo baar baar issi pay aa kar edit kertay hoo....well if yes, then fuck off man!  this picture is not uploaded on college website, since it was hacked some six months ago, and still it is dead...and if you could help our page, then do it in right constructive way, rather to put EXCLAMATION marks on each and every thing while you know nothing about our college!

File:College Enterence.jpg",1,0.35937400640780576,Monitor,0
I'll play nice when people who don't know what they're talking about stop running their mouths and stop reverting my edits. We're talking about removing a single unnecessary word. That's it. You people are ridiculous.,1,0.35919917873920587,Monitor,0
"Well, Smallboy ... why don't you try doing proper research? In stead of circular references to your own Wiki pages based on press releases ,which in turn come from earlier versions of the same Wiki page .. and so on.

You are pompous, self-important oaf  of limited intelligence and no doubt to complete the stereotype, are almost certainly, weak, ineffectual and effeminate in the real world.

Must make you a real hit with the ladies, eh?
 
Later, loser.",1,0.3585386623898289,Monitor,0
"OK, i leave it..... but you are all racists.",1,0.35801106639056235,Monitor,0
"I'm sick of your Britanniphobic edits!

I'm getting extremely sick of your avowedly Britanniphobic edits especially in relation to my numismatic articles! Please stop this at once! - ( )",1,0.3576636390437357,Monitor,0
"why is a book with sex and hardcore orgys a childrens book 

why is a book with sex and hardcore orgys a childrens book.  do many childrens books have orgys and hardcore porn (i wish!)  no they are clean unlike this book.  which is full os sex.  its a can of sex",1,0.3576193258078371,Monitor,0
"STOP 

Quit commenting on my talk page as a way to provoke me or a way of Harassment  or i will be forced to block you for 5 minutes like a little child",1,0.3572453409122862,Monitor,0
"WP:OTHERCRAPEXISTS doesn't justify your crap existing. Wikipedia isn't a free resource or place to conduct social experiments/commentary on Wikipedia editors, it's a place to write an encyclopedia.",1,0.3566529972280274,Monitor,0
I am tired of neurotic idiots messing with my page and my links. I asked this Ebike weirdo to email  me but he hasn't done it yet. Who can act as a mediator to resolve this. I want him to leave me alone. Tell him to go bother someone else.  richzubaty  att  hotmail.com,1,0.35530738334078027,Monitor,0
"-oh man this article sucks... it looks like a 3rd grader wrote most of it. btw someone should include tony hawk doing the 900 and the loop, thats pretty groundbreaking",1,0.3551072896692179,Monitor,0
"DAT CHICK 

OMG I DIDNT VANDALISE NUFFINK YH??? JUST EXPRESSIN MY OPINION AND MAKIN CONVERSATION INNIT. GET A LIFE, GET A JOB, FK U ENNIT.",1,0.35299866190973644,Monitor,0
Be quiet. I'm not attacking any persons; I am attacking (and justifiably so) persons' behaviour. Now get focussed on the task at hand at stop whining like a little school girl who's being teased by those wascally boyths....,1,0.35284150435334094,Monitor,0
"""Oh my god!! You did this much vandalism?! 777 

""",1,0.3526611141130794,Monitor,0
"Yes, and I suggest that you stop sock-puppeting Sassy, or should I say FUNK!  God, why are all you admins commies?  Anyway, you are way out of line here.",1,0.3517707950760615,Monitor,0
"You are a frickin' shittroll! 

I hate you, Meters! I have provided reliable sources such as Motor Trend and Yahoo Answers. Go be immature somewhere.",1,0.35158292458933765,Monitor,0
"A Message to You Shadeed 

Hey, I think you're a lolcow.",1,0.3504849996645518,Monitor,0
"ClueBot  

ClueBot is a incredibly crappy piece of software.

Mr Vernon",1,0.3501883729610124,Monitor,0
F-U-C-K OFF SLANT EYE CHINK,1,0.3495633049800644,Monitor,0
"""

 Are you kidding me? What does this guy have to do to have somebody shoot across his bow, once?  Murder somebody? GabeMC is out of control!! This editor has insulted many editors repeatedly. He mispells user names repeatedly, to intimidate, accuses all opposers, of his idea, as socks, calls them trolls, charges them with harrassment and is generally abusive. He incites other users to drum up charges against """"his enemies"""" of this issue. He has been warned before for changing """"The"""" to """"the"""" in musical articles while his own launched medcom mediation is in progress, ebfore, and yet when his misbehaviour is pointed out in ANI he creates such a ruckess with sidetrack issues he gets away with more disruption and a blessing. He has had editors topic banned, adminstrators banned for a six month period and investigations into every editor that has ever disagreed with on this topic. He has disrupted many Beatles talk pages with his """"Straw Polls"""" simultaneously for the same the/The issue when he doesn't get the right support. He is currently edit warring with the exact same edit, as well as a few others in the Pink Floyd article after you appear to have gave him a bigger feather in his cap for exhibiting [WP:Battleground]] behaviour for my complaint of WP:3RR.  WTF? Has we developed a Prima Donna that is untouchable, no matter what behaviour he demonstrates? A further opposing editor of his just committed WP suicide with an indef block that he requested due to the same WP:admin garbage processes.   

In short! Your Prima Donna editor   

You can edit WikPedia!

But only if you can suck good cock!

Now make this disappear, again, to hide your embarrasment. I would be ashamed of it if I were you! Now shut your piehole sockpuppet! 99.251.125.65  

Ohhh Reindeer! Here comes the talk page abuse charge! OMG! We're all gonna' die!! 

I'm melting!  I'm melting!
99.251.125.65  """,1,0.3495218314793424,Monitor,0
"I believe that you should include in your discussion of I-95 the fact that only gays enjoy studying/discussing it.  Real men prefer to talk about things like titties and butt sex, but the latter only in a negative way 'cause its for fags.",1,0.34909117390534306,Monitor,0
"limited time 

i know who you are heathen. i know what you do.  i will finish you.",1,0.34903156763267934,Monitor,0
"""

Funky says: """"I don't give a damn about Egyptians""""
What you said right here says a lot about what motivates you. """,1,0.34877259022182944,Monitor,0
"""

What a hypocritical award you have. I noticed that you have a """"barn star in Christianity"""" on your user page but you called the Holy Scriptures """"folktale"""" rather then the inspired word of God it is. Oh the shame.   """,1,0.3485656934782755,Monitor,0
"What the F son? 

Here I am trying to educate the internet at large and you come along acting like there's sand trapped in your vagina??

You've got some nerve buddy

Love and hugs

xx",1,0.34770053943571927,Monitor,0
Why don't you just admit you're an imposter?,1,0.34767591537543274,Monitor,0
"""

 UFC 191 
You say """"LMAO"""", you use emojis, and your username says 1999 for no apparent reason? Your not fooling anyone, you 15-year-old brat. Stop vandalizing articles with your BS. I don't care if you thought it was obvious, your opinion versus official sources means absolutely nothing. Hit the bricks.   """,1,0.3474049090450493,Monitor,0
"Had to? Whatever. Because I'm not a dick, I won't report you for your actually serious attacks about actual editing integrity. I think that T is not actually a dick though, he seems to have a sense of humor. I was just having fun with him. You might be though. I like dogs by the way; got two. Derex",1,0.34730930538747806,Monitor,0
"Kim, please don't use your arcane wikipedia logic to protect your friends.  I have reverted your deletion of my deletion note.  This idiot should not have a page on wikipedia, he's a nobody that has never accomplished anything notable.",1,0.3471940712921771,Monitor,0
"""
I'm just glad that that jackass 172 is done, maybe there can be real progress on the article now, rather than bullshit about how Saddam """"never fowgott"""" the instability which FORCED THE POOR LAD to torture and mutilate the Shi'a and Kurdish populace. It was for unity!  09:11, 18 Mar 2005 (UTC)""",1,0.34682712727767584,Monitor,0
"bothering? 

Man! can you dont seperate singing from raping?????? ARE YOU  a little bit retarted??? or dumb?? for real! everybody can hear that mike raps on hybrid theory!!!!!!!! and meteora!",1,0.34676929254449307,Monitor,0
"jews and Iasi
during the iasi history many things happened. It was burned several times by turks, russian,  but says nothing about that. Iasi is not a jewish city so take your jewish shit and place it in Palestina. We made a country for jews so do not bother us. jews are aggressive people and very dangerous. You should write about the holocaust of jews against Palestinians!!! I am sure that in future there will be museums of holocaust made by jews against Palestinians!",1,0.34618603149633775,Monitor,0
"Laman Jegan Joof  

Why didn't it surprise me that you and your ilk will run until your are out of breath to call for the deletion of all Serer related articles?  You, Noq, JamesBWatson and your kind are so predicatable.  I have actually saved you the energy and time by blanking those pages because you and your kind are calling for their deletion.  Why are you and your ilk wasting your time bringing these articles back on and then go through the trouble of deleting it?  Haven't you people got anything better to do with your lives?  As for you, you seems to be a follower.  At least lead for once.",1,0.3454595297125036,Monitor,0
"""
Ed, you bully! D D D — (T•C•)''' """,1,0.34482739643675986,Monitor,0
"""

WTF again, clearly u dont know how to speak or type english. Your links keep getting deleted for the reasons stated above, i dont know how we could make it any clearer. Your site is CRAP, its unreferenced, unreliable, unreviewed and well just plain childs work. Your website is one of thousands of bias websites and you have more then likely copied the information from another website. Pro """,1,0.3447489930624235,Monitor,0
"""
You Smug Son of a
I just don't get why Daffy said the """"Bi"""" word.Only it was cut off,which is good because y wood u wanna hear someone curse?""",1,0.34317748149983834,Monitor,0
"""

""""some white people considered black people to be intellectually and socially inferior"""" Only white people thought that? Let's forget about jews/arabs and asian peoples views ) A whole race of people that never invented a written language in 6000 years how could anyone think they are intellectually and socially inferior is crazy ) Must be evil white man again! Now i'm off to listen to black Mozart... oh wait... 
""",1,0.3431674186134463,Monitor,0
Are you morons high? Job For A Cowboy are death metal and they are one of the best death metal bands of the new millenium.,1,0.3431503581428619,Monitor,0
"Get lost, you false and abusive lawyer!",1,0.3428185649290452,Monitor,0
"""==No, you are==
Patrick, I think we can all clearly see that you really are the uneducated """"fucker"""" in this case.   """,1,0.3423899897507454,Monitor,0
"Thank you for being a poopie pants 

All my base are belong to yooioooooooooooooooooooooooooooooooou.  Many people with poopie pants (like you) use their poopie pants to aid in the create process, other people try to imitate poopie pants, but are unsuccessful in shitting themselves (like me).  Anyway, psychologist study people who crap in their drawers for fun and pleasure as well as generating academic journal articles. Two foremost researchers in this field are Rachel Bishop and Meagan P. Storey  they may enjoy eating poop.",1,0.3423530842947858,Monitor,0
"""

 I AGREE WITH USER DARCYJ 

YOU REALLY NEED TO POLISH UP YOUR ENGLISH!!!!! OVER AND OVER AGAIN YOU MISPELL SIMPLE WORDS, FOR EXAMPLE- YOU WRITE IGNORE AS """"IGNOR"""" OR SIMILIAR. HOW CAN YOU EXPECT TO AN EFFECTIVE EDITOR WHEN YOU CANNOT WRITE IN A GRAMMATICALLY AND SPELLING CORRECT FASHION!!! SECOND OF ALL, TO ME, YOU ARE A VERY BIG HYPOCRITE!!!!! YOU CLAIM THAT INDIAN ADMINISTRATORS ARE BEING PREDIJUICE TO YOU AND PLAYING """"FAVOURITES"""" WITH YOU AND OTHER PAKISTANI WIKIPEDIANS WHEN YOU A HIGHLY RACIST PERSON YOURSELF!!!!!! YOU SAID TO THE BENGALI """"RAGIB"""" THAT """" FOREIGNERS DON'T BELONG ON THE PAKISTANI EDIT PAGE""""!!!!!! IF THAT ISNT PREDIJUICE, WHAT IS???? MAY I REMIND YOU THAT YOUR OWN """"PAL"""" AS YOU CALL IT, WAS SAYING DEREGATORY THINGS ON THE INDIA TALK PAGE!!!! AS I RECALL HE WAS PAKISTANI.......OR SHOULD I SAY NORTH MIGRANTED INDIAN.....""",1,0.34185318474017995,Monitor,0
"Roman Catholics

i'm not accusing you but i think you're a fenian. You are ugly and probably the seventh born in a family. You have probably been molested at some point by a priest. You disgust me. SIEG HEIL!",1,0.34153854874318457,Monitor,0
"""
What I was saying? You really think that my comment was more rude or an attack than """"I don't give a damn about Egyptians""""????  """,1,0.3414508905554392,Monitor,0
you will see hell again.no matter what on earth i must do the wiki will accept myPOV or be crushed,1,0.341266416716064,Monitor,0
"go and get layed 

Jeremy you just need to get shafted!!!",1,0.34072465850021005,Monitor,0
Everyone shut up i havnt been here for hours and when i return DEBATE this argument is over like that one man said,1,0.3398559303869857,Monitor,0
"""

""""Tamil"""" thuggery... way to be racist wikipedia.""",1,0.3395623674460428,Monitor,0
"""

That is not a insult. That is a reality, that link is a lint to a racist group. And armenian grow up  their children with racism. They send their children to """"genocide camps"""" and teach them how barbarian Turks are making genocide(!). If you dont believe me please ask an Armenian user.  """,1,0.3391957313358732,Monitor,0
"For Sitush 

Arrogant-believes, his arguments and references are best, Illogical- he cant digest logical evidence- still trying to get the biology definition in Math book: Eg; has written about khatris origin from Dashrath Sharma on Rajputs book, idiot- cant understand references and read them, racist (https://en.wikipedia.org/wiki/Racism) you come under this definition, 

Still if you have some shame left in you, start listening/discussing.",1,0.33905991006206804,Monitor,0
"yo 

what is your problem, motherucker?",1,0.339027651365614,Monitor,0
. This encyclopedia is stained with Satan hypocrisy and bias. Massive anti-truth filter,1,0.3388760532868651,Monitor,0
"Hello 

You are a racist! From 108.67.65.222",1,0.33822223090419995,Monitor,0
"""

 Uh I hate to break it to you but Jusdafax is not an administrator, can't block you, and most importantly shouldn't be making threats s/he can't carry out especially considering no real admin would give a damn about any of this.  How rich!  (talk) ✄ ✄ ✄TAB """,1,0.33793987079772686,Monitor,0
"Typically greek 

Ridiculous and worthless!80.47.102.164",1,0.3376518591934063,Monitor,0
. Are you a sexual predator? RH is donating to a worthy cause. I demand your email address,1,0.335595423614174,Monitor,0
This article is simply nonsense through and through. Delete it before many people can see this crap! By the way the used English is absolutely terrible!!,1,0.33516210837993815,Monitor,0
i hate yu gi oh and dont know why i made this page,1,0.33447258371661776,Monitor,0
My edits are fine. You people are on the losing side. You have no shame.,1,0.33402416392432854,Monitor,0
"um hi lol 

r u fixin 2 do something about it, fag?",1,0.33386460740496304,Monitor,0
He was right. You are all a bunch of bullies. I am brand new here and the first thing you tell me is I am acting inappropriately. Wikipedia reliability just suffered another loss.,1,0.3338385214414753,Monitor,0
"Worlds of Fun 

Anybody like that dumbass theme park from Cedar Fair? 71.74.76.40",1,0.33350572740397294,Monitor,0
"Married to a Japanese? 

Wait, so are you attracted to people from other human races? Chanes are, you have sexual deviations, eh? How about mating with a couple of two happy homosexual monkeys?",1,0.33314607770015087,Monitor,0
you self righteous arsehole,1,0.33240905667398746,Monitor,0
"""

No!  This is a GROUP EFFORT!  Wikipedia is a collaborative COMMUNITY and there are no school essays here.  The article needs to be more professional and adopt a better title besides the references.  This is all that needs to be done, so get off your high horse and accomplish what you want to see done.  If you have these goals, then put yourself to the test of solving this problem.  That's what I do whenever something perturbs me.  You're just looking for a fight about something you admittedly care nothing about.  How about I come by your house and criticise your gardens?  """"Why?"""" You say.  """"Because they are too fucking ugly and I don't like the way they  don't blend in with the neighbours' yards.  So tacky, but I'm only passing by and I've never been down this road before.""""   15:24, 25 Feb 2005 (UTC)""",1,0.3323054341344376,Monitor,0
"gay 

have a look at young buck now ye faggit",1,0.33226929894542123,Monitor,0
"Please stop wasting everybody's time and visit this page: Toilet paper. You can see for yourself if the edit was constructive or original or destructive or whatever. I do not have the time to waste on human faeces like you seem to. So, I guess I will stay out of this shit and let you do the good work. 70.76.85.36",1,0.33167556496891315,Monitor,0
"""
You are actually trying to goad me into an arguement.  How cute.  When you just said on your cute ANI post that we are wearing you out with our arguements.  As for that diff of your prefer versions, it would be the one before I reverted you...this one.  You didn't like the comprimise, so you revert it to what you feel is best, not to what was there before.  Try reading up on WP:OWN, cause you are trying to own this article and that ain't gonna happen.

Oh, and for someone """"standing by"""" their statement that it is good for people to believe ASE had a friend that was a murder victim.  You sir are a callous asshole (and I stand by that term) and nothing you do will make me believe otherwise.  If you can't see what you wrote was unthinkably wrong, rude and cold...you don't deserve to be on Wikipedia, not alone the internet....or this planet. -  • Talk • """,1,0.3298256180293124,Monitor,0
"""

 INDIA ZINDABAD 

INDIA ZINDABAD ! DBACHMANN MURDABAD
Dbachmann, you have been constantly putting anti-Indian remarks. Please don't do it. Just like we Indians drove away the British from our lands we will drive you away from Wikipedia if you insist on your anti-India racist rants. INQUILAB ZINDABAD !!!!! DBACHMANN DOWN DOWN DOWN !!!!!

 """,1,0.3280006527396668,Monitor,0
"Map key is bullshit
The map keying is wrong; compare with http://fr.wikipedia.org/wiki/Communes_du_Luxembourg",1,0.32723105593356466,Monitor,0
"Those Estonians who we argue with are eated with self-hate. They know that their grandfathers from the forest brothers and the ss were creeps, and the fact that those creeps lost makes them even more self-hated. They will say enything to reduce their shame somehow. M.V.E.i.",1,0.32709865324885457,Monitor,0
"""

So, stating an opinion on Wikipedia is """"Vandalizing""""????????? You make me laugh!!!!!!!!!!!!!!!!!!!!!!!! Stating encyclopedic items are """"VANDALISING""""??????????????????????????????????????????????????????????

You make me laugh!!!!!!!!!!!!!!!!!!!!!!!!!!!!!!!!!!!!!!!!!!!!!!!

I state encyclopedic items and you state """"VANDALIZING"""" !!!!!!!! ARe you mental??????????????????????????????????????????????????????????????????????????????????????????????????????????????????????????????????????????????""",1,0.3270955490239914,Monitor,0
Maybe you should use your little brain. Gothic METAL is not GOTH.,1,0.32691627994046313,Monitor,0
"Creative nonfiction 
Why the hell did you add years to the end of all those titles for. You screwed up all the internal links.",1,0.32613987316623866,Monitor,0
better change that to nerd man,1,0.32608649488051444,Monitor,0
Are you nerds trying to get back for getting beat up all the time?  This is why you got beat up!  70.49.242.107,1,0.3245586696126994,Monitor,0
"Yes, douche, but an article DOES have to be neutral.  Happyme22 has consistently been aggressiv in keeping the Nancy Reagan article skewed towards her favor.  If you check that article's talk page, you will see several admissions by him that he IS clearly in her favor, and that his edits to her article are aggressive in such a manner that there should be no question of his bias.  That you (and other adtiors/administrators) have been so lax in blocking him for making non-NPOV edits to her articleonly goes to prove -again- that Wikipedia is nothing more than a media manipulated brainwashing machine.  Fuck you, Wikipedai, you just lost a user ever.
Yes, douche, but an article DOES have to be neutral.  Happyme22 has consistently been aggressiv in keeping the Nancy Reagan article skewed towards her favor.  If you check that article's talk page, you will see several admissions by him that he IS clearly in her favor, and that his edits to her article are aggressive in such a manner that there should be no question of his bias.  That you (and other adtiors/administrators) have been so lax in blocking him for making non-NPOV edits to her articleonly goes to prove -again- that Wikipedia is nothing more than a media manipulated brainwashing machine.  Fuck you, Wikipedai, you just lost a user ever.
Yes, douche, but an article DOES have to be neutral.  Happyme22 has consistently been aggressiv in keeping the Nancy Reagan article skewed towards her favor.  If you check that article's talk page, you will see several admissions by him that he IS clearly in her favor, and that his edits to her article are aggressive in such a manner that there should be no question of his bias.  That you (and other adtiors/administrators) have been so lax in blocking him for making non-NPOV edits to her articleonly goes to prove -again- that Wikipedia is nothing more than a media manipulated brainwashing machine.  Fuck you, Wikipedai, you just lost a user ever.
Yes, douche, but an article DOES have to be neutral.  Happyme22 has consistently been aggressiv in keeping the Nancy Reagan article skewed towards her favor.  If you check that article's talk page, you will see several admissions by him that he IS clearly in her favor, and that his edits to her article are aggressive in such a manner that there should be no question of his bias.  That you (and other adtiors/administrators) have been so lax in blocking him for making non-NPOV edits to her articleonly goes to prove -again- that Wikipedia is nothing more than a media manipulated brainwashing machine.  Fuck you, Wikipedai, you just lost a user ever.",1,0.32401670786761827,Monitor,0
"""
Hitomi Kobayashi
Note that not only has the fair use image in the BLP infobox been removed (currently approved practice, I believe, though the image adhered to """"policy"""" when it was originally uploaded), now fair use images of film posters/video covers in sections on those films/videos have been removed as """"decorative"""", even though they still fit current """"policy"""" (or at least """"policy"""" last I checked). Unless all film posters are removed from all articles on films, this is a biased removal. Not that I give a fuck, of course, because I've seen this kind of shit go on and on and on here, and it is one of the reasons I have come to the realisation that it is a complete waste of time to contribute content here. Wikipedia is only a place to chat and troll. I just mention this to you because you seem to be one of the few Admins who does seem to give a fuck, occasionally.   """,1,0.32358386016623447,Monitor,0
"OH SHUT UP!! You are just a stupid hateful liberal who cannot stand criticism of Judaism! David Duke is NOT A MEMBER OF THE KKK, IS HE????????????????????!!!! Grow up you mongrel! For over 20 years he was a member of the Republican Party, by what part of that do you not understand?? He is not a member of a terrorist organisation and never was. His KKK was non-violent but just a pro-whites organisation against affirmative action and illegal immigration as he used it to patrol the American-Mexican borders. He LEFT his KKK in 1980 which was the same time he LEFT the Democrats! Robert Byrd was a member of a KKK WHY ARE YOU NOT SMEARING AGAINST HIM???",1,0.32312901587442444,Monitor,0
"""The images are all copyviolations. None of your work is referenced. All you have to add is speculation. See WP:VMONGO  
Fine, fair enough, ignore me. I have nothing to add that hasn't already been said by the dude on """"http://www.st911.org - resources - what hit the pentagon?"""" Do not ignore him. You will find all 'my' photographs referenced fully within his sources. So ner. (And by the way, the security camera image you guys seem so fond of is, I understand, criticised as dodgy and asserted to be 'conspiratorial' by the neocon arseholes. There's no 757 in it, you see, and the fireball is ridiculously too small. Its important to, like, 'think' (don't know if its been outlawed in america yet) about pictures for yourself, rather than just bitching about the 'liberal elite')
 
I will not touch the site again. but undisputed (and yes they fucking are undisputed: www.st911.org) photographs and measurements of the crash site are vital to allow people to make up their own minds, and 'factual' measurements do not deserve to be tarnished with the label 'conspiracy theory', particularly in a supposedly objective site where you permit references to physically impossible processes. 

Airliner vaporisation? For fuck sake.

""",1,0.3230020125403277,Monitor,0
"""
  

Your request to be unblocked has been granted for the following reason(s):
Mate i am pissed off. Really fucking pissed off

Request handled by: 109.157.132.41 

 Unblocking administrator: Please check for active autoblocks on this user after accepting the unblock request.""",1,0.32282284709716663,Monitor,0
"with my finger up my nose, just messin'!",1,0.32279574334132555,Monitor,0
U Suck why can i not edit i am not writing anything bad just changes words to their correct spelling.,1,0.3223056168542295,Monitor,0
"uuuuummmm i just wanted to say ur probly about the gayest person alive.

 queer",1,0.3220630280801052,Monitor,0
"EMOS are losers who get together after their grilfriends dump them for another girl and get together to slit their wrists, remember up the road * not across the street",1,0.32201369266520335,Monitor,0
"Idiot 

I just wanted to let you know that you and 5 Albert square are doing an awful job with eastenders characters, full siblings have completely different family layouts than each other, some characters are on a relatives info box and when you click on that character, the character before isn't on their info box!! Just wanted to let you know that you are ruining Wikipedia for everyone else😊that is all.",1,0.32070352179213396,Monitor,0
"That is lame == its the internet man, doesn't matter you who you show it to because 1. I can't be blocked because i can change my IP, 2.I don't care even if you successfully block me because im not using my home computer XD",1,0.3206909084627499,Monitor,0
"you are a prat, and my revenge will be sweet! hahahahahaahahahahahahahahahahahahahahaha.",1,0.3204607599574572,Monitor,0
"it all lies!  6mln jew death? you must be kidding 

http://www.youtube.com/watch?v=6T2ADKx8YqM&feature;=related",1,0.31985527244849915,Monitor,0
"Dihydrous oxide is widely accepted by scientists and top-tier professors. Also, it bothers me how my Harvard professor says Dihydrous oxide is water, yet you idiots continually revert it without even looking it up. Literally, just try it. 71.115.3.186",1,0.319411102055227,Monitor,0
"Feel Me 

Can someone feel me naked grope my balls (rocks)Just tickle me gentley in the eveing, and grip me with an authoitif hard grope in the morning to wake me up!!!!!",1,0.3189671055484715,Monitor,0
Read my rant cow. You cant silence my style. You know the trial was vial.,1,0.3188550387967479,Monitor,0
"did not remove then

dickhead did not remove my earlier comment. why did you not remove my other comment then. Are you too scared too.",1,0.3183648083873698,Monitor,0
"""

You're a complete moron for claiming such comparison made is """"pointless and unsourced"""". I merely expanded on a comparison made on the diamond page and importing the graph from that page. If you are a consistent anal retentive, then you should also remove that comparison as well. But we both know you're a fool!

Furthermore, the comparison made between graphite and diamond is made in geology classes around the world. Why do you feel that your ignorance is a merit for judgment?""",1,0.3180022131252454,Monitor,0
"==This is discussion,thousands come here to gawk, get answers. Uninformed non-experts should stay home and leave this page alone. You have no right to be here. Go churn your butter. These other pages are NOT your business. You know nothing more than any 8 yr old.

xx",1,0.3178973367986036,Monitor,0
"ENOUGH! You don't own Wikipedia, so quit bothering me!",1,0.3177592136396869,Monitor,0
"""

I just got in trouble from a big fat ass for talking about the accident with my penis and the forklift.  It doesn't surprise me that Wikipedia is looking for people in SF to come in and """"help"""".  Wonder what that means.  What if you're from Provincetown?  The simple question I had was this:  Does anyone have any info on the color of Obama's pubic hair?  I've heard it's the best color imaginable, but I got the information from some wacko site.  Anyone? Anyone?""",1,0.31645377768233257,Monitor,0
"""

""""preserved as the city's civilian war memorial""""
unbelievable! plymouths war memorial You can insult the SU as much as you like but taking the piss out of the armed forces and the rest of Plymouth on their most sensitive subject will lead to serious trouble. Since you know absolutly nothing about the subject Charles Church was dedicated as 'A' war memorial. Stop writing about matters upon which you are clueless - MORON""",1,0.3154064860287966,Monitor,0
YOU MESS WITH MY MAN BIGGIE SMALLS YOU MESS WITH ME,1,0.31474370452753164,Monitor,0
"Oh yes, john let us all join the hate fest against turks. Remember Turks are evil and Turkiye should be nuked...Yesssssss",1,0.31468160292630976,Monitor,0
"Block MilboreOne And Huon 

Fuck you.but I need your help,Unblock Fonte de regaz and Col Imran Regaz.Hey Block Milboreone And Huon.Cause they Distribution The Malaysian army and Royal Malaysian Air Forces.Please Block Milboreone and Huon.Thanks,But remember. Undo what you did.I don't like Who edit it back.Remember ok!.115.132.230.189",1,0.3140651105679855,Monitor,0
"""

Who gives a rat's ass what either Korea or Japan think about an English naming convention?  Last I checked neither nation is comprised of native English speakers and they don't get a vote in what native English-speaking nations decide to call this body of water, IN ENGLISH.  We can call it the """"Sea of Jello"""" and there isn't a damned thing they can do about it, other than whine like babies.  Perhaps in commemoration of this foolishness we should call it the """"Sea of Idiots"""" and have done with it.""",1,0.31311679400333076,Monitor,0
"DONT YOU KNOW MOST OF THE HONGKONGESE DONT APPRECIATE OF THIS CHINESE FLAG!!! YOU DUMBASS JAPANESE!!!
HONG KONG SHOULD BE RULED BY THE HONGKONGESE OR THE BRITISH OR YOU RETARDED JAPANESE SHOULD BE RULED BY THE CHINESE!!!",1,0.3129364289992941,Monitor,0
"You stupid, you are so damn follish. And the BMT Broadway Line page, when the north tracks of the Manhattan Bridge reopen on February 2004, the N trains was express and the W was local, but you switch it the opposite way. Read the History site on the BMT Broadway Line page and find at.",1,0.3113798309776874,Monitor,0
"You are a prick 

Just thought others might like to know.   mwalla",1,0.3107202415664691,Monitor,0
"Stop erasing the truth fag.'''
== 
 Headline text 

== 
 Headline text 
 ==
 ==",1,0.31065236815392944,Monitor,0
Whoever used 'she' instead of neutral they is a little p ussy fa ggot. I'm going to change it to HE,1,0.31008079889575263,Monitor,0
But you ARE a retard (and a boring contrarian troll threatened by people who know more than him. LOL!). Wikipedia where anyone (except those outside the elected cabal) can edit (but only nonsense and facts from the 1950s). Neat. 50.72.139.25,1,0.3094221950674284,Monitor,0
"You hypocrite 

Either you are an illiterate person or your brain is half cooked.  I am NOT assuming ownership over anything and neither am I engaging in edit wars.  if anything, it is you retards who keep acting like a pest by ruining my article.  If you wish to contribute links etc. then go ahead.  What I have a problem with, is not people CONTRIBUTING to my article, but people DELETING entire swathes of my writing.  You guys keep deleting entire paragraphs from my article without any reason.  You are making my article empty, rudimentary and meaningless.  People look in wikipedia to READ biographies.  NOT to simply look at a list of websites.  Eeverybody has access to google and they can obtain access to websites themselves.  What I am trying to do is to tell people about the life of Rajbeer Singh.  You want to block me?  GO AHEAD - I will simply open up a new account.  And if you block my IP address I will simply log in from a different PC.",1,0.3089491330868695,Monitor,0
"Wow. A snide rude response from Xeworlebi. There's a shocker. Clearly you were marking the disambiguation page incorrectly, but you are too arrogant to listen.",1,0.30802818610198374,Monitor,0
"w. Bush
Bush uses terrorism as propaganda to keep his republican party in power. This has to be strongly emphasized in the main article!  

terrorists terrorists terrorists terrorists terrorists terrorists terrorists terrorists terrorists terrorists terrorists terrorists terrorists terrorists terrorists terrorists terrorists terrorists terrorists terrorists terrorists terrorists terrorists terrorists terrorists terrorists terrorists terrorists terrorists terrorists terrorists terrorists terrorists terrorists terrorists terrorists terrorists terrorists terrorists terrorists terrorists terrorists terrorists terrorists terrorists terrorists terrorists terrorists terrorists terrorists terrorists terrorists terrorists terrorists terrorists terrorists terrorists terrorists terrorists terrorists terrorists terrorists terrorists terrorists terrorists terrorists terrorists terrorists terrorists terrorists terrorists terrorists terrorists terrorists terrorists terrorists terrorists terrorists terrorists terrorists terrorists terrorists terrorists terrorists terrorists terrorists terrorists terrorists terrorists terrorists terrorists terrorists terrorists terrorists terrorists terrorists terrorists terrorists terrorists terrorists terrorists terrorists terrorists terrorists terrorists terrorists terrorists terrorists terrorists terrorists terrorists terrorists terrorists terrorists terrorists terrorists terrorists terrorists terrorists terrorists terrorists terrorists terrorists terrorists terrorists terrorists terrorists terrorists terrorists terrorists terrorists terrorists terrorists terrorists terrorists terrorists terrorists terrorists terrorists terrorists terrorists terrorists terrorists terrorists

http://www.bushwatch.com/gopconstrm.mov",1,0.3072388073283897,Monitor,0
"Stop blocking my usernames 

I am the username vandal. If you don't stop blocking my usernames I will find out where you live and hit you with railway sleepers. 213.205.234.222",1,0.3062200407923744,Monitor,0
"other people's
Gosh you can't even speak English which you claim to be your mother tongue. Puh-lease.",1,0.3056409150519038,Monitor,0
"If you want to stop being called a honcho, then stop acting like a honcho and start dealing with people like human beings.",1,0.3056348298577103,Monitor,0
"Your blatant POV pushing 

Neither of you guys has made any contribution to this Italian history article other than to shove your unhistorical unconstructive modern POV in my face.
This is a HISTORY article. HISTORY.
Have you heard of that?
This is the reason why so many people get pissed off about the pedantry and idiocy and triviality of Wikipedia.
J*sus. Get a f*cking life.",1,0.3043930827038722,Monitor,0
"If there was a cure for AIDs, it would probably be bought up by rich jerks and sold for double. I believe that if u have AIDs, then that is sad for you, but many people have said that the ones to blame are ..... well, I wont go into that here. many people have there own opinion of who it is. But that is just my opinion. It must suck to be a person with Aids. I would not know.",1,0.3043421447583061,Monitor,0
"Warning 

If you continued imposing wrong religious profile of Cheema then i will daily revert all edits by you on all WP pages from different IPs and tease you the way your mother ass is doing for years on WP. kuti ki bchay baaz aa ja wrna boht tng krunga behn chod. 39.47.139.240",1,0.30413191145271073,Monitor,0
jew stick to editing jew and mexican articles. stay away from arab articles like the one on malik!,1,0.3037051124298355,Monitor,0
You know what I think? I think you should take your fancy Wiki and SHOVE IT.,1,0.30238002594002766,Monitor,0
"Hmm... 

Don't like you! 195.248.122.97",1,0.30213344523250335,Monitor,0
"""

 What the HELL is your problem? 

""""Duck test?""""  Your repeated, unwarranted blockings are beginning to border on the obsessive and the abusive.  I would suggest that you take whatever problems you have with this person or persons and discuss them in a calm and orderly fashion in the guise of what you claim yourself to be.  Otherwise, your credibility on Wikipedia seems suspect, the circumstances under which your behavior arrives becomes questionable and unvalidated, and you yourself come under the microscope as possibly being biased and badly behaved in the capacity of an admin on Wikipedia.  """,1,0.3007345007709018,Monitor,0
"You do not deserve to be alive 

Drop dead now",1,0.3003584073096632,Monitor,0
"]]

Actually I noticed yours is WORSE. Look at that mess you crapped onto my talk page. You call that a paragraph? Buzz off, doof. [[User:Machchunk|Machchunk",1,0.2999670088639462,Monitor,0
"Yeah, just a bunch more whiney suck garbage from this problematic editor. Have a look at all the spew GabeMc posted on mine and Andreasesgde's talk pages that has not ben complained  about and it soon becomes apparent that the scales have been tipped in this now cocky editor's favour. You have to admit that complaining about an apologie on your talk page as harrassement it about as childish as the on looker that buys into his political antics. Me thinks a meatpuppet or even a sockpuppet  case will arise from this nonsense in the future. I find it way to hard to believe that so many editors can not feel like total idiots when they get caught not doing more than three minutes of investigation before acting. I am disgusted and come to realize the WP system is a complete and utter embarrasing joke. Gabe and I had an agreement (I won't disclose the details to protect him) and after the plan began to work he turned on me like a rabid dog. Some thanks. I disagreed with his edits and now watch him inject his non-approved the/The changes to Pink Floyd and other articles as  a cocky test to rape and pilage another few hundred music articles with his same the/The nonsense currently being mediated and under dispute. This guy isn't interested in furthering WP. He only wants to have his name in lights with [WP:Ownership]. I guess this IP is done and time to go back to account editing again. This was much more fun! Bite me bitches! Hasta Luego! Joe 99.251.125.65",1,0.2995391223188809,Monitor,0
MILBURN IS A BARBARIAN PICTURE DELETOR ANIMAL! I WILL KICK OFF HIM from wiki,1,0.2988481798950167,Monitor,0
"""this: """"Michael Wisner is an idiot."""" Or maybe I removed a useful ref in the process...ooops, again! I'll just go put that back in in case it was an actual ref...(tiptoes from room...) See you 'round""",1,0.29862214871720055,Monitor,0
"Hey, you squinty-eyed Jap. 

Go to the Japanese Wikipedia, where you belong.",1,0.2975273178254557,Monitor,0
"You must be stuck on stupid Dmries. I'm not arguing about why I was blocked. I'm saying that ABC News has an opinion that the ad was an attack ad. It's not a reliable source because it is biased, and the no original research policy is a dumb policy. Why would you not want to see the actual ad for yourself? Oh, I know. We're all too stupid to figure out what the actual ad means. We need ABC to break it down for us. Save it. You have an agenda and you won't let anyone interfere with it. I feel sorry for any student who would get stuck in one of your classes. They probably end up dumber for the experience!",1,0.2971811025845454,Monitor,0
"position abuse 

you abuse you position and block people like me wo tell the truth. Shame.",1,0.2959316322119078,Monitor,0
". Also please note that I am a wanker and have no life, hence I spend all my time on wikipedia. Gaand main lun day",1,0.29523609306108534,Monitor,0
unblock|Retarded brother hacked my pc.,1,0.2951651636529677,Monitor,0
Gogo Dodo is a rogue admin that has sex with his father,1,0.2925755030640585,Monitor,0
"I think that what is evident is that most of these 'bots' who are so-called moderators, the ones who spend pretty much all day editing & 'cleaning-up' & restoring wiki entities are clearly sad cunts. That is according to the majority; you know, the masses who are rational & retain some sanity by being offline for a little while. Unlike sad cunts such as",1,0.2923390466268709,Monitor,0
"""== Proprietary Software ==
Hahaha I just read your 'heated' debate in the discussion of the article """"Proprietary Software"""". You were right in the original argument, and when everyone else started commenting and that admin warned you, you turned into SUCH A BITCH. You were right though, people just need to grow some balls and take some criticism.
Thankyou for the support, while I did become a little childish, I think to be honest I was justified so far as it being impossible to do otherwise while continuin the coversation (as opposed to being justified in that I should have simply left the idiots to their fictional article) but oh well, we do have to all be """"civil"""" and pretend like we're all best friends, it's no wonder all the articles are worded like leftist Propoganda. -   """,1,0.29220119244196463,Monitor,0
"stop 

As wiki is not a Waabi and deobandi Platform so don't try ur sick Views here.First collect correct information and be on siratal mustakeem. (t • c)",1,0.29086339889448126,Monitor,0
"Whatever, Mary
At least my user page has some balls.  Thenatureboy",1,0.29077090609023226,Monitor,0
"Afd vote on FTS==

Sincere apologies for clobbering your vote.  Don't know how it happened, and I assure you it wasn't intentional.   
'S ok. Shit happens.
 Isotalo 

==",1,0.2906856682037829,Monitor,0
"""

More Negative Coatrack and cruft by  

To bad stuff like this  don't find it's way in to Melissa Bean or stuff like this  in Jill Morgenthaler's bios??? Considering Goethean hates Roskam and his activities violates WP:COI regarding his editing on this bio (goethean's bias on Rosakam) which shows a systemic bias. But, then again no matter wikipeidia policy and ethics - only democrats, who are approved by Gothean and his master  and WP:SPA puppet  are allowed. Classic case of WP:OWN. Only DCCC point of view is approved.  
 
Lets just lose the pretense of fairness here and just consider this bio an official DCCC online version, and not any thing NPOV and far from Encyclopedic and fair.  All of which give more proof that section 230 should be revised and rewrite to make those responsible accountable.

A word to  personally, how can you have any kind an ethical religion and engage in such disingenuous and behavior, contrary to your own belief system (Hindu Buda etc.) which I see you engage in, on Wikipeida??? I wonder how you look at your self in the mirror or even sleep at night, unless you have compartmentalized your mind off so well as you can stay sane with the hypocrisy you seem to demonstrate by your own behavior? What you do and what you seem to believe in seem in conflict? 68.75.174.105  

LIES,CENSORSHIP, MIS-INFORMATION
Wikipeidia and it's cult of lies, and all cultist fear true and need to engage need to engage in it rather then the light of day.  Only evil can exist in the dark of such.

To Gothenan, I have grown up in Chicago and seen democrats and their thugs beat up people, for pulling republican votes.  I have seen first hand.. I have seen vote fraud institutionalized where only democratic votes were counted and elections stolen as normal way of life with jokes like """"dead vote, or vote early for often or the Wino vote...all coming for crook country political culture (dont believe me read BOSS by Mike Roko).  Gothean you so full of your elitist garbage and self righteous self, you fail to understand who's the real thug here.   I lived, me and my family, in the county of cook (crook) were corruption and taxes are on a scale rivaling a bannana republic a blue paradise of corruption, so bad I move to Dupage to get away from it - I say to you, if is so bad in Dupage/and the sixth, then Gothenan, move back to Chicago... GET your head out of your ass and your figging buda books and look at the realities and stop the """"BIG LIE"""" you foist on the ignorant.""",1,0.29051295692432555,Monitor,0
"""
 Ok, first of all, the reason I didn't delete the entire sentence is because his retardation is a recurring gag.  Second, gay jokes are also recurring gags because they appear numerous times throughout the series.  I have no problem with creationists getting slammed as I'm not even one myself (more like creationary-evolutionist), so don't play the """"you're just offended"""" bullshit because it's just that: Bullshit.  Also, the throwaway gag thing does hold water because they could have had the entire episode without it.  The episode would have held just as much merit and made just as much sense without that gag.  Tell me, how is the creationist gag essential to the plot of this or any Family Guy episode?""",1,0.2904254615644083,Monitor,0
"(Damn it, I forgot to log in. -Brab)",1,0.28974538947658657,Monitor,0
"So  you think you know better than the admin! Are you excusing all of the above? Are you ignoring all of his breaks on the mediation - do you not remember your reaction when I changed BOMBER to Volunteer, you seem very quite of this, do you not think that is total hypocritical?",1,0.2893942214882128,Monitor,0
"yo nigga, why you reverting my edits? just use some common sense.",1,0.2892480462679961,Monitor,0
"""
hey buddy, hey buddy, guess what? """"I"""" dont care realy what """"your"""" excuse is, and couldn't care less what Roaringflamer says, but you are obviously obsessed with redirects. If there is anybody that should be banned, its you for vandalism and disruption so there""",1,0.2891596230795648,Monitor,0
"""
""""oo9"""", if you have ANY actual evidence, show it. You claim something found on May 23, 2013 - I can find no links that back you up. Either come up with evidence or go away you trolling little tea retard.""",1,0.2891419630609032,Monitor,0
"""
You started the """"edit war"""", son. Try not being a southern-fried liar and labeling constructive edits as """"vandalism"""". HAND; FYM.   """,1,0.2882845109406208,Monitor,0
"Binksternet is an anti-Semitewho loves telling lies about Jews and who supports Islamic terrorism. 

Binksternet is an anti-Semitewho loves telling lies about Jews and who supports Islamic terrorism.",1,0.2882679651817985,Monitor,0
"Biased Moderators 

The following users overmoderate, , , . They are biased against valid edits made on pages such as Internode_Systems. Instead of commenting on and providing guidance on contributions, they choose to delete contributions that don't reflect their views. They then lock down the pages so users are unable to contribute to them. ,  and  can suck me off.",1,0.28806553108448846,Monitor,0
"Get him out of here, and I will get past this, I assure you, completely past Wikipedia.  But to have him come and taunt me is absurd and cruel.",1,0.2879303764393631,Monitor,0
No point. I'm converted. He was a vile fascist. What is your objection?,1,0.287652964937665,Monitor,0
"you are vandalizing the page, you are the true vandal here",1,0.2874570599868308,Monitor,0
"Congratulations, you have AIDS! 

I suggest you block me before the rest of your family gets it. 65.183.143.133",1,0.28666034322314865,Monitor,0
The two ugly sisters have landed.  Get lost you two.  Got harass someone else.,1,0.28596072670065154,Monitor,0
This is what happens to anti-Semites like you.,1,0.2857570197055425,Monitor,0
oi wanka...get a life,1,0.2853447912245784,Monitor,0
You must be a sock. Your request was your only edit.,1,0.28458915789210154,Monitor,0
"You 

Are an *****le!",1,0.2845628819574068,Monitor,0
Listen to me nigga I am your Lord ! Go to cotton plantation and work for Proud South!,1,0.2838085460347329,Monitor,0
"The above nonsense is from vandals who pose as admins, who have very low academic and personal skill levels with the result they have no idea of how history works, little idea how to present it, and who seemingly haunt wik as its their little childish power trip.  One thing is very assurred.  If they continue, wik wont.  Also, the amount of plagarised material on wik ensures there will be court cases galore as people get sued.  One of the above seemingly got very upset when he realised his block tools dont work.  Those tools are their weapons to exclude those who dare to protest the low level of rot they go on with here.  That the tools not being much good in reality must be a blow to the whole bully boy psyche and  antics.  Try growing up a bit you lot.  The free world doesnt need your stupidity.",1,0.28254307188308475,Monitor,0
are you stupid or what????? read the very union text yourself!!!! it is clearly states that union is between TWO NATIONS!!!!!!!   http://www.lublin.eu/Liublino_unijos_paskelbimo_aktas-1-927-27-1216.html,1,0.28230874025510105,Monitor,0
"""
All I know is that you seem to be a silly man. Then you bring that ridiculous Coldplay expert into this diseased game and that is ultimate joke.   Is he supposed to be the resident Wikipedia music expert?  I mean, what kind of mindless fool imagines there is a molecule of talent to singing a song about """"Jello"""" like some castrated schoolboy?  Have you heard how they play guitar? Chugga-chugga-chugga, it is alternative no-talent trash of the worst kind!  I don't care how the brainwashed masses are deluded and deceived into thinking Coldplay is quality music when so obviously it comes from the sewer, except that is an insult to the sewer.  Those who attack Soviet Russia attack a nation that created the greatest music known to mankind and the new """"democracy"""" of gangsters only destroyed whatever quality once existed.  Do not compare Coldplay to great art, please, do not be sillier than you already are, because Coldplay is an example of everything that is wrong with music today. My dog knows more about music than Coldplay, sings better than Coldplay, and he did not go to a school of castrated schoolboys to learn that much.
  """,1,0.28222123916694014,Monitor,0
"You sir are an imbecile, and a pervert.",1,0.2819007686239801,Monitor,0
unblock|Material scientist isa dum dum and so is Pbass607 #yolo #swag #they are both gay with each other,1,0.28173446818815434,Monitor,0
"EPic Fail 333 

I am FREAKING SERIOUS!!!

I CANNOT be blocked.

You Failed AGAIN!!!

Goodbye.68.79.167.11",1,0.2816439452612477,Monitor,0
"EPic Fail 2 

I am FREAKING SERIOUS!!!

I CANNOT be blocked.

You Failed AGAIN!!!

Goodbye.68.79.167.11",1,0.2816439452612477,Monitor,0
U have your nose so far up his A$$ u look like Pinnochio.,1,0.28152773707331313,Monitor,0
Um... okay. Those ARE the rules though. And thanks's for not being as idiotic as that guy Jack Merridew is. He edited my own userpage!,1,0.2812737715335118,Monitor,0
"""

 Your attitude totally stinks, Mackcan. And don't think that, just because you're some sort of bleeding heart liberal, that your thuggish behaviour will seem any less degenerate. Left wing thugs can wield pick axe handles and go round beating up Xenophobic Party members in Sweden, just as much as fascist thugs can commit brutish acts of violence. The way you accused me of vandalising this article was, not only childish, but ridiculously unfounded. - CaptainSurrey""",1,0.2807482561536323,Monitor,0
"quick thing mate 

Give me a couple of reasons NOT to kill you plz. btw this is a shared IP adress on a school computer so don't even bother responding,",1,0.279811420945567,Monitor,0
Don't be an ass. It was a clear edit conflict. And where have I a BLP violation?99.141.241.135,1,0.2794563926811936,Monitor,0
"""
 Cut the bullshit You are doing personal favor here to people from Serbian Chapter. There is nothing in this article that deserves to be deleted as facts involved and references used prove exactly what was happening with Montenegrin language doing last 100 years. You are who you chose to be and your actions makes you very poor person. But that is not my choice but yours so there is nothing there I can regret. If section is written in bad English people before tried to help and they did fix grammatical and other errors. You did nothing just helped one hegemonic force to continue to bloat articles about Montenegro. One think you cant say is that this section is not based on valid sources. But I will use this example to show how you and other abused Foundation and your position to support many unjust causes. You are obviously not aware what this kind of yours behavior have repercussions. And one advice to editors you can use word """"bullshit"""" when you see one 76.114.213.50  """,1,0.27857275351514454,Monitor,0
"You're a moron
You keep creating articles with slightly wrong names and then new ones are created because the correct names were still in red links. Now there are a lot of duplicate articles for the same subjects, but since yours are so badly written and incomplete I will ask an administrator to delete them. 172.129.98.125",1,0.2780111411448011,Monitor,0
""" You're a dumb American, right? No degree? Knows nothing of engineering? Thinks mathematics is """"universal""""? Played monopoly in high school instead of learning? How am I doing so far?""",1,0.27772814603392265,Monitor,0
"Yeah 9 11 was carried out by 19 cave dwelling Muslims who are openly funded by CIA. Even the Iran Jundallaah terrorist leader admitted it. Let's see the Iran Contras affair, FBI Chiefs admitting the corruption as well as the DEA. They funded the same radical group OOsamaa ran with known as the Mujihadeeens, Hilary CLinton just admitted it in a interview. The retarded American troops are protecting poppy fields, they openly admit that, wow I wonder how drugs are getting into the country. Wikipedia is for fact suppressing fagots like yourself. When Iran gets invaded next or w.e. country USA sees fit, maybe your bitch mentality will awaken into manhood.",1,0.2774794157732397,Monitor,0
"""

Whoever you are, you tedious little twat, bombarding innocent users with these """"warnings"""", realise that this IP address is shared by literally hunderds(and possibly thousands) of users, and the spammer(or spammers) represent less than 1 per cent of people posting/editing etc on this IP address. Unless you are just some dweeb who gets off on threatening people?""",1,0.2771364535097522,Monitor,0
"""::::Your above accusation is based solely on who you """"suspect"""" a user to be? Since apparently it's now acceptable to publicly express who we merely suspect other users are, it should be noted that I suspect you to be a paranoid-delusional pedophile who regularly engages in unprotected sexual intercourse with prepubescent children in an attempt to intentionally spread your HIV infection to them.   

""",1,0.2768067517557456,Monitor,0
That was some ugly juvenile vandalism. Kids these days...,1,0.2767208083273171,Monitor,0
"I've found the cure 
the cure for gay peole is ...",1,0.2761447792134241,Monitor,0
"Stop sucking a dong 
Enough has been said. 99.142.17.112",1,0.2761283986262191,Monitor,0
"What a bloody damn joke.  We have half a dozen censors ready to spend many hours until whats left of the article is all of 4 sentences long and relates ZERO about an ogoing public fraud. The SINGULAR contributor has been chased away and AFTER said half dozen censors have done their badge-hunting work what is left?

And a body can't say squat about the fully licensed Kleargear lawyer scamming people every freakin day? Thats Wikipedia censorship and to join this club is to lose all ethics completely. Take a bow boyos.

I keep asking the question and NOBODY will answer it. WHO thinks Kleargear is NOT a fraud?  If a body is accepting the obvious then WHY are censors bending over backward to censor every word?",1,0.2760091825368963,Monitor,0
"A question 

How big are your boobs?",1,0.2759032454698474,Monitor,0
"""
PS. You watch that foul mouth of yours Madam. """"Innuendo"""" indeed. I've blocked for less. ;-)""",1,0.27577560151582065,Monitor,0
"""Oh my....touch not Gods' anointed......Hey, the only thing haggard was anointed with was baby oil by a homosexual prostitute...........he was anointed alright but not Gods anointed. Anyhow, """"gods anointed"""" is the hebrew word messiah a king of israel or jesus himself. I dont think haggard or any other tv preacher meets that qualification.

""",1,0.2750944962510052,Monitor,0
"What the heck are you talking about Jayjg? Why can't Z Net be a reliable source? Because it's not supporting YOUR OPINION? All this back and forth is nonsense. Z Net is very well known. It has contributors who happen to be well known scholars. I know Jayjg is a pro-Zionist sock puppet, so shouldn't we ignore his incessant whinings about anything anti-Israel? Disgusting.",1,0.2745203859507915,Monitor,0
"Your Age 

You might want to rethink advertising your age.  Not many people are going to take seriously some snot-nosed, wet-behind-the-ears punk kid.",1,0.2738590190632229,Monitor,0
"This article is already bad enough, dont make it worse by stupidly deleting the picture, and by the way, why the hell do you need a reason for the picture, the reason is quite obvious, it is the game cover, therefore it needs to stay. Someone already deleted a large portion of the article becuase thay felt that is was uneccesary, which was very idiotic.",1,0.2738411017143504,Monitor,0
BECAUSE HE IS A FAGOT,1,0.27345645768628696,Monitor,0
"""
""""Please"""", """"please"""", """"please"""", oh shut up.  """,1,0.27303261293561176,Monitor,0
"Sigh*

So you just went ahead and removed them anyway, why are they on other pages like WW1 vets and the world cup, Anyway forget it; 
You know what i dont even care anymore. Do your worst. Goodbye ive had enough. Im not even going to explain everything to you.",1,0.2730229059179821,Monitor,0
"Go watch Buffy the Vampire Slayer or what ever you simpleton's do, because I am done using your ego as a urinal.",1,0.2726682279617033,Monitor,0
"WARNING Hey faithlesswonderboy...we're commin 2 get ya......The 305 Corpses
Cunsider yoself lucky...we dont often even warn peeps first...they just go away like the wind...poof!",1,0.272385751108265,Monitor,0
"WELL SAID Loremaster you do not own the article, you tyrannical anti-knowledge hater.",1,0.2721216649012202,Monitor,0
of killing all the jews,1,0.2721121330307973,Monitor,0
"Also, User:GSK did in fact just verify you were lying about me behing retaliatory, you're simply making a fool of yourself https://en.wikipedia.org/wiki/Wikipedia:Administrators%27_noticeboard/Edit_warring#User:72.72.240.141_reported_by_User:GSK_.28Result:_Protected.29",1,0.270497466126569,Monitor,0
"kinkeshi 

hi mate (i changed my name), guess what? the kinkeshi article has been deleted today with no warning. i let you imagine how i feel. thanks for your help so far. i'm sorry to tell but now i don't want to waste hours here, i planned to build the remaining PS2 kinnikuman games articles but not now, this site is really disgusting me, now i will fuck it for real, 永訣!",1,0.2701311609093279,Monitor,0
edit filter disturbs i can't add a gay userbox to your userpage,1,0.2700221184266816,Monitor,0
"""Question ==

Can you tell me what is your problem?What is the reason you are deleting referenced updated informations about ethnic groups in Vojvodina and Serbia?
You are a retired Serb-killer aren't you?Yes you are I read your user page and I've seen your contributions . You  also wanted to delete an article concerning gross crimes against Kosovo Serbs.The article is also fully referenced and factual,but because it shows what monsters Albanians can be you want to delete it(an Albanian on talk page says  """"There were no crimes.It is not a crime to kill a Serb because they not belong here"""" that is how sick they are).I know what you hate the most.Facts.That is why are deleting informations about ethnic groups which live in Serbia,you want to infiltrate their numbers.If not Serb-killer(could be) you are a Serb-hater that is for sure.Very sad.I could be blocked again but I will be back I promise you that.
Obviously I am not banned because I am writing this.Please stop deleting texts I write  I will undo your changes 

24.135.84.89  
== """,1,0.26989376234635365,Monitor,0
"""

lol, You actually think this article is not neutral?, This coming from the guy who calls Gamergate supporters """"faggots""""?   """,1,0.2687297634147149,Monitor,0
Get out my talk page you smelling wog!,1,0.268704632881911,Monitor,0
"""

Hey, I said it was """"a"""" seat, not """"the"""" seat, you dumb motherf#@$ker!!  Learn how to read English.  Soon I shall be an administrator and have you purged from this noble experiment. """,1,0.26818089140436385,Monitor,0
"""

Cretins are too stupid to understand that the usual remedy effected by antitrust litigation is to curtail or break up a market participant's dominant, anti-competitive market position.  Cretins are too stupid to understand that a reduction, over time, from 67% to 8% of a particular market participant's share of the US steel market is, in effect, a significant whittling of said market participant's dominance.  Cretins are too stupid to understand that this is thus """"nearly the same effect"""" as a successful antitrust enforcement.  Cretins are too inept to realize that they lack even a basic understanding of relevant economic and legal issues, as well as simple English language reading comprehension skills, to be able to meaningfully """"edit"""" sentences pertaining to the subject.  81.164.9.105  """,1,0.26806177586809415,Monitor,0
Yall are such babies.,1,0.2671385805899738,Monitor,0
"September 2006 (UTC)

hunk

YOU'VE BEEN HIT BY THE

BEAUTIFUL truck

ONCE YOU'VE BEEN HIT, YOU HAVE TO HIT 8 Beautiful People IF YOU GET HIT AGAIN YOU'LL KNOW YOU'RE REALLY BEAUTIFUL! IF YOU BRAKE THE CHAIN, YOU'LL BE CURSED WITH UGLYNESS FOR 10 YEARS SO PASS IT HIT WHO EVER YOU THINK IS BEAUTIFUL! 02:44, 23",1,0.2671163620898565,Monitor,0
"""
 Oh Mr. Blaschke dot get too emotional just because i called your boyfriend an """"expert"""" LOL; Pala/Palam has a known etymology and it is *palso- (Latin:sepelio Umbrian:pelsa-) meaning Tombstone/Rock and equivalent to the Gaelic 'All' (notice no *p); do not get to full of rage just because you and your dear boyfriend look like cows in the rain and have 'NO clue; proper experts LOL; PS: you claim to be from Bavaria but your last-name is Polish;   """,1,0.2662468852010801,Monitor,0
So sorry copy and paste this to 10 articles or your﻿ mum will die within the next 4 hours.....,1,0.2648597509940763,Monitor,0
YAWN!!     The above COMMENT is a quote from McNeight!!!  AND yet HE still insistes on adding that damn 'preceeding unsigned.....yada...yada'  What a RUDE and obnoxious individual.,1,0.26470342565075805,Monitor,0
GOOD RIDDANCE. GET LOST. PUNK.,1,0.2632378429260762,Monitor,0
Scrap the map. The 5-pic collage looks better. Real pictures sum up the war better then some plain ass map animation.,1,0.2632022201719982,Monitor,0
"you have a new message, go fuckyouself again!!",1,0.2617291265078708,Monitor,0
"Refactoring
Do not refactor my comments again. You have been in dispute with me in the past, and perhaps you don't like me, but you have no business mucking about with what I have ot say. If you object to any of my comments feel free to bring them up at the appropriate noticeboard, but do not fuck with them again. Thanks.",1,0.2616126887954453,Monitor,0
"Hello Jeff,
I the changes I made to the Wayne Brasler page add important to his recent doings and are not vandalism. Please pull the Africa sized pole out of your ass he is a highschool journalism teacher not Ghandi.
-pinetree110",1,0.26101163743156486,Monitor,0
"""
Based on ChrisO's behavior that's a load of bull, he's just pretexting to attack me. Further, he NEVER gave me a """"warning"""" about being blocked, the only """"warning"""" I had was this  and I RESPONDED to the abusive jerk by placing a question of his interpretation of the rule which he flatly refused to respond to.
""",1,0.26086011140759324,Monitor,0
"No, I am not the 'fucker' who has been harassing you. I can only suggest that it is someone who uses the same wireless connection as me.",1,0.26074112209325934,Monitor,0
I'm ignoring all the rules. That's a wikipedia pillar. The fact is I HAVE BEEN RIGHT ALL ALONG and that jerk kept reverting the accurate edits. Block him. So I cusse him out about it. He deserved it. Now move along and get a life. I'm done here. I made the ACCURATE EDITS that ARE NOT IN DISPUTE and I expect them to stay that way. You're not my boss.,1,0.2606750511527122,Monitor,0
"You undid my additions to the Mountain Gorilla which clearly contributed to the page, Wikipedia, and the human species in its entirety. You are an anarchist and a communist. Sincerely hope you stub your big toe on your left foot tomorrow when you get out of bed. I would hope meaner things, but my just and kind heart is capable of no greater levels of hate than I have just described. Due to your rude behavior (which was completely uncalled for by the way) I will no longer contribute my vast intellectual knowledge to Wikipedia, depriving the world of knowledge that it deserves to have, and it is all thanks to you. I am obviously a far better man that you, and will waste no more of my time dealing with your pitiful existence.",1,0.26028822400875323,Monitor,0
"Roisterer is a prime example of why this place is so badly regarded.  If roisterer knows the above what is his source or is he just guessing?  Maybe he is having delusions.  Its good other Internet sites are setting up in opposition to you lot and they will do heap sbetter as they dont have the problems wik or its admins seem to have.  I have to say in the many years I have been online I have never run into such an ignornat rats nest as what I have seen here.  You mak emultiple errors, can't interpret what u read so then go and put up rubbish and display a very low level of intelligence and interpersonal skills.  You are a disgrace to humanity and some are racist to boot which this nation does not need.",1,0.2600732614081497,Monitor,0
"YOU NONSENSE IS NOT RELEVENT, ROSKAM IS THE WINNER OF THE 6th ...I LIVE THERE YOU Don't read and stay out..",1,0.2588166551828226,Monitor,0
"George Remus 

George Remus is not a fictional character. Do some FUCKING research and you will see he was a real person. A fictional book was written about him but that does not make Remus, himself, fictional.",1,0.2573133983703201,Monitor,0
"Its common sense dumbass, it was a fight in the WEC 67.163.17.113",1,0.2573065781083245,Monitor,0
I DONT CARE I DONT CARE I DONT CARE I DONT CARE I DONT CARE I DONT CARE I DONT CARE I DONT CARE I DONT CARE I DONT CARE I DONT CARE I DONT CARE I DONT CARE I DONT CARE I DONT CARE I DONT CARE I DONT CARE I DONT CARE I DONT CARE I DONT CARE I DONT CARE I DONT CARE I DONT CARE I DONT CARE I DONT CARE I DONT CARE I DONT CARE I DONT CARE I DONT CARE I DONT CARE I DONT CARE I DONT CARE I DONT CARE I DONT CARE I DONT CARE I DONT CARE I DONT CARE I DONT CARE I DONT CARE I DONT CARE I DONT CARE I DONT CARE I DONT CARE I DONT CARE I DONT CARE I DONT CARE I DONT CARE I DONT CARE I DONT CARE I DONT CARE I DONT CARE I DONT CARE I DONT CARE I DONT CARE I DONT CARE I DONT CARE I DONT CARE I DONT CARE I DONT CARE I DONT CARE I DONT CARE I DONT CARE I DONT CARE I DONT CARE I DONT CARE I DONT CARE I DONT CARE I DONT CARE I DONT CARE I DONT CARE I DONT CARE I DONT CARE I DONT CARE I DONT CARE I DONT CARE I DONT CARE I DONT CARE I DONT CARE I DONT CARE I DONT CARE I DONT CARE I DONT CARE I DONT CARE I DONT CARE I DONT CARE I DONT CARE I DONT CARE I DONT CARE I DONT CARE I DONT CARE I DONT CARE I DONT CARE I DONT CARE I DONT CARE I DONT CARE I DONT CARE I DONT CARE I DONT CARE I DONT CARE I DONT CARE I DONT CARE I DONT CARE I DONT CARE I DONT CARE I DONT CARE I DONT CARE I DONT CARE I DONT CARE I DONT CARE I DONT CARE I DONT CARE I DONT CARE I DONT CARE I DONT CARE I DONT CARE I DONT CARE I DONT CARE I DONT CARE I DONT CARE I DONT CARE I DONT CARE I DONT CARE I DONT CARE I DONT CARE I DONT CARE I DONT CARE I DONT CARE I DONT CARE I DONT CARE I DONT CARE I DONT CARE I DONT CARE I DONT CARE I DONT CARE I DONT CARE I DONT CARE I DONT CARE I DONT CARE I DONT CARE I DONT CARE I DONT CARE I DONT CARE I DONT CARE I DONT CARE I DONT CARE I DONT CARE I DONT CARE I DONT CARE I DONT CARE I DONT CARE I DONT CARE I DONT CARE I DONT CARE I DONT CARE I DONT CARE I DONT CARE I DONT CARE I DONT CARE I DONT CARE I DONT CARE I DONT CARE I DONT CARE I DONT CARE I DONT CARE I DONT CARE I DONT CARE I DONT CARE I DONT CARE I DONT CARE I DONT CARE I DONT CARE I DONT CARE I DONT CARE I DONT CARE I DONT CARE I DONT CARE I DONT CARE I DONT CARE I DONT CARE I DONT CARE I DONT CARE I DONT CARE I DONT CARE I DONT CARE I DONT CARE I DONT CARE I DONT CARE I DONT CARE I DONT CARE I DONT CARE I DONT CARE I DONT CARE I DONT CARE I DONT CARE I DONT CARE I DONT CARE I DONT CARE I DONT CARE I DONT CARE I DONT CARE I DONT CARE I DONT CARE I DONT CARE I DONT CARE I DONT CARE I DONT CARE I DONT CARE I DONT CARE I DONT CARE I DONT CARE I DONT CARE I DONT CARE I DONT CARE I DONT CARE I DONT CARE I DONT CARE I DONT CARE I DONT CARE I DONT CARE I DONT CARE I DONT CARE I DONT CARE I DONT CARE I DONT CARE I DONT CARE I DONT CARE I DONT CARE I DONT CARE I DONT CARE I DONT CARE I DONT CARE I DONT CARE I DONT CARE I DONT CARE I DONT CARE I DONT CARE I DONT CARE I DONT CARE I DONT CARE I DONT CARE I DONT CARE I DONT CARE I DONT CARE I DONT CARE I DONT CARE I DONT CARE I DONT CARE I DONT CARE I DONT CARE I DONT CARE I DONT CARE I DONT CARE I DONT CARE I DONT CARE I DONT CARE I DONT CARE I DONT CARE I DONT CARE I DONT CARE I DONT CARE I DONT CARE I DONT CARE I DONT CARE I DONT CARE I DONT CARE I DONT CARE I DONT CARE I DONT CARE I DONT CARE I DONT CARE I DONT CARE I DONT CARE I DONT CARE I DONT CARE I DONT CARE I DONT CARE I DONT CARE I DONT CARE I DONT CARE I DONT CARE I DONT CARE I DONT CARE I DONT CARE I DONT CARE I DONT CARE I DONT CARE I DONT CARE I DONT CARE I DONT CARE I DONT CARE I DONT CARE I DONT CARE I DONT CARE I DONT CARE I DONT CARE I DONT CARE I DONT CARE I DONT CARE I DONT CARE I DONT CARE I DONT CARE I DONT CARE I DONT CARE I DONT CARE I DONT CARE I DONT CARE I DONT CARE I DONT CARE I DONT CARE I DONT CARE I DONT CARE I DONT CARE I DONT CARE I DONT CARE I DONT CARE I DONT CARE I DONT CARE I DONT CARE I DONT CARE I DONT CARE I DONT CARE I DONT CARE I DONT CARE I DONT CARE I DONT CARE I DONT CARE I DONT CARE I DONT CARE I DONT CARE I DONT CARE I DONT CARE I DONT CARE I DONT CARE I DONT CARE I DONT CARE I DONT CARE I DONT CARE I DONT CARE I DONT CARE I DONT CARE I DONT CARE I DONT CARE I DONT CARE I DONT CARE I DONT CARE I DONT CARE,1,0.2572983796026252,Monitor,0
"""

how is it """"vandalism""""  is all true, and vetted.  those are plain facts.  you are the vandal.   """,1,0.25648229007036116,Monitor,0
"Fully  

My edit to the Stephen Lawrence article is fully sourced to the old version of the Met web-site.
Silly liar.",1,0.2549967161642318,Monitor,0
theres a fat kid in my history class who looks like raul lawl. omg it rhymes.,1,0.2548576679652806,Monitor,0
"Since When Did Wikipedia Become So Gay? 
Ever since Gene Hackman did in high school.",1,0.25392814649472756,Monitor,0
"User Jkelly is incapable of behaving responsibly and has removed the correct edit of another user. THe LIES AND FALSEHOODS being pished through on the Greek pages are a disgrace, and show that Greeks are not fit to be members of the European Union. THe correct data from the 2001 Census and official reports have been put on these pages by me and others time and again, and Greek nationalists have decided to remove them. So, once again, THERE ARE NOT 98% GREEKS IN GREECE SO STOP THE CRAP. I have tired of putting links to official reports when idiots here remove them. Just grow up and learn how to make correct arguments, instead of the childish GREEKS ARE WONDERFUL AND CLEVER mentality.",1,0.2535547814413488,Monitor,0
"Ratings===

How about something about this dude's MONSTER ratings?
He routinely DOUBLES his ENTIRE competition....COMBINED!

http://www.mediabistro.com/tvnewser/ratings/the_scoreboard_friday_june_12_118993.asp

Wow! Makes a liberal want to puke in their mouth a little, huh? haha

68.40.123.217  

===",1,0.2533197549254789,Monitor,0
"OOOOOOOH TEABAG 

OOOOOOOOOOH YER BECAUSE I DID

OH YER
OH YA
OH YES

BECAUSE I DID

WOAH 

TEABAGGED",1,0.25213801044255324,Monitor,0
"U R OFF 

OF MY BUDDY LIST",1,0.25211395033611783,Monitor,0
"Re 

Hi, just thought I'd let you know that this edit was not done by me, but an imposter. I want you all to myself, you sexy beast. Maybe , yourself and me should get together sometime. I'll bring the condoms. 90.206.160.56",1,0.2518204253728745,Monitor,0
"warning? 

why did you warn me? for what? im war with ultra-christians ultra-racist and other jerks, warn me for what?Contributions/62.248.42.19",1,0.2502203300605073,Monitor,0
"Hm... 

Listen, Sango, I know you're trying, but I'm not going to listen to some 14-year-old punk kid, okay?  Come back in a few years.",1,0.249013711284819,Monitor,0
yeah after few days some jews will say nasser al-kharafi is jew lol!,1,0.24892097978084474,Monitor,0
"Vandalism Removed

THIS STUPID CHIP WILL CONTROL HUMAN BEINGS! YOU WILL BE CONTROLLED LIKE A ROBOT! ONLY THE PRESTIGIOUS FEW WILL BE ABLE TO GET THIS CHIP! IF YOU DON'T YOU WIL NOT BE ABLE TO BUYS FOOD, DRINK, OWN LAND, PROPERTY, ETC. 

I cut this, couldn't be bothered to sign in to do it. Obvious vandalism (and if serious, not very well informed about the workings of the human nervous system).",1,0.24806878551455483,Monitor,0
"Hey, cock. Im afraid them pictures of Dalaman airport and Bodrum airport are perfectly fine. i took the photos myself whilst on holiday so stop making stuff up. Bent boy",1,0.24743661572739883,Monitor,0
"lol, you can take a joke standing up! His breasts are just so cuddly aren't they? Just like a large womans when your stuck in a barn some night and its freezing outside... Imagine cuddling up to them! 83.71.9.119",1,0.24719223158937892,Monitor,0
"J Freeman 

J Freeman is an oppressor and a violent person.  He may also soon come out of the closet.",1,0.24694073515275158,Monitor,0
"So you admit to forgetting about Melbourne existing in both Florida and Australia, thereby validating my edit as justified, but cos you're so quick to judge you still lay fault with me?  If you want a thing like wiki to become an open encyclopaedia for everyone and not just geeks, then ditch the attitude and processes cos who can be fucked learning them?",1,0.24679901766801396,Monitor,0
"Rex, I wonder - how many brainless, pretentious losers like you are there here?  It's got to be thousands at least.",1,0.24631215696220943,Monitor,0
"Can Any Senior Editors Review this Ridiculous Paper 
Ridiculous Result of '95% of Chinese People have Lactose Intolerance'!!. Totally nonsense at all!!!  I have never heard of seen such a big lie and iresponsible manner before.",1,0.24615829551100757,Monitor,0
"""

As an Islamist you don’t """"find it shocking to see someone drinking”.  Drinking what?  Alcohol?  Gasoline? Piss?  Can you have a great conversation with someone who is intoxicated. In vino veritas.""",1,0.24607105946369123,Monitor,0
"""

Bonjourrrrrrrrrrrrrrrrrrrrrrrrrrrrrrrrrrrrrrrrrrrrrrrrrrrrrrrrrrrrrrrrrrrrrrrrrrrrrrr
 is to die!]]
thumb|left|500px|BOMJOURRRRRRRRRRRRRRRRRRRRRRRRRRRRRRRRRRR

 are harrassing me!]]
""",1,0.2459415133812255,Monitor,0
"I only wish you could add some stuff about California Highways to your bio so I could really get off to looking at your page.  For now I am only consoled by the fact that you give the best butt sex in California.  Let's try it on a highway next, my chinko-Canuck friend.  I-95?",1,0.24454978361328733,Monitor,0
and also don't give a shi'ite about your dis/likes,1,0.24391836062402475,Monitor,0
"""

 An encyclopedia for you! 

  An encyclopedia for you! It is heavy and likely to crush your head.   """,1,0.24290511907093237,Monitor,0
I tasted your mum. it was super.,1,0.24219279413978484,Monitor,0
"you are deluded and i advise that you seek some mental help.
why bother signing with no intention of editing in the foreseeable future? why waste time doing that? would you like the contact details of the others involved? i feel sorry for you. i corrected 'favours' for you too. you are pathetic.",1,0.2421872448606006,Monitor,0
You're ridiculous if you jump to conclusions like that. So don't. On their webpage they made an article about it. I'll try to find it if you are to narrow-minded to research your opponents' websites yourself.,1,0.2411926218223687,Monitor,0
"you are personally attacking me, you have personally banned me from posting something I feel is valid for many reasons,You make fun of my reasons don't respond from intelligence and are personally punitive, kind of like an internet terrorist.",1,0.24056017647637973,Monitor,0
"Gail Kim wwe return 

You are really starting to piss me off deleting the gail kim returning to wwe information i have put there, and its true, and confirmed, and even put a ref there not stop doing it do you think your tuff keep deleting other ppl true work.",1,0.24054903579419556,Monitor,0
"if you want to leave the article a bunch of lies , controlled by a child. okay . you better be able to prove what you say. it is not vandalising when i correct lies. you better contact someone who knows the truth before printing lies. there was never a porsche motor in a yugo, etc. i guess this 13 year old knows more about cars than i do.",1,0.24008793899558045,Monitor,0
"""

 My Statement 

Oh wow, I take a little drive and come back to a nuclear war zone? I guess I can take on each point...

 The fact that MF was not blocked for the same behavior is rather odd (also... if you ask a question after telling me to stop replying... what do you really expect?).
 I agree that Tan needed to be blocked and I agree with the desysopping. 
 To say that I have no right to be angry is a foolhardy notion. I was told multiple times to fuck off (btw, when told to fuck off, I am considerably less likely to comply).
 . They both hail from the infamous Tiscali network. That being said, rpeh has no reason to be involved in this discussion (he has a personal issue with me ever since he was desysopped on another wiki; he hasn't gotten over it). I intend to request a checkuser and request a block for sockpuppetry.
 User:Georgewilliamherbert places too much weight on unofficial warnings. A vandal can be warned four times but a user once? Hmmmm...
 Prodego has no reason to be desysopped. He had every right to block for a violation of WP:NPA tens of times. 
– (talk) """,1,0.24001753285838634,Monitor,0
"hey retard. 

You don't get it. those two put warnings on my page for vandalising User:tommy2010/vandalise. they can putt odd things on my page, i can put weird things on theirs.",1,0.239464047942091,Monitor,0
Get Fucked you keyboard warrior- being blocked from here will not bother me one bit. And I was not aware of the rule as I have seen loads of linked commercial sites.,1,0.2394629453389356,Monitor,0
So the fact Macedonian is a jew and has abusive opinions means nothing!!!,1,0.23889935786467512,Monitor,0
I wouldn't hold your breath. The guy is a complete tosser,1,0.23822517672726684,Monitor,0
"Do you have a brain?!?!?

That was in March!...

March...April...May....June...July

and for 31 hours, im not blocked anymore moron!",1,0.23707009788089134,Monitor,0
"Mate, sound like you are jewish

Gayness is in the air",1,0.23680675137218796,Monitor,0
"Idk who you are and wtf you think you are running your c*******ing mouth, but I believe you need to respect people's opinions and paying attention on which divisions had the now retired C40HF buses.  FYI they only have been at division 3 for a short time before they were transferred to divisions 5 and 7 for almost their life, until some from D5 were sent to D18, to take the Neoplans' places in the early 2010s, while some from D5 were sent to D7, due to the delivery of a few Nabi 45Cs lower 8600s and later the delivery of the Xcelsiors several months ago. Maybe you need to do your research and quit trying to bash people you don't know off. I suggest you run along, before you get yourself in trouble, inferior.",1,0.236648641634262,Monitor,0
"I dont care I just want unblocked Damn it. After my final warning I DID NOT DISRUPT. I STOPPED
BUT SOMEONE ELSE BOTHERED HAUNTED ANGEL AND I GOT BLAMED. So unban me GD IT.",1,0.23656964624437418,Monitor,0
"FACIST 

YOUR CONTRIBUTIONS TO WIKIPEDIA ARE NEGLIGENT AT BEST.  KIND OF LIKE YOUR TEACHING.

SMOKE WEED ERRRYDAY!",1,0.23656273914811143,Monitor,0
"WIKI NAZI! 

That's all you are, you even remove my post for help and have the nerve to accuse me of vandalizing for asking for help in the correct area using the correct method, your a loosre and I can clearly see why no one relies on wikipedia anymore. NAZI F AG GOT CO CK SU CKER!",1,0.236359584149421,Monitor,0
"This article is a vile, pathetic(not unlike the modern Chinese nation, mind you) attempt at history. Show the monster for what it(he) was- the man who created more damage than anyone else ever did to human history, culture, and beings!==

==",1,0.23618996455854185,Monitor,0
"What is your problem Man? 

Why do you have to get involved in editing and just barge in like that. You know that is extremely rude and i don't like it.",1,0.23569499139001565,Monitor,0
"""
Smear of James Philip Bio
What are you trying to do, place a garbage truck and dump all this old stuff down on this bio?... All of the partisan  yellow journalism crap which newspapers like to engage in these days.    All of this, over the years has resulted in NOTHING.  Nothing. All of the speculations, which the press engaged has come of nothing. Can you cite when Pate was trialled, convicted, and sentenced by the courts? NO.  Again, The stuff you cite is 5 years old or older and no actions by the state was ever taken against James Philip, personally?  Well, what you have here is a technique is called """"The BIG LIE""""  Just because you don't like the man, and just because you can cited tons of minutia don't make it true, right or meeting WP:BLP, WP:UNDUE WP:ATK In the end there seems the need of some editors here who has such hatred for this man to use such zeal to destroy Pate's reputation.  See WP:TEND Why such hatred for this man?  """,1,0.2356878230005061,Monitor,0
Don't talk to me troll.,1,0.23463974953704778,Monitor,0
I really wish we could crap by osmosis right now. 208.106.104.40,1,0.23451724608070876,Monitor,0
"will you ever stop vandalising body count? 

no text",1,0.23365018777360896,Monitor,0
"Why can't you override 0RR? It was imposed without any consultation on a whim by an overreaching admin who actually had the gall to warn Jimbo Wales as well as me (haha). Editors have informed us that they will no longer watch or contribute to this page because of this imposition, and the only people who like it are the fringe pushers who don't have the good of wikipedia as their highest priority. It sucks. - (resonate)",1,0.23364499824856566,Monitor,0
"""

Enclyclopedia ... heh ... 
This is an editorial not an article. The editorialist who crafted this obviously thinks that Chinaman is an insulting term.  It sort of reminds me of the black people who were offended by the term """"niggardly"""".  Your ignorance does not make a term offensive.  But what the hey.  You're having fun ...""",1,0.2329707408939256,Monitor,0
"Comment

What the heck are you talking about?",1,0.23255134431978758,Monitor,0
"""

I reverted the armor section back to describing all the armors you can unlock because I think it is an interesting topic to have and because this article needs more information.   
Wikipedia is not a gameguide ©™ 

Possibly the dumbest argument I have ever heard. Are all wikipedia users fags or just you? The Wikipedia is not a gameguide retardedness doesn't even apply here. It's not telling you how to unlock the armors, just what they are. Or should we delete the characters and stories too? THOSE ARE IN GAME GUIDES!!! Fucking moron. Well, look at it now. Now it should be fine with you, right, fucking faggot?   

Take a chill pill. My mistake, perhaps it should have been no game trivia, item 6 instead. Also, your revision """"You can also unlock several armors. I would list them, but wikipedia users are total fags and think it doesn't belong in the article. Sorry."""" is in the wrong prose (1st person), doesn't really contribute to the article, violates npa and is misleading (it's guidelines that state it shouldn't be in the article), so I reverted it. Thanks! ©™ 

I don't care. Unless you remove the entire bonus features portion of the article, the armor information is related to the article.   

There's a minor reference to the unlockable armors in the article, I think that's all that's needed for the moment anyway. Thanks! ©™ """,1,0.23243856959610473,Monitor,0
"""

 Your unspeakable behaviour 

Please STOP sending ill-written messages to my talk page. I will continue to edit the satanism reference till it goes to mediators/arbitrators who hopefully employ reason rather than emotion in dealing with conceptual disputes.

You have engaged in personal attacks with regard to everybody, including the people you call """"vandal-coddling admins"""" at Wikipedia. The only thing they seem to be coddling is your foul, fiendish conduct.

STOP!!!!!!!!!!!!!!!!!!!!!!!!! You violate every Wikipedia rule of professionalism and seem to get away with it. I order you to stop!!!! AOluwatoyin""",1,0.23193600490591385,Monitor,0
"Hi 

Yes its me Whore. ) talk 71.57.145.221",1,0.23091089895562725,Monitor,0
More Hate speech against Christians - typical for Wakopedia,1,0.23068503168823154,Monitor,0
"That's fucken offensive, you scumbag, wishing someone my age another year of voyeurism in a violent world!. . . .",1,0.2305994439944112,Monitor,0
"Blank pages, blank look

I haven't blanked any pages, and yet you keep mucking up my Talk Page with demands that I quit blanking pages. Get a life! Leave me alone!",1,0.23004982728098486,Monitor,0
"Around blacks 

Never relax! 86.181.0.14",1,0.22982821614952392,Monitor,0
WHO CARES.... GOETHEAN IS A capuchin monkeys anyway,1,0.2288261727841508,Monitor,0
"(UTC)

He ate the crabs off of phaedriel's rotten cunt. 208.106.104.40  17:03, 23 May 2008",1,0.2284890137504171,Monitor,0
"""Y didnt he just say """"You smug son of a gun!"""" and not cut it?""",1,0.22839927704404783,Monitor,0
"""

 A knife for you! 

  A knife for you! One of this days, I am going to cut you into little pieces…   """,1,0.2281267050077051,Monitor,0
"PLEASE, DO NOT ADD MORE UNCONFIRMED SERIES AND BLOCKS THAT HAVE NOT BEEN ANNOUNCED!!!1 

Please, it's the fucking true, i hate the people that lies, and doing vandalism, i'm not doing vandalism, i say the fucking true, but you are an idiots, do not add more series and movies, that have not been anounced in latin america, they don't appears on ANMTV, for that reason, they will never air in Latin America, the following series that i montioned are:
 The High Fructose Adventures of Annoying Orange
 Secret Fort for Awesome
 The Problem Solverz
 DC Nation
 DC Nation Shorts
 Incredible Crew

Please, it's the very true, sorry for bad words and expresions, but is the true, please, protect the article, greetings!!!",1,0.22788431083288957,Monitor,0
"YOU ARE A NO GOOD PHONEY

ALL YOUR ARTICLES ARE COVERT PRo-ISRAELI POV. THOSE EDITORS ARE 100% RIGHT. 

I SEE YOUR EDITS AND YOUR LIES AND I AM GOING TO REPORT YOU. JUST TO LET YOU KNOW ISRAEL HAS A WORST HUMAN RIGHTS RECORD THAN IRAN. ISRAEL IS AN ILLICIT STATE AND THE FOUNDERS OF ISRAEL ARE TERRORISTS. WHEN ASKED ABOUT ISRAEL, RETIRED BRITISH SERVICEMEN SAID THEY WISH THEY KILLED THE ISRAELIS...BY THE WAY THE FOUNDERS OF ISRAEL WAGED TERRORIST CAMPAIGNS AGAINST THE BRITISH, CIVILIANS TOO. WHY DON'T YOU GO EDIT THOSE ARTICLES AND MAKE THE WORLD KNOW ABOUT WHAT ISRAEL IS TRYING TO HIDE.",1,0.22763834646002676,Monitor,0
"""

Oh, by the way, why do you consider yourself qualified to post when you cant even spell nonsense it's """"N-O-N-S-E-N-S-E.""""  """,1,0.22747933628731273,Monitor,0
"November 2013
This is the final, the - THIS IS THE VERY VERY LAST STRAW!!! I DEMAND TO KNOW WHO'S RESPONSIBLE!!! SHOW YOURSELF!!! I DEMAND YOU SHOW YOURSELF!!! BECAUSE YOU DELEATING CHRONOLGY FROM THAT PAGE YOU LITTLE BRAT!!!! 199.96.246.132",1,0.22717600036634858,Monitor,0
"reerere 

Kevin Forsyth hates blacks. Kevin Forsyth lives in both of his mothers basement. Kevin Forsyth is Jimmy Wales lover",1,0.22661798343711298,Monitor,0
"RYULONG ADMIN NOMINATION 

Please see my note on the discussion page and look at RYULONG's behavior on this admin-noticeboard...
The guy is a liar, a cheat and a bully. I have provided all the proof required. You only have to see him contradicting himself on the page.

This guy is 100% NOT admin material... too young.. too block happy... falsifying quotes, providing fake sources... and a stalker and a bully.

Don't take my word... read for yourself!!

The WIKI histories don't lie!!

VOTE WITH YOUR CONSCIENCE!!

All of my claims of LYING, BULLYING and FALSIFYING SOURCES can be easily substantiated by looking in the HISTORY... so DOUBT nothing... the truth is a few clicks away!

YourCousin",1,0.22635767140116583,Monitor,0
YOUR HILARIOUS WHY DONT U STOP CHANGING WHAT PPL SAY AND LEAVE THEM ALONE. IF IM CORRECT WERE ALLOWED TO SAY WHATEVER WE FEEL LIKE SO U HAVE NO RIGHT TO CHANGE WHAT OTHER PPL SAY. MAKE A SEPERATE COMMENT ABOUT BUT DONT BE AN A**HOLE AND CHAGE/DELETE IT,1,0.22610892343608727,Monitor,0
"""

Yeah, right. You're so """"busy"""" you're answering questions on other people's talk pages which DON'T CONCERN YOU! lol

Have you even seen Mark Walters play? ROFL!""",1,0.22585033881922295,Monitor,0
"Hope he dies 

Now this Atheist filth's wife has gone, he should follow soon and give us all a rest from him Paedophillic behaviour.",1,0.22570512031233805,Monitor,0
"""

You are a total ignoramus.  Your user name or IP address has been blocked from editing.
You were blocked by AYArktos for the following reason (see our blocking policy): 
personal attack reference to """"immature"""" editing on Tal page Gundagai - has been warned
Your IP address is 203.54.186.143. 

And a fool.  And a crawler.  Grow up.""",1,0.2249678315296376,Monitor,0
"hello 

I would like to draw your attention to the fact you are a worthless tosser who has no life and would be better of dead with maggots infesting your cranial cavity. Would be the first time anything living would be in there.",1,0.2248754973127195,Monitor,0
I think it's fair to say that people who found out what infantry is by reading this article are being complete niggers.-,1,0.22464653186884873,Monitor,0
"The main discussion

The current Mrs. Nussle is a typical right-wing Republican slut with a trophy husband. Neo-pagan  finds this offensive to his neo-pagan anti-Christian, spit on the Ten Commandments sensibilities.",1,0.22464416784745542,Monitor,0
because i didnt do anything wrong in the first place..you accused me of doing something i didnt so i thought i would just in spite..but harrassement is absolutely pathetic..talking crud.,1,0.22461931567073617,Monitor,0
http://www.freeadulthotels.com This page is all about this adult porn links site,1,0.22461066584592929,Monitor,0
"""
""""Wikipedia is not a battleground, running around accusing people of vandalism for not bowing down to the authority of their personal knowledge only makes one look like an asshole""""  IF THAT ISN'T A COLD-BLOODED RUDE, CONDESCENDING ATTACK THEN ...WELL, I DON'T KNOW WHAT.  THIS ONE WAS COMPLETELY OUT OF LINE AND UNCALLED FOR.""",1,0.22427724259722034,Monitor,0
"In all seriousness do you enjoy removing vandalism or do you think users should be obliged to register or something? It's not like banning really does much to stop the determined timewaster, does it? If I end this post with a swear word will you ban me? If I don't, will you not? beefcurtains",1,0.22349863952530633,Monitor,0
"It is just as much garbage to claim that the yankee fans is die hard, almost as much garbage to claim that their is not competive imbalance problem in baseball. If you tried to have me banned it will be hard for you to argue claiming their is large element of yankee fans are die hard is a neutral point of view, without including counter evidence to that points out yankee fans have not supported the team in down years.",1,0.22322109077899246,Monitor,0
boobs are sweet and sexy i love them they are so squishy,1,0.22297561441756558,Monitor,0
"So you believe ALL facts belong in the article. Including what bush had for breakfast last thursday, or what the wing speed of a hummingbird is. What a moron.  

Are you serious?  The wing speed of a hummingbird has NOTHING to do with George Bush!  The fact taht you said that is pure idiocy!  Also, what Bush has for breakfast(remember, we start names with UPPER CASE) has nothing to do with anything.  However, a quote that he made in a public speech with the American people is VERY relevant!   

You clearly have no brain.  Are you GW's friend or something?",1,0.22291994058876552,Monitor,0
LOL!! Really I'm having a ball with this nut!!,1,0.22136308126407972,Monitor,0
"Gay 

Isn't it notable that there are gay members in the band? I don't know which of them are gay, but there are some gays in there. A magazine here reported that two of the band members got married to each other. I'm sure this is a notable fact. ►   ( Talk ♥ Contribs ) ♪♫",1,0.22094926345123575,Monitor,0
"Rosa, your grandiosity is simply colossal. Do you have a narcissistic personality disorder?",1,0.2208063283695435,Monitor,0
"lack of New York Post report in the artical 

There should be someting in the artical about Mark Lavin exposing Olbermann about his alegedly being a pervert with a small penis.  audio here Artical Here",1,0.2204275773301366,Monitor,0
"This is stupid, but if you'll just let yourself stay blocked until it's sorted out it will be better: both for you and for Wikipedia. Please let me handle this. Trust me on this one, my fellow Mediator?  01:23, August 7, 2005 (UTC)",1,0.2201801859210516,Monitor,0
"Must really suck to be a serb
Owned by the Ottomans, owned by the habsurgs, asskicked by the ustashe, bombed to bits by the usa, outbred by albanians. What more can be said about a nation that bases its identity on a 14th century DEFEAT. Gather up sava's ashes and weep haha.",1,0.22007336482515538,Monitor,0
"God Damn Persians!==
Really, when are we going to move on people, It has been 3000 years, and even before the story of the Templars was created.  No one else smells BS?

==",1,0.21971418634574202,Monitor,0
Actually no you are just a moronic Air Farce soldier that's brainwashed.,1,0.21968383192947946,Monitor,0
"CROCKSPOT...YOU MUST REALIZE THAT YOU NEVER WILL BE AN ADMIN... THEY ( THE DUOL WILL NEVER ALLOW YOU HAVE THAT POWER..ONLY PINK COMMIES, LIKE ELEEMOSYNARY WILL BE PROTECTED AND ENABLED.

MY PURPOSE IS TO JUST TAKE UP BANDWIDTH AND DISK SPACE...WIKIPEDIA HAS NO RESPECT IN THE REAL WORLD..",1,0.2192836367408762,Monitor,0
User:Abd is muslim cr@p,1,0.21901250034661243,Monitor,0
"I agree 

Dayewalker is just another republicant whore who worships Palin McCain",1,0.21900755303105401,Monitor,0
"""

And finally, the ONLY reason I created the article here on Wikipedia, it's because I could link it to other Wikipedia articles, since it was about an animation, band, video game, cd album and cd single. But like I said before, screw this. It's because of losers so-called administrators like you AKA """"vandalism fighter wannabe"""" that Wikipedia is full of nonsense articles with innacurate info. Pftt, can't bother with these weirdos. adieu. 88.214.165.10  """,1,0.2183262838890083,Monitor,0
"""==Vandalism Manifesto. Pass to all Wikians==

VANDALISM IS GOOD. Vandalism does not come from a sheer desire to cause harm.
Vandals do their thing all over Wiki, 24/7, from frustration and hatred, 
because incompetent """"editors"""" who have no skills, no degrees, no expertise, usually no names, have done multiple reverts and edits of the work of others.
Vandalism is a good and natural response to no-lifers (as in Get a Life) who 
do 7000 edits, 10,000 edits a year and who have actual Watch Lists of 1,300
or more and are proud of it. These jerks deserve have their own pages vandalized, over and over as long as they are in effect, vandalizing the pages of others in the name of being a cop. Vandals keep no-life editors, admins, 
bureaucrats and stewards honest, or at least busy, reverting the reverts they get on their own pages. VANDALISM IS GOOD. It helps drive these nutcases into the ground with nervous breakdowns. The Culture of Wikipedia is very,very sick,
and Vandals are needed to """"cull the herd"""". SUPPORT YOUR LOCAL VANDAL.

Vandal God""",1,0.2181746845125923,Monitor,0
"""
I don't give a crap if they're correct, you did not list a source so you can hardly complain if they are removed. You supposedly know our policy on verifiability. ╟─Tag►UK EYES ONLY─╢ """,1,0.217443014028572,Monitor,0
"How extremely fabulous for you that you you have delared you the ultimate authority of all things you believe in and therefore you should totally rule wikipedia you fabulous creature you, Jeff G.

I'm not sure why, but YOU have decided within SECONDS of my posting, that YOU know so much MORE than anyone else that YOU must have the final word!

There are many words for this kind of behavior, Jeff G.  The words that spring immediately to mind are 
butthead, smartass, bully, and creep.  I'm sure there are others, but these will suffice to epress my current state of mind at being thwarted in my simple attempts to express myself, you facist nazi, etc.",1,0.21734405304053084,Monitor,0
"PICTURE 

That photo of him makes him look extremely gay. I advise we change it",1,0.21726827892161862,Monitor,0
"I suggest you to watch your back, BECAUSE I WILL SMASH YOU INTO FKING PIECES",1,0.21718169949104546,Monitor,0
"""

""""Learn grammar first""""
Unfortunately your pedantry is still flawed - http://www-personal.umich.edu/~jlawler/aue/a-an.html.  Congratulations on spotting my 'has' / 'have' typo in the discussion thread where I do not carefully proof read everything I type.  If you invest some more time, I'm certain you'll find others.

Regardless, you'll need to work harder to achieve your aspiration to """"crush my opponent's soul, ego, self-esteem"""".  I wonder, do you feel that your god is proud of this goal you have set yourself?   

 You gleefully claim to be 'evil' (whatever that means) and then accuse me of painting you as evil?  Which do you want?  It can't be both.  I need add nothing else to demonstrate the depth of intellect and rational thought that you have to work with.  You confirm my assumption of Christians (note: the apostrophe you used is erroneous) - confused, irrational, angry and easily moved to hysteria.  Your user page should be referenced as an example for 'Loser'.   """,1,0.21668630765248334,Monitor,0
"Spot, grow up!  The article is being improved with the new structure.  Please stop your nonsense.",1,0.21637540582450743,Monitor,0
"Hello, you turd. 

Firśt, I aṃ ģoinģ ţo ţie ŷou uṗ and keeṗ ŷou çonśçiouś durinģ ţhe folloŵinģ ṗroçeśś ţhrough ţhe uśe of aṃṃonia. Nexţ, I ŵill ṃuţilaţe ŷour ģeniţalś and forçe ŷou ţo eaţ ţheṃ. Then I ŵill çuţ off biţś of ŷour śkin and ṃake a ģlove ouţ of ţhe śkin from ŷour hand. I ŵill ţhen çuţ oṗen ŷour ģuţ and ṗull ouţ ŷour çolon. I ŵill uśe ŷour çolon for ṃaśţurbaţion, and ŵhen I am done I ŵill śhove iţ down ŷour ţhroaţ. Finally, I ŵill diśṗośe of ŷour body by deṗosiţinģ iţ in a duṃṗ ŵhere iţ belonģś.",1,0.21623875764368594,Monitor,0
"I really hope you faggots know how to swim because you are going into the lake of fire...lol

I hope there is a balcony in heaven so that I can look over the side and see you swimming in the flames.....No kidding -)",1,0.21600758187331906,Monitor,0
U MAD BRO KUMAT ME BRO,1,0.21508361536110124,Monitor,0
"So saying that Bible is the BELIEF of Christians is now nonsense. Clearly, you are a bigoted Bible-thumper. Stop calling science as vandalism.",1,0.2149302184788408,Monitor,0
"Cheap caste fanatic Jonathan. NBK Wiki page vandalise chesinappudu leedu gani , Chimpu gadidi edit cheste noppi telisinda. Mind your own business and stop vandalising NBK's Wiki page.",1,0.21419317298589502,Monitor,0
"""All russian are so dumm like you? I mean, you're the best of them. So much to call """"russia"""" a nation...more like rabbits...

""",1,0.21408207164667847,Monitor,0
"Look, you pathetic, authority-obsessed whiner: you cannot find a better set of historical and contemporary images on the subject matter for free on the web, can you?  Huh?",1,0.21405079114778816,Monitor,0
It was and your are ignorant. Please post only on article discussion page.,1,0.2140359372378456,Monitor,0
"""

""""The war is over. And you lost."""" Not quite, Your Arrogance. I'm leaving this vile, post-modernist sewer. Wikipedia will be cleansed, though not by me: it will be many, many others.  """,1,0.21388940130156864,Monitor,0
I still think you are a tit.,1,0.21258342151534515,Monitor,0
"Jose Baez 

Well asshole! The article was properly cited with reliable sources stating plainly he was born in Manhattan, New York. The source of the reliable information was the person whose article we are discussing.

The articles that you have erroneosly cited as reliable are bogus and inaccurate at best. Who would you believe...Jose Baez or some junior reporter who doesn't even cite a source for the incorrect information.

Please take a moment and review the source  I cite because then you can see a picture of the subject of this article stating where he was born and not some moron stating an incorrect place of birth because of his/her laziness. That sounds familiar doesnt it asshole? Check sources of data before you incorrectly cite it and remove all doubt about your usefulness in the internet world...jerk!65.8.153.6",1,0.21257507485993338,Monitor,0
"""
He is a washout.  Do you have any facts to prove that he is not a washout?  Fine, in AR 635-200, he'll be declared """"unsuitable"""".  But he's still a washout.
It's pretty obvious you're fighting hard to defend this guy from the """"VAST RIGHT WING CONSPIRACY"""" that you are claiming.  There is no vast right wing conspiracy.  There is this jackass that has lied to the American People and slandered all those in the uniform for his own gain.  """,1,0.21206595332165457,Monitor,0
"Yea Boi 

Hello you took away my edit of Victor Cruz being #80 and you said i had no evidance. well, he is currently number 80. so how does it feel to have that mouth shut? you NEVER come after me AGAIN buddy. how does it feel? seriously? how does it TASTE to know you are only one thing! and that's WRONG WRONG WRONG WRONG WRONG!!!!",1,0.21173693169995658,Monitor,0
"What a terrible conduct has SqueakBox 

He is fighting with all people.  He needs a Physician in Psychiatry.  He used to be whole time in computer.  He needs work. He has a dog and a cat.  What a disordered brain. Probably he has a personality disorder and a obsessive compulsive disorder. He needs to be more time with his family.",1,0.21168530130819402,Monitor,0
WIKIPEDIDIOTS... Home of the CYBER bully and thug.,1,0.21119645059477046,Monitor,0
"""

YOU PROMOTES RACISM, IT IS NOT VANDALISM.
I AM CHECKING ALL YOUR """"CONTRIBUTIONS"""" AND THE ARE DELETE ALL REFERENCES, PEOPLE WHO SPEAK SPANISH, INVESTIGATE FIRST. THIS USER PROMOTES RACISM!!!!!!!!!!!!!!!

LIBSTAR PROMOTES DISCRIMATION, YOU CAN READ IN ALL HE/HER CONTRIBUTIONS. STOP IT.""",1,0.21068880751072164,Monitor,0
I mean seriously: are you people brain damaged? Are you even native English speakers? Why is it so difficult for you to understand basic concepts of logic and apply them to the wikipedia rules? Where did you go to school? What rock did you crawl out from under?,1,0.2106333643061955,Monitor,0
"Please Read tHis 

S. dean Jameson called me a pig!  what do I do?",1,0.21040781520434537,Monitor,0
"Edit request from 174.3.185.61, 28 June 2010 

Mauler90 is still a faggot 

174.3.185.61",1,0.21030283184364615,Monitor,0
"Yep, that's it, just some rice with a bit of extra crap on top. Just like Nasi Goreng, in fact just like any other dish from the Far East. Yeesh, it's not like real cultivated cooking, like what we have in Germany.2.103.197.76",1,0.20999111562846945,Monitor,0
You are absurd. You are defending a page of narendra Modi who is considered as a mass murderer. Why do'nt you go to Gujarat in India and talk to some people before titiling my edits as 'Vandalism',1,0.2093953432698517,Monitor,0
Give me a permanat block raseac....!!! remember me....!!! Muslims dont you worry for these images they are trying to hurt us but they cant look these images are fake and have nothing to do with Islam or our prophet even their article is so lame wikipedia is not an authentic source its an encyclopedia for the kids which has not authenticity anyone can edit or write whatever they think...just like raeasc you can see he does not knows what Islam is and he talks about it so forget about wiki its lame they have no authenticity...i recommend they should add pissed christ in jessus article....they should...,1,0.2093376054281578,Monitor,0
"""

Reggie Jackson?
I think you are mistaking, the only thing I did was add the Picture to the page, the editor before me wrote the """"chicken licken nigger"""" comment.""",1,0.2092058405330074,Monitor,0
"you are a fuckwit 

tool",1,0.20915933221353974,Monitor,0
"""

 Re: Fruity Pebbles 

Hello there. I see you got the Fruity Pebbles page blocked with your incessant whining and complaining. Unfortunately now the information regarding Mr Reynolds and his Fruity Pebbles Fan Club can not be added. This is very sad. Perhaps you should kiss some butt and get it reinstated, eh? You know it makes sense.  —Preceding unsigned comment added by  (talk • contribs)  """,1,0.20892783621644725,Monitor,0
(~): He is head of bean scouts,1,0.2089091698394086,Monitor,0
"DON'T COME TO MY ARTICLE TELLING ME TO DISCUSS 
Don't come to my article telling me to discuss anything. When there was an issue with length from before, I happily and very civilly discussed with you. I just logged in and saw that an entire section had been removed without THIS OTHER USER being told to first discuss. AND STOP FOLLOWING ME ALL OVER THIS DAMN WEBSITE BEFORE I FILE A COMPLAINT ON YOU. For the last several months, you have been following me all about Wikipedia and I am sick and tired of it.",1,0.20770606661964502,Monitor,0
"Yes a blog! Yes a Realtor site !  

No those sites are not spam you nazi!  You don't live here, so YOU HAVE NO CLUE!

Both of those sites have a local buzz to them.  The crime blog has be exposed many times as an ingenius idea.  It was started to showcase how many repeat violent offenders are given slaps on the wrist.   Very useful to someone wanting info about Charlotte

The realtor site is a company that has been featured on the news for helping fraud victims.   They were recognized by NC State represenative Deborah Ross.    Considering most real estate companies are crooks, its good to highlight one that is not.

Everything that was there, expanded on important details not covered by the article.

That city-data forum is one of the best places to get accurate data from locals.  It's a very strict forum.. there are no advertisements.

Carolina Nightlife is hands down the best Charlotte nightlife resource guide out there.  There is nothing relevant discussing anything about nightlife.  You can't expect to believe that your NARROW VIEW of what you believe is appropriate applies to everyone.  It doesn't!

You are a scumbag!   You ban me prematurely, and then tell me to discuss it.  How am I supposed to do that when I am banned??   I'm glad you clowns love the little power trip you get.   You don't know Charlotte, your selective enforcement policies are BULLSHIT, and you don't follow rules you are entrusted to enforce.",1,0.20737345253359346,Monitor,0
"Amazon.com is not a reputable source, neither is the dust cover of his book. Again, you're trying to turn this into an informercial for this relatively unknown individual's controversial theories. Maybe he's a genius, maybe he's an idiot, but it isn't accepted opinion and hence it shouldn't be in an encyclopedia.",1,0.20729830725402507,Monitor,0
"you study this situation: Luigi is active editor in Italian  wiki: no suspect on him as a sock! But here sockpuppets DIREKTOR/Alasdair/Kubura/Zenanarh of banned accounts user:No.13, user:Afrika paprika and many others pushed disastrous user:Moreschi at insane action of Luigi's ban! Shame on all you!!!!",1,0.2071757887032643,Monitor,0
"unblock|its MY TALK PAGE . HELLO CAN YOU NOT SEE THAT. I AM SHELBY YOUNG AND I WANT MY NAME OFF THIS WEBSITE AND PER JIM WALES I CAN REMOVE BOTH THE IP ADDRESS AND MY TALK PAGE SO GTFO.
Blocking me won't do anything but make me call Jim. I suggest you read his talk page.

Sick of pervert child molestors stalking me around wikipedia.",1,0.20621847730655096,Monitor,0
"""

 Welcome Chan! Just so you know, Arbusto is bold-faced lying. He has no proof that Jason Gastrich even posts on Wikipedia any more. There isn't even an outstanding accusation from someone that they received a message from Jason telling them to vote. Arbusto is a liar, so don't feel that you even need to reply to him (or her, I don't know which gender an """"Arbustoo"""" is). If I were you, I'd ignore him altogether until he gets his act together and stops lying and trying to deceive.  """,1,0.20570085566887983,Monitor,0
fock you barack obama,1,0.20458952987157467,Monitor,0
"Mind your own business 

And stop changing messages to others that are not directed at you. Wikipedia is already a scam, do not contribute to it. 65.27.204.71",1,0.20432671304233993,Monitor,0
"Why are you guys reverting my edits? Im trying to cooperate with a picture of a native cherokee wedding and you revert it, i dont understand. How about some workout fatty.",1,0.20410662198742324,Monitor,0
"Umm...

Can you pull your head out of your arse for a second and admit that the belief that Muhammad was foretold in the Bible is the very definition of pseudoarchaeology? It's only believed by a few to push their agenda. It's physically impossible. Its arguments fall flat. Get a grip",1,0.20321274144607987,Monitor,0
"Well, then don't TALK to me, you jackass!  15:44, 8 June 2006",1,0.20272584351638565,Monitor,0
I'm just trying to stop those arab-hating jews. Drive them into the sea!,1,0.202611634709087,Monitor,0
"I've found the cure
The cure for gay guys is to lock them in cages and let live in an island far away",1,0.20251414316288377,Monitor,0
"""

Don't accuse sockpuppetry without evidence! What kind of crap is that? Spoken like a true despot! Let's have the evidence or unblock. You can't convict without evidence, that's very disruptive!  —Preceding unsigned comment added by 71.120.14.192   """,1,0.20122995768686786,Monitor,0
"Albanians are terrorists 

I know that all albanians (with little a) are terrorists. Since they burned 300 churches, supported terrorist, can't let Serbs live on their land (Serbian Kosovo), slaughtered and burned Serbian children allive (Serbian babies Sava from Prizren in 1999. and Marija from Gnjilane in 1998.), destroyed Serbian cemeteries etc. All albanians are terrorists, devil's nation that have no history, culture (look at their flag).",1,0.20084549659064915,Monitor,0
"The CCP has no legitimacy

The party is full of cowards, liars, thieves, and murderers. The day that corrupt, soulless organization is destroyed will be a glorious day for humankind.",1,0.2007797974792766,Monitor,0
"""

 **** YOU! 

P**TANG INA KA! HAYOP KA! WALA SA AKING INTENSYON NA SIRAAN ANG GMA NOR """"BABUYIN"""" ANG WIKIPEDIA, KAYA KUNG MERON MAN DAPAT TUMIGIL, IKAW YUN, OK, WHO THE HELL ARE YOU TO TELL ME WHAT TO DO, SURE YOU MAY HAVE A """"RANK"""" HERE AT WIKIPEDIA, BUT THAT GIVES YOU NO RIGHT, I THOUGHT WIKIPEDIA WAS A PLACE WHERE PEOPLE CAN FREELY SHARE WHAT THEY KNOW AND HAVE REFERENCES, RESOURCES TO BACK IT UP, BUT NO YOU VIEW IT A DIFFERENT WAY, WHERE IT'S ALWAYS GOTTA BE ABOUT YOU AND YOU TAKING THE F***ING BLAME!!! SH** KA! HAYOP!   """,1,0.20071237513517953,Monitor,0
"User messages. 

I guess you missed the part where I said I have ZERO interest in what you or anyone else has to say. Yet you left a message anyway. Also, I'm mortally allergic to cats. Piss off.",1,0.20058575203682377,Monitor,0
"Gibraltarian

GET LOST. DO NOT CONTACT ME AGAIN UNDER ANY PRETEXT. YOU BEHAVIOUR IS BENEATH CONTEMPT. GO AWAY!",1,0.20037414102035725,Monitor,0
"""

If you see this message (Wikipedia's talk system is terrible), feel free to direct me to the appropriate response method, because those talkback tags are 100% confusing.

Anyway, I only edit pages with contributions I think will help (hence, the Code Lyoko comment), which is why my contribs page is shallow (that and my IP address changed during a thunderstorm a few months ago).  I'm not here to write a book; if I was that into editing I would be a member by now.  All I know is I called """"bullshit"""" and got harassed for it by that person, and now I'm calling """"double bullshit"""".

It's a shame you can't even go on Wikipedia anymore without being harassed.""",1,0.20033759462361486,Monitor,0
"""

Personal attacks?

Regarding your last post to me, practice what you preach. How is it OK for you to tell everyone I'm """"ranting"""", and have """"groupies""""?

STOP HARRASSING ME.

LEAVE ME ALONE!! """,1,0.20031116775079602,Monitor,0
"Your acts of vandalism on Iran-Iraq war article have been reverted. You are hereby warned to stop destroying the body of knowledge on this site. But alas, low lives like you are worthless and hopeless in extreme to understand what knowledge means. You are just a lackey of Saddam who has survived the day.",1,0.2001697614659444,Monitor,0
"I fapped hard to this
This page made me cum all over my computer screen. Many thanks Wikipedia. 124.188.70.214",1,0.1998044665637242,Allow,0
"Sheodred? Didn't you also accuse these other IPs; 58.7.244.17 , .93.107.209.165 , 109.77.50.2 , 143.239.103.219 of being her/him? lol you poor sad little man 143.239.7.4",1,0.19954366971877247,Allow,0
"""

""""yeah yeah like you've never vandalisedbeen a total noob, I mean look at your noobish userpage and the only mainspace edits youve made are are... oh wait you havent made any  """,1,0.1987579717090817,Allow,0
"You're a psychopath, Tryptofish. If you want to find meaning and purpose in life, then you may wish to go do something charitable instead of 'sperging out on your precious animes. Your type of thinking is the reason why wikipedia is never going to be taken seriously.",1,0.1980708851452945,Allow,0
"Seriously. 

.

Point, click, and block. 

You DON'T intimidate me by threatening to block me.

DO IT ALREADY and SHOVE IT.",1,0.19702904410561106,Allow,0
"'What makes you think I give a fuck about your political leanings?' - er, you questioned them by saying 'this user seems to be on a campaign trial on behalf of UKIP'
Why is it non-notable trivia? Why did the media cover it then? 
Why is it a 'drive-by' to add sourced material to the article? Is this article yours? 
How does it having nothing to do with Brady when he himself made the comments?
Why couldn't you just be decent about it? Why all the swearing and accusations?",1,0.19700488105131045,Allow,0
"Sassalism

You are guilty of Sassalism, Samuel Blanning.  You need to come to the G.A.S.D. and mop our floors.",1,0.19631710887899198,Allow,0
"Hey moron 

I'm a revisionist. Are you?

All of us revisionists agree that the Germans employed delousing chambers for killing lice with Zyklon B. Why won't you let me add this to the Holocaust_Denial page? Because it explains the reason Zyklon B was found at camps? It explains the shaving of hair? The stripping? The showers?

Gee, wouldn't that be inconvenient!",1,0.19591475784302043,Allow,0
You do more damage than the vandals.,1,0.19548127778531427,Allow,0
"He also killed hundreds of hindus and Indian soldiers tooo , !!!!!!",1,0.19530030841538518,Allow,0
"Juergen Klinsmann 

He represents the USA...  
http://en.wikipedia.org/wiki/Juergen_Klinsmann

He has a USA passport.
Why is he listed as a German???

You're robbing us all of the fact that Julian Green grew up almost exclusively in Germany and denying that.  That's factually inaccurate and it should be pointed out that he's an American-German.  What's right is right.  What's accurate is accurate.  Don't be a wanker.",1,0.19516499810208923,Allow,0
"1337 
Claiming to be leet is perilously to gay.  Please stop contacting me.  Please stop contacting me.  Please stop contacting me.",1,0.19491367689480366,Allow,0
'''AND SUPPRESS HIS ACCOUNTS OF HOMOSEXUAL ENCOUNTERS IN HIS LETTERS TO VARIOUS CORRESPONDENTS,1,0.19369484355314723,Allow,0
"""

Hey  Kuru, 

There is  something really wrong with the administration of Wikipedia, and I am not the only one to know about and complains!.

For quite a while I had been hesitant but after a comment by a Polish Wikipedian I was finally encouraged to leave Polish Wikipedia (for some time only perhaps). I decided to move to the English Wikipedia for a change.

Regards,
Kpjas (talk) 

Although I am aware that  he (Kpjas)  have his  """"own problems"""" for some it might be a positive development!

I want to remind you that in US  at one time they needed to block the IP of US gov ... because  the politicians were polishing their resumes and were using the Wikipedia as they election platform!

You Have responded to  my  comments (in a way positively).

The problem is still that bunch of  administrators have  NO idea what the hell they  are talking about.

Please read my comments  and make  appropriate  corrections as  a shoddy  communist agent's tabloid operating the disinformation campaign shall NEVER  be called  a prominent newspaper!
You do not call a clochard a prince and prince a clochard!
There is to much crap like this specially  related to abuse by the polish administrators  who are  either  connected with the propaganda machine or are brain washed. 

As  an expert on many issues I believe that all  IPs  of some bloody idiots from  Poland should be banned for all other languages so we will have the real and unbiased by the people who do not understand what is Freedom, Liberty and Democracy and  vandalize the web pages with their totalitarian communist bias after being brain washed   since 1945 by several decades from generation to generation and educated by the communist teachers!

By  reading the crap on the PL  Wikipedia  some sections of it specially connected to the history, politics and resumes of politicians  should be completely taken """"off air""""  once and for ever!
Thanks!""",1,0.1936947747283205,Allow,0
"Why are you still here? Can you not find anything more important to do, like killing yourself?",1,0.1935749361944382,Allow,0
"""
Damn you, I've got other things to do right now, but it's just sooooo tempting...  // talk //  // """,1,0.19342892914265145,Allow,0
"What complete garbage, I never had anything to do with that Verdict nonsense, which is made clear . And I trust 100% that you will be back, either as this or some other user name.",1,0.19245124571804909,Allow,0
So many children to abuse - so little time,1,0.1921959867379733,Allow,0
The truth is vandalism? Only to you leftist traitors.,1,0.1921919340098455,Allow,0
"HE THINKS THEY ARE COPYRIGHT VIOLATION. PITY HIM, HE IS SICKO!",1,0.1921278987358436,Allow,0
And finally spitting on the graves of irish people is exaclty what you are doing by saying that their sacrifice was in vain. I think wikipedia seems to be a a schoolyard and you seem to be the bully that thinks he knows all and I am the new kid standing up for the rights of the rest of the children.,1,0.19209282349348267,Allow,0
"I will be writing an e-mail regardless with all 3 of your user names in it. I am not a vandal. And I can call you a Nazi all I want, it's not an attack if I think highly of them. Actually it would be a compliment. 68.1.89.162",1,0.19206740820589246,Allow,0
"Go on, have me blocked. It won't change anything. You're a shill and a gamer WP:GAME.",1,0.19024807328944981,Allow,0
You are toooo G***Y to answer on your OWN TALK PAGE. LOOOOOOOOOOOOOOOOOOOOOOOOOOOOOOOOOOOL,1,0.18991079643806805,Allow,0
"// Hahahihihoho

Bishone: Is that allowed to say that somebody is mentaly insane in Wikipedia? Cause Ante call me that and i HAVE NEVER said something like that before. // Hahahihihoho",1,0.18912601157668008,Allow,0
"""horribly curse us
               Christians (as Lyra also writes) and from that draws the
               conclusion that they must not be the people of God.

                                         *** 

               """"Now behold what a nice, thick, fat lie it is when they
               complain about being captives among us! Jerusalem was
               destroyed more than 1,400 years ago during that time we
               Christians have been tortured and persecuted by the Jews in all
               the world. On top of that, we do not know to this day what
               Devil brought them into our country. We did not fetch them
               from Jerusalem!... Yes, we have and hold them captive, as I
               would like to keep my rheumatism, and all other diseases and
               misfortunes, who must wait as a poor servant, with money and
               property and everything I have! I wish they were in hell
               with the other Jews and whomsoever they would like to have
               with them.""",1,0.18795115303676474,Allow,0
do not tell me to delete stuff you stinker!!!!!!!!!!!!!!!!!!!!!!!!!,1,0.18792690609718718,Allow,0
"WP:NOTCENSORED

Bollocks, it is totally censored by a bunch of dimwits",1,0.18729289204142455,Allow,0
"You must be a real loser and mental infant to try to block me when I've obviously improved that page, as a number of editors who have actrually read Hume and have an interest in him, strongly agree. Cheers.",1,0.18639854823278165,Allow,0
"I don't like the common negro 

Then again, who does?!? 86.178.203.222",1,0.18612090500355494,Allow,0
"Allegations from cultists and angry China-haters should be dismissed as rubbish, not investigated.",1,0.18585357772408032,Allow,0
"British Isles

Please stop adding nonsense to the British Isles article. Ireland is not British and not part of your British Isles no matter what cesspit you come from. Your xenophobia and hatred of the Irish people is so deeply unattractive, in a seventeenth-century way. Are you one of those notorious Orange Order members in Canada? You are unquestionably an anti-Irish racist. 86.42.90.145",1,0.18530393922868396,Allow,0
Personal note:Please read WP:SPOILER before making a dick move like that.,1,0.18502011088461728,Allow,0
WAS HERE. HE POWNS NOOBS ALL DAY!,1,0.1834852189377855,Allow,0
"Hey Dickhead 

Please stop posting threats to my page which relate to edits which I did not do.",1,0.18339288734667866,Allow,0
"YOU'RE BLOCKED FOR 700 DAYS. 
 SHUSHING COW",1,0.1819880212743164,Allow,0
lol funny how he hav only 1 ball... I also found out he is sterile and haz 9 children lol,1,0.18181979628187311,Allow,0
"typical female silliness 

to create articles about their women. nobody cares.",1,0.18181866854409237,Allow,0
sexy time with old saggy grandmas,1,0.18158586969112286,Allow,0
"i'm a doctor of journalism, for chris'sakes... i don't even know why i'm wasting my time with this chicken-shit, cheapjack little myth-site anyway... 
there are WAAAAAAAAY better syph lists on the web, BELIEVE me... just thought i'd do y'all a favor, & share some honest medical facts—make this shoddy, 
incomplete list a BIT more comprehensive, perhaps, but what do you know—I was merely WASTING MY TIME! ... AGAIN!",1,0.181566764609499,Allow,0
HOW MY TING VANDALISM ARE YOU DUMB ? I AM GOING TO BE FAMOUS THEN YOU WILL BE SORRY!90.209.118.232  90.209.118.232  90.209.118.232  90.209.118.232  90.209.118.232  90.209.118.232,1,0.18128000876566758,Allow,0
"""::::::You speak as though I was the only one at fault here. Have you read the latest exchange on Meercat Manor and the talk page? Do you seriously think Coll is acting in a rationale manner or is she simply trying to defeat me? Have you read the """"bitch"""" saga? If you have, who do you think was in the wrong there?   

""",1,0.1796483450027786,Allow,0
Get that bullshit outta here.  You completyely ignore the other links which state that Savage brought the situation into mainstream thought before anyone else did.  Both links are by left-wing liberals who have no agenda to give Savage credit yet they DO give him credit.,1,0.1794123971664229,Allow,0
"I'd respond to this stupid garbage (http://en.wikipedia.org/wiki/Wikipedia:Administrators%27_noticeboard/Incidents#Wheel_warring_by_DragonflySixtyseven) myself to speak in my own defense, but I'm not cleared to edit anywhere but here as far as I'm aware, so I won't. 76.31.236.91",1,0.17928781380222983,Allow,0
"""

 Blocked 

I was """"blocked"""" by you after a sock puppet person using 3 accounts kept making obvious vandilism changes to an article.
They called it blanking a page after I edited out all the crap they had put onto the page.

For some reason, none you never even looked at anything on the affected page or talked to anyone about the problem, nor did you ever even try to talk to me, you just ban away. It has been KNOWN for a very LONG time that the user Gwernol is a sock puppet.

Jimbo himself edited the article and told people to only populate the article with FACTUAL items.

The article had been being picked on by several editors (sockpuppets) all matching Gwernol's ip address.

I removed everything Gwernol had written and he comes to you to attempt to block me, and without even TALKING to me you blocked me.

Congradulations on failing the Wikipedia Administration test, I believe you will be removed within the next few days as a Wikipedia Administrator by Jimbo himself, we have been discussing your actions over the last 24 hours.

BTW, I'd like you to know, your block had no effect on me whatsoever.
We have a long and true way to deal with rogue Admins and Moderators.

You are about to see that.""",1,0.17920440476836652,Allow,0
FYI I enjoy licking strangers scrotal sacks...especially hairy ones. Yum.,1,0.17880159192259,Allow,0
"oly crap! I looked up the links! THE EXPLANATIONS ARE THERE. IF YOU'RE TOO (BLANK) TO READ THEM, THEN TOUGH NOODLES. I CLEARLY STATED THAT THE EVENT (JAKE'S KIDNAPPING, ROB AND PAT'S FIRST WEDDING, AND THE BIRTHDAY) HAPPENED OVER 2 WEEKS. WHAT AN ID*OT.",1,0.17846069933277978,Allow,0
"I think i got blocked for a bad reason. As shown over there, I didnot do the god damn harrassment. -218.186.9.248",1,0.17843278828526724,Allow,0
"""
Yeah I saw. I'm assuming stupidity here. Next upload I'll block without regret.   talk """,1,0.17783252734061883,Allow,0
LOL WUT THE FACK IS THIS SHITLOL WUT THE FACK IS THIS SHITLOL WUT THE FACK IS THIS SHITLOL WUT THE FACK IS THIS SHITLOL WUT THE FACK IS THIS SHITLOL WUT THE FACK IS THIS SHITLOL WUT THE FACK IS THIS SHITLOL WUT THE FACK IS THIS SHITLOL WUT THE FACK IS THIS SHIT,1,0.17766967523970373,Allow,0
"""
Do you really want a criminal supporting your article, Anythingyouwant. Friends in low places eh? I'll drag ye all down ! Ceoil 
""",1,0.17726755986032744,Allow,0
"How can you even dream of communicating with me when you refuse to accept a different opinion? You are crazy! 

How can you even dream of communicating with me when you refuse to accept a different opinion? You are crazy!

You admit to being completely unreasonable by not accepting a difference of opinion. Wow!! Wikipedia is 100% about differences in opinion!! Did you not know that!! Surely you cannot expect to communicate with me when you refuse, point blank, that maybe, I might disagree with you!! How old are you!! Are you perhaps 11 years old? Ok, if that is so, then I understand.",1,0.1761678057699207,Allow,0
unblock-He is a pompous git!,1,0.1761189121235063,Allow,0
"""

Your spiteful, shitty, uneducated, ignorant, cuntesque, wankbagness
Although I violently insulted you as above, as this is my genuine opinion of your foolish, reactionary actions; I do implore you to actually review my edits rather than relying on """"consensus"""" to scare away editors with thirty years of recognised, published, research experience in the relevant field.""",1,0.17561252460418822,Allow,0
"I did not intend to be disruptive, I was genuineley upset by the word constantly. I only tried to make it look like an april fool joke after you explanation made me look like an uptight weirdo",1,0.17540701486657048,Allow,0
"BUSH US EVIL, HE'S SELFISH AND VERY SHORT TEMPERED. HE SHOULDN'T EVEN BE IN CONTROL OF A PET SHOP LET ALONE A NATION ! AND HE CLAIMS TO BE THE MAIN FORCE IN A WAR ON TERRORISM, FOR ONE, WAR IS TERRORISM ITSELF, HOW CAN HE BE HAPPY WITH WHAT HE'S DONE. THIS SIMPLY PROVES TO ME THAT THIS WORLD IS UNDER DODGY AUTHORITY, THE PEOPLE IN CONTROL KNOW EXACTLY WHAT THEY ARE DOING TO THE WORLD AND THE LIVES ON IT. I'M NOT GOING TO STAND BY AND WATCH AS MORE OF MY FELLOW LIFE FORMS GET TAKEN ADVANTAGE OF AND BLATANTLY UNDER MIND.

TAKE THE FIRST STEP TODAY AND CLAIM NO PART IN ANY MAN MADE RELIGION, CUT ALL TIES FROM ANY HUMAN AUTHORITY, ITS ALL ABOUT DECLARING YOURSELF A SON OF GOD, THE ONLY RELIGION IN THIS WORLD IS LIFE, TREAT LIFE AS YOUR RELIGION AND RELIGION AS LIFE. ITS SIMPLE, ITS NOT ABOUT JUDAISM OR CATHOLISM, ITS NOT ABOUT BEING ENGLISH OR MEXICAN, ITS EVEN ABOUT BEING RICH OR POOR. ITS ABOUT EXCEPTING WHAT OUR JOBS AS HUMANS ARE, TO LOOK AFTER EARTH AND EACH OTHER. THEN WE WILL REAP THE BENIFITS OF LIFE BY BEING FAIR TO ONE ANOTHER AND HAVING TOTAL FREEDOM, NOT THIS CHEAP FREEDOM GIFTED TO US THROUGH DEMOCRACY ! HA ! FORGET ABOUT DEMOCRACY ITS ALL ABOUT GOD AND LIFE ! CLAIM NOTHING FROM THOSE SILLY MAN MADE RELIGIONS, MADE UP TO GAIN MEMBERS AND STRENGTHEN A FORCE. LOVE FOREVER AND YOU WILL LIVE FOREVER.

taken from 'the book of life' by Joe Belcher",1,0.17539483624079116,Allow,0
Hey Dictator how would you like to be on an online radio program up for a debate? Its through the phone. And I can try to cooperate and get a good time then schedule for you. Don't be chicken. Come on and debate me then. 71.105.87.54,1,0.1749054069299375,Allow,0
"^^^Couldn't have put it better myself. Continue to troll, my delusional, moronic friend. And sexual remarks? Maybe you just take things that apply to you personally.....don't know what else to tell you to do other than perhaps therapy and in the extreme case that your perversions can't be stopped; castration.",1,0.17487838255080967,Allow,0
Mattythewhite is a bitchMattythewhite is a bitchMattythewhite is a bitchMattythewhite is a bitchMattythewhite is a bitchMattythewhite is a bitchMattythewhite is a bitchMattythewhite is a bitchMattythewhite is a bitchMattythewhite is a bitchMattythewhite is a bitchMattythewhite is a bitchMattythewhite is a bitchMattythewhite is a bitchMattythewhite is a bitchMattythewhite is a bitchMattythewhite is a bitchMattythewhite is a bitchMattythewhite is a bitchMattythewhite is a bitchMattythewhite is a bitchMattythewhite is a bitchMattythewhite is a bitchMattythewhite is a bitchMattythewhite is a bitchMattythewhite is a bitchMattythewhite is a bitchMattythewhite is a bitchMattythewhite is a bitchMattythewhite is a bitchMattythewhite is a bitchMattythewhite is a bitchMattythewhite is a bitchMattythewhite is a bitchMattythewhite is a bitchMattythewhite is a bitchMattythewhite is a bitchMattythewhite is a bitchMattythewhite is a bitchMattythewhite is a bitchMattythewhite is a bitchMattythewhite is a bitchMattythewhite is a bitchMattythewhite is a bitchMattythewhite is a bitchMattythewhite is a bitchMattythewhite is a bitchMattythewhite is a bitchMattythewhite is a bitchMattythewhite is a bitchMattythewhite is a bitchMattythewhite is a bitchMattythewhite is a bitchMattythewhite is a bitchMattythewhite is a bitchMattythewhite is a bitchMattythewhite is a bitchMattythewhite is a bitchMattythewhite is a bitchMattythewhite is a bitchMattythewhite is a bitchMattythewhite is a bitchMattythewhite is a bitchMattythewhite is a bitchMattythewhite is a bitchMattythewhite is a bitchMattythewhite is a bitchMattythewhite is a bitchMattythewhite is a bitchMattythewhite is a bitchMattythewhite is a bitchMattythewhite is a bitchMattythewhite is a bitchMattythewhite is a bitchMattythewhite is a bitchMattythewhite is a bitchMattythewhite is a bitchMattythewhite is a bitchMattythewhite is a bitchMattythewhite is a bitchMattythewhite is a bitchMattythewhite is a bitchMattythewhite is a bitchMattythewhite is a bitchMattythewhite is a bitchMattythewhite is a bitchMattythewhite is a bitchMattythewhite is a bitchMattythewhite is a bitchMattythewhite is a bitchMattythewhite is a bitchMattythewhite is a bitchMattythewhite is a bitchMattythewhite is a bitchMattythewhite is a bitchMattythewhite is a bitchMattythewhite is a bitchMattythewhite is a bitchMattythewhite is a bitchMattythewhite is a bitchMattythewhite is a bitchMattythewhite is a bitchMattythewhite is a bitchMattythewhite is a bitchMattythewhite is a bitchMattythewhite is a bitchMattythewhite is a bitchMattythewhite is a bitchMattythewhite is a bitchMattythewhite is a bitchMattythewhite is a bitchMattythewhite is a bitchMattythewhite is a bitchMattythewhite is a bitchMattythewhite is a bitchMattythewhite is a bitchMattythewhite is a bitchMattythewhite is a bitchMattythewhite is a bitchMattythewhite is a bitchMattythewhite is a bitchMattythewhite is a bitchMattythewhite is a bitchMattythewhite is a bitchMattythewhite is a bitchMattythewhite is a bitchMattythewhite is a bitchMattythewhite is a bitchMattythewhite is a bitchMattythewhite is a bitchMattythewhite is a bitchMattythewhite is a bitchMattythewhite is a bitchMattythewhite is a bitchMattythewhite is a bitchMattythewhite is a bitchMattythewhite is a bitchMattythewhite is a bitchMattythewhite is a bitchMattythewhite is a bitch,1,0.17449819270355452,Allow,0
Yeah 9 11 was carried out by 19 cave dwelling Muslims who are openly funded by  CIA. Even the Jundallaah terrorist leader admitted it. Wikipedia is for fact suppressing fagots like yourself.,1,0.17440432785657148,Allow,0
So what if Nazis are excluded? Psychopathic murderers have no rights.,1,0.1743694611487234,Allow,0
"Real good article, but the tone seems to demonize the demonizers!!
I would start out by saying that all human beings have both good and evil characteristics, while demons are just evil. 
Also, the need to demonize is shown in warfare where you must make your enemy evil in order to happily kill him.",1,0.17407149566912605,Allow,0
"So I was in the grocery store the other day, and I found some nice anal lube for Indians. 

Would you like some?",1,0.1736301559597002,Allow,0
donkey and to me it felt great!,1,0.17338693877508354,Allow,0
All suuukkks ma deeeekk,1,0.17331990800354571,Allow,0
"Last Warning 

Don't threaten me buddy.  I made minor edits on one user's page after he told me to F___ off.  Leave it alone; it does not concern you and it is over anyway.",1,0.1730360476162707,Allow,0
STOP BEING AN IDIOT AND ACTUALLY LOOK AT THE LINK THAT I HAVE PROVIDED AND IF YOU LOOK AT P.10 YOU WILL SEE THAT THESE STATISTICS ARE UNDENIABLY CORRECT ACCORDING TO OFFICIAL GOVERNMENT STATISTICS. YOU SEEM TO BE CONFUSED ABOUT THE DIFFERENCE BETWEEN AN URBAN AREA AND A METROPOLITAN AREA,1,0.17286391540505422,Allow,0
"Oh, and by the way, IP address, don't be giving me orders and threats. You're a nobody from nowhere.",1,0.17247269856257388,Allow,0
"citation needed. 

Why are they're little kids on here who need information if the song was the greatest gainer in Canada? How dumb.",1,0.1719564390415361,Allow,0
"OBAMA IS OUT OF HIS LEAGUE 

LORD BARRY IS IN WAY OVER HIS HEAD!!!!! WHY ELSE DOES HE LAUGH NERVOUSLY AND DO LENO AND TOWN HALL MEETINGS>>>>HE AND TAX CHEAT GEITHNER SHOULD BE THROWN OUT!!!!",1,0.17173389331309435,Allow,0
"""

Again, I never asserted the Greaseman's death.

Since Neturalhomer chooses to edit his User Talk page to erase the past, I will post the relevant exchange here (he gave """"removing vandalism"""" as the reason for editing it out; his only tool is a hammer, perhaps, so he sees me as a nail, perhaps)

Your Lie(s) About Me

You wrote: """"Final Warning

Saying things like """"DC101 IS HIS FUCKING EMPLOYER!!!"""" and """"Don't be a douche"""" is a good way to get blocked....fast. Tone the language down...and pay attention. Greaseman ain't dead. If you continue, to add continued, now, lies to Wikipedia, I will report you to AIV and to your ISP, Verizon. Stop now, this is your final warning. - NeutralHomer • Talk """"

Yes, I did use the language (on a talk page) and if it will make the booboo feel better, I apologize. But who doesn't enjoy a nice summer's eve?

BUT, you need to STOP LYING about me. I never said the Greaseman was dead, only that his death had been reported by sources considered reliable by Wikipedia standards. A little attention to detail on your part would be much appreciated, Eve. Otherwise, perhaps it is I who shall report you. Tell you what: you admit and retract your lie and I will consider the matter closed. Fair?

Let's look at your odd writing style: """"If you continue, to add continued, now, lies to Wikipedia,"""" Just what are you going for there?

I've never put a lie on Wikipedia, contrary to your assertion. Anyone who lies about me can go screw.

Your threat to report me to my ISP (FOR WHAT, EVE?) is beyond pathetic. Two pops for yes!! Report away.

Now, the admin who blocked me said that more than one reliable source was needed on sensitive matters.  He did not research sufficiently to reach a correct conclusion.

Let's all remember, shall we, that I never said that Greaseman was dead, simply that he was REPORTED DEAD.  There's a big difference, and the fact that it was reported is not in dispute.  I NEVER SAID GREASEMAN WAS DEAD.  Yet Neutralhomer continues to assert that I did.  THAT IS A LIE.  I consider someone lying about me a personal attack, under Wikipedia guidelines.  Is this a """"separate but equal"""" or """"separate and unequal"""" system?

The admin who blocked me wants more than one source that someone said something on the radio.  Let's look at Wikipedia's entry on Cesar Romero's personal life, shall we?  There is NO source cited for his death, nor his homosexuality, yet those are all sensitive topics, are they not?  Why doesn't Neutralhomer report the author of this page for vandalism?

The fact that Neutralhomer claims that dealing with me gave him a migraine on the talk page of the admin who blocked me demonstrates that this is a personally based effort on his part.

To recap: I never lied.  I never vandalized.  That should be enough.

Now let's look at Wikipedia's reckless report of Cesar Romero's death and homosexuality, shall we?  Sensitive matters, no?

Personal life

Romero believed in liberation theology. Romero was very Christian yet still believed in a utopian society whose belief is that Christ's kingdom would be very similar to Marx's envisionment of communism, and held to this belief until his death.[1][2]

Romero always claimed his grandfather on his mother's side was Cuban poet and patriot José Martí, although his mother's parents were legally Carmen and Manuel Mantilla with José Martí as his godfather. There was some speculation that Maria was fathered by Martí who was a boarder in the Mantilla household, but he never claimed Maria as his daughter in his lifetime.

Romero was never married, despite proposing to at least one woman. Romero made regular appearances on the Hollywood social circuit, usually in the company of an attractive actress, and he was almost always described in interviews and articles as a """"confirmed bachelor."""" Romero discussed his homosexuality in a series of interviews with author Boze Hadleigh, with the understanding that they would not be published during his lifetime.

Romero wore a man's tennis bracelet inscribed with his favorite nickname: """"Butch."""" The term was reportedly bestowed on Romero by his one-time dancing partner Joan Crawford, who teased Romero by telling him: """"You're so butch!"""" While Romero's homosexuality was an """"open secret"""" in Hollywood, the movie-going public was unaware of his sexual proclivities and there was never any embarrassing scandal surrounding his male liaisons, which shows the care and finesse with which he conducted his private life for more than 60 years.

Romero was a mainstay of the Hollywood social circuit until his death in 1994. He was interred at Inglewood",1,0.17151119904730863,Allow,0
""":::: By """"abuse administrative privileges"""", I mean """"I am an administrator, I am not impartial, for some reason I care way too much about this article, enough to spend years policing the people who disagree with me, and nobody but other administrators have ever agreed with me. So if I have a problem, I'll just call another administrator to back me up, and I'll even have somebody lock the article for me so that nobody else can have any fun.""""  Yes, this user has actually gone through other administrators (undoubtedly having private conversations with them) to lock this article. Pages upon pages of discussions with people disagreeing with him be damned - he'll get his way. It's abusive and it needs to stop. Find somebody else to police the article, enough of this.  Oh, and I don't care that you don't like my personal attacks.  Mangojuice is a troll. 75.127.214.162  

""",1,0.17122725737304403,Allow,0
"dont 

dont sheeple Wikipedians get it? i will NEVER create an account. NEVER ever. N-E-V-E-R.",1,0.17120892444388183,Allow,0
"arsehole 

I was right, you fuckwit",1,0.17066029694961066,Allow,0
"I'M PISSED OFF! 

WHY SHOULD I STOP MAKING PERSONAL ATTACKS TO ADMINISTRATORS?! EVERYBODY DELETED MY ARTICLE BUT NOBODY HELPED ME, IN TELLING ME WHAT SHOULD I DO TO MAKE IT PASS THE RULES OF WIKIPEDIA! I ONLY RECEIVED CRITICISM!",1,0.17049256997706463,Allow,0
"""When Akkadians migrated from the Arabian peninsula, the name """"Arab"""", did not even exist. Get this through your thick head. """,1,0.17028396891276892,Allow,0
"The article was added by Potters House for deletion purely out of personal spite because I had contributed to it in the past. In other words, just nuisance activity. I consider that a relevant background fact worth sharing, together with the pasted evidence of his past behavior to back it up. You consider it merely 'personal attack'. That's where we diverge, and, to confine my comments to purely content: your pathetic mealy mouthed little edit isn't worthy of my piss, let alone my time.",1,0.1699161821809378,Allow,0
"Collectonian is the most dangerous vandal on Wikipedia
Made more so by the fact that she presents a pitiful mask of self-righteousness which fools the feeble-minded. If there were any justice in the world, she would be blocked like any other laughable  but the fact remains that Jimbo Wales is a weak-minded political puppet, under the control of the bootlickers that comprise the so called Board of Trustees who live in luxury, while leaving Wikipedia to the so-called government of vandals such as court jesters like Collectonian. 194.81.33.9",1,0.16975285149089359,Allow,0
"""Why should I """"assume good faith"""" from someone adding anti-Semitic lies to an article? Your obvious ignorance on the subject is not an excuse.  

""",1,0.1696907425834257,Allow,0
"Good to see the neo-Nazi Wikipedia editors all stick together. Good work, fellas! Victory or Valhalla!",1,0.16952849169488848,Allow,0
"David Duke

Why did you remove truth from the David Duke article. are you a racist?",1,0.16934030613270692,Allow,0
"He's a Troll 
 several times, so I give up, except he'll remove this, more than sufficient evidence of his double-standard.",1,0.167977067944135,Allow,0
"He called himself hand banana and attempted to rape me from behind, i try not to speak to him anymore",1,0.16796017301857463,Allow,0
"Zip It! 

I don't care to hear your whining.  Clearly, you are here to cause discord, not to contribute anything useful to the project.",1,0.16774782194409132,Allow,0
"Oswestry 

Do your research dipshit, it wasn't me who removed it the first time. However, I'm going to now!",1,0.16741296156964347,Allow,0
"You seem to have a communist mind, dear son. I trully believe low education is what makes the difference and not your status. Have a great life.",1,0.1672338267056763,Allow,0
"I didn't say you favored him over me, I said you were treating us equally when it's blatantly clear to anyone looking in that there's only one party being actively disruptive here. I guess nothing I wrote actually registered, which in a way supports the second part of what I wrote. I'm sorry to be critical, but after two weeks of this crap, day in, day out, getting hammered with warnings and other bogus edits, and even trying to step back for the last four days, and still seeing myself blamed by you for this, and insulted, and generally treated as just as much crap as the person actively doing all of this, I had to say something. And you're still doing it.",1,0.1666899856655829,Allow,0
"Hi, the Greek pages are a disgrace. The demographics section was written some time ago with correct data and many links to support them, and they have all been removed. I am not going to deal with this, because it is not my function in life to clear up the SHIT of other people. Please accept that what is written there is propaganda and lies, and needs ro be removed,. Thank you.",1,0.1661838203777855,Allow,0
"""

 Now 

I still think you are doo doo.

Yes, doo doo indeed.  —Preceding unsigned comment added by 72.255.62.67   

Why you no like me?  Turd.""",1,0.1660606890168091,Allow,0
"oh why dear johnny boy 

Oi, cock face johnCD my pages that have now been deleted, thanks (sarcasm) but my pages weren't finished i was in rush and planned to edit them later contact me. also keep looking over your shoulder for sisher and his army of trojin horses. remember that name CD sishers coming for you",1,0.16559395095688442,Allow,0
"""

 que? 

oh lighten up. seriously, the Randstad or however the hell you spell it already has """"Hot Issues"""" which is already risgay. why not make it smokin' hot. i do not see the harm. """,1,0.16558842379672634,Allow,0
How many niggers does it take to change a light bulb???,1,0.16556047499922066,Allow,0
"Prove it, it's free country and you do not belong here, everything is simple answer by those who have no brains and now, everything u do is wrong and I will stay here UNTIL COWS COME HOME.",1,0.165546830182922,Allow,0
"You have made an angry echidna 

This is knuckles again and i am very angry.

I am going to be contacting my lawyers and you will be sued for defimation of character.",1,0.16498249177651556,Allow,0
"""Warning ==
You deleted """"Creeping Fascism"""" as if you have a right to delete a long standing article. That article has been around for years and you don't have some dictator right to delete it, backups will be found and it will be posted again, or recreated. You will not post lies and then delete truth, you have been warned.

= """,1,0.16426340610918272,Allow,0
"Jimbo is bending over backwards so hard to do favors for this 19 year old male prostitute, you'd almost wonder if Jimbo's credit card number was on Justin's customer list.",1,0.16381818441672719,Allow,0
"""

 PS: You forgot to add """" Mid-40 yr old PERVERT WIKING PORN STARS"""" """,1,0.16300624966123753,Allow,0
"REMOVING IRRELEVANT NONSENSE

AD HOMINEM ATTACK IN PLACE OF REASONABLE ARGUMENT SHOWS THE BANKRUPTCY OF
THOSE WHO WHICH TO SILENCE ME.

MORE YOU DO MORE PERSISTENT i WILL BE COME.",1,0.16194655502499883,Allow,0
"""

 Sockpuppet? 

Oh no Stifle. Just what do you think your doing? I've worked too hard for you to do this. And why? Dont assume, look at my contributions and what have I done? What ties me to """"Smugface"""" (as you and every second person belives)? And what sets us apart? CONSTRUCTIVE EDITS! Thats bloody what! 

Remove or find an answer.

  

Not happy Jan!

 Could we not discuss this in the stead of dirtying up each others pages?   
Your contribution patterns are very similar - very little article contributions, causing general annoyance, and yelling at anyone who tries to call you on it.   """,1,0.1617241870920448,Allow,0
amelia earhart was a prostitute that live on broadway.,1,0.1616041989860079,Allow,0
"you deleted my page 
and i am extrememly mad and i feel damaged
 i am not happy",1,0.161242036625981,Allow,0
"MRS SUSAN BRYCE,, WHO TELL  YOU THAN ANGELES CITY HAVE A KILLINGS FIELDS PROVE IT O.K .. WHO ARE U DO THIS IN ANGELES CITY WE KAPAMPANGANG PEOPLE OF ANGELES CITY WE DON'T LIKE U.. U ARE LIAR KNOW THAN ,GO TO ANGELES FIRST BEFORE U MAKE SAME ARTICLE LIKE THIS U KILLING THE PEOPLE OF ANGELES CITY...WHO ARE MRS SUSAN BRYCE????",1,0.1609816292247663,Allow,0
"Fu xck you SPk eat my 8=====D    I can't wait untill the US does what china, and may other countries have done, and file a lawsuit against wikipedia and get it banned due to infringement upon sourcing 

information that are posted without authorization. block me IDC i have auto ip changer",1,0.1604667055719506,Allow,0
"Ok, I wont do it anymore. But I have to say, the snob factor I'm dealing with here is of a massive magnitude. I will repeat you are both dead wrong, and I hope it comes back and bites both of you on you extremely up tight asses. I'll stick to my word, while both of you will stick to your chairs by the afore mentioned tight sphincters.",1,0.1600950385003199,Allow,0
"""

That doesn't seem plausible to me.  You certainly seemed to get past the """"edit conflicts"""" when you deleted my comments on your Talk page without responding to them.  I wanted to have a civil discussion, but you were making it impossible to do so by not replying to my questions.  If you didn't ignore and then delete valid questions, you might get called a """"jerk"""" less often.""",1,0.15938410424762317,Allow,0
"Silliness

You did something silly. Please don't be silly again.   05:18, 2005 Jun 9 (UTC)",1,0.15928305779212948,Allow,0
"RESPONSE TO:DISK ROTATIONS  

IM NOT SURE BUT IT IF CAME OUT SHOOTING AT YOU IT WOULD CUT YOUR HEAD OFF IF IT WAS POINTING AT YOUR HEAD YEA THATS HOW FAST IT IS",1,0.1582276560291208,Allow,0
AINT DAT A BIT RACIALIST?,1,0.1576361854768796,Allow,0
"""
 Shut up you liar. Why aren't you abiding by wikipedia policies that """"content must be based on verifiable sources""""; Wikipedia:Neutral point of view, Wikipedia:No original research, Wikipedia: Cite sources, Wikipedia:Verifiability, and Wikipedia:Reliable sources? I have outlined in detail your errors and demanded that you cite verifiable and reliable sources for your claims. csssclll 051211.""",1,0.1569654062210724,Allow,0
"""

 Vandalism 

How's about I stick """"Wankers Haa HAAa"""" in your block log ?  """,1,0.15644542406701772,Allow,0
"""Excuse me for rudely interrupting, but:

Just what the fuck is the purpose of this so-called article?

I ask this question in the existential sense of the word """"purpose"""". What possible purpose could this serve, other than '''your own voyeurism or compulsive curiosity?

Think about it. Now back to your small-minded list-making task. == 

""",1,0.15508843545346626,Allow,0
"You have made five edits today, all were silly and unconstructive and all have been reverted. Stop wasting everyone's time.",1,0.15428971255377535,Allow,0
"Scat & BDSM 

Hi, I was wondering if faggots as large as you participate in these sexual practices as apart of your regular daily routine?",1,0.15425322667123487,Allow,0
"""

 On shooting yourself in the foot 

I see on your user page you whine about confronting supposed """"homophobia and transphobia"""". Consider the possibility that what you're actually confronting is the consequences of your own jerkish behavior. It's nice that you decided to initiate a discussion thread about an important, substantive matter, but when you needlessly title it with an accusation about another user, you bring discredit only to yourself. If you had cared to look at the article's Talk archives as I'd suggested, you would have found that I am one of the editors who has made sureagainst some dedicated oppositionthat the article has contained more than a single, brief sentence on same-sex marriage. In other words, you might have figured out that that I was your potential ally in the current debate. But, you decided to pursue things in a fashion which I gather is customary for you. Very well then. Piss off, jerk. Whine about that.   """,1,0.1541966245852165,Allow,0
"""

 Hey Buddy 

In the """"real world"""" Graffiti is a subculture that he is famous in. Do you know who Borf is? 

D
U
H

Love,
ME

PS
F
U
C
K

y0u|2

GenErati0n""",1,0.15408834603323204,Allow,0
"""
And you really do flatter yourself by calling yourself """"the other parent"""". I dislike being patronised even more than I dislike threats. Btw, wouldn't you reckon that running to an Admin to get me """"banned"""" was a bit 'running to Mommy-ish""""?   """,1,0.15406992086379637,Allow,0
"Semi-protected edit request on 25 November 2015 

he is a cunt!!

103.27.225.31",1,0.1532963700508666,Allow,0
"You know, for human excrement, you're pretty fast to find vandalism, good job, you have a purpose in life.",1,0.15329629464748076,Allow,0
"Well,Goodbuy ISIS Terrorist.You will be block by 1 minute.118.101.61.104",1,0.1522917616748542,Allow,0
"Awwwwww. Doesn't poor little Femto like getting told off? Take it like a man. Yes, I have been repeatedly been warned, I don't think it's necessary do state the obvious. And thanks for saying that I'm smart enough (you didn't say smart, but I know you were thinking it) to know when to stop, but to be honest, I just stop becasue I can't be bothered doing anything else in that line of vandalism or all my options of further vandalism are exhausted. There are warnings more serious than a 24 hour block? What is it? 36 hour block?? Noooooooooooooooooooooo. Please don't subject me to that horrible punishment. I couldn't take it for a whole 36 hours! Thanks for the confrontation, it's been a pleasure. Usually people don't reply to me and they go straight on my hate list, but because you've been replying, you're making your way off the list because of your entertainment values. Those are false accusations!!!!",1,0.15188581024886696,Allow,0
"The TNA fags need to stop 

Buncha pussies",1,0.15153023985950703,Allow,0
"""
 Your claims of """"weasel wording"""" are lies and attempts to poison the well. -  ✉ """,1,0.15127531354852777,Allow,0
"2006 (UTC)

Who the hell are you to tell me what I am?  Libertarians aren't blindly pro-choice, regardless of what your opinion on the matter is.  (Talk) 16:06, 1 December",1,0.15124354439147905,Allow,0
Ive moved from denial to anger to confusion. Damn it.,1,0.1510228893424033,Allow,0
You love the devil and worship him.,1,0.15102181961431893,Allow,0
"You two are just in a conspiricy against Armstrong. He has not been found guilty of anything by any court of law.
He is still and will always be regarded as one of the biggest heroes in sport - despite your attempts to smear his legacy by adding weasel words and NPOV material on wp.  You are both idiots. 212.183.128.42",1,0.15073313496435162,Allow,0
"""
Well i see u have managed to squeeze some balls out from between ur legs and act like a man, frankly i dont care what u have to say to or about me, so hey Mr College, one question """"Also, I'm quite positive I know quite a bit more than you about metal."""" what makes u think this, im just wondering how this even came into anything, i mean i can take an insult and brush it off like nothing but this one puzzles me, i dont even know why u said that nor what makes u think u know more about it then me consitering u dont know my level of understanding on the subject.""",1,0.15067875631123062,Allow,0
"providing source for what? this idiot came and put a speedy delete tag on, a stub, there's no source needed this is just a stub with basic info such as game title and release date. i think he is just a fanboy who don't like ps3 games.",1,0.15050339927304296,Allow,0
"Well done, u pussbag! Have a cookie!
I bet you people won't add his next reign if he wins at night of champions, will ya? Might as well destroy the whole bloody article",1,0.15026766148525625,Allow,0
Wikipedia is the worst idea ever.  It will never work out.  I'm looking forward to the day that Jimmy Wales hangs himself because he's the world's biggest heap of fail since the Pony Express.  Or Zima.,1,0.1502266782575877,Allow,0
"not know to this day what
               Devil brought them into our country. We did not fetch them
               from Jerusalem!... Yes, we have and hold them captive, as I
               would like to keep my rheumatism, and all other diseases and
               misfortunes, who must wait as a poor servant, with money and
               property and everything I have! I wish they were in hell
               with the other Jews and whomsoever they would like to have
               with them.",1,0.15004352513932187,Allow,0
For sanity's sake I hope santa gets you a new hobby this Christmas. Season's greetings nerd. 107.77.90.25,1,0.1497678725053633,Allow,0
"Yes, complain to your rabbi and then go shoot some more defenseless Arabs to take out your frustration.  21:25, 22 Dec 2004 (UTC)",1,0.14964433530230073,Allow,0
What a joker you are. European parliament has no power to do anything. It is non binding because it is not serious and silly reports like that are not meant to be serious. what is more important is that we ruled your ancestors for centuries and trying to put negative images of turks in the turkey page is not going to change that. This is not a place for you to get your 'revenge'. Go and edit the golden dawn wikipedia because your ideas will only be welcome there.,1,0.14905766223837477,Allow,0
"your the troll

fine welcome to this encyclopedia - why do you do this? it is hurtful to call anyone a troll specially if they came with a question for judy blume - not a troll!!!

fine keep it then and get herpes!",1,0.1485754272131785,Allow,0
"listen you spineless twirp, i have a navy cross and a bullet stuck in my leg, dont you tell me i am not in the military. and by the way, I could have you prosecuted federally for a bout 2 maybe more charges, not to mention a law suit from 50 angry Navy SEALs in Norfolk looks good in our favor. you are the internet troll.",1,0.14766678577697429,Allow,0
You can rationalize your dishonesty however you want but even wikipedia has an article on the ground zero mosque asswhipe,1,0.14734735436883892,Allow,0
"Fred C. You seem to be under the impression that I give a shit what you think. That you are an American makes you irrelevant to this discussion. This is an article about an Australian school; I doubt that you have ever been out of the US. I was happy to make what I - and others - thought was a valuable and factual contribution to the public record, however it seems you and Daniel have chosen to hijack history and hijack Wikipedia  for your own personal plaything. That is very sad and you are very sad. as it is, I will from time to time (as others will from time to time) continue to restore the public record. I hope you have lots of fun trying to guess when and where that will happen.",1,0.14668800906950846,Allow,0
"""
Please, don't play the victim here.  If anything you are the person who is out to do anything you can to pick this article apart and get your perfered version or delete everything and damned the torpedos.  You are no victim, you are the agressor in all this.  You are the cause for not one, but two protections on this page so far and probably more to come.  We have been more than willing to engage in discussion, but when that discussion doesn't go your way, you throw a hissy fit and delete something.  You should be blocked, banned, tarred, feathered, and sent to the gallows for the way you have acted. -  • Talk • """,1,0.14661449118029155,Allow,0
"""
And not arguing semantics is the last defence of someone who knows they are wrong or won't admit they are wrong. If I understand AGK correctly, he believes I was attempting to be malicious. He assumed I was saying something that I wasn't trying to. Instead of saying """"it was not constructive"""" (which is untrue and not blockable) he backed his block by implying that I meant something I did not. There are no semantics about it. AGK simply does not believe me when I say it was simple wordplay. So how about you go tell everyone in that section that it was not collaborative? It obviously was since they responded. AGK is the one who had a knee-jerk reaction to it. All that was needed was """"Dude, 'cancer' can be taken the wrong way. Strike it or get blocked."""" Instedd he waited until HOURS after I had edited to make a 24 hour block. So don;t argue semantics with me: Jusitify your poor reaction. Not punitive my ass.  01:30""",1,0.14620954767986186,Allow,0
"""

 Name one time where I have ignored them. Show me right now, give me a link. I have replied to all of your accusations, and I have countered all of your false claims effectively. You are seriously embarrassing yourself. Do you seriously expect me to believe that some random individual is denying all of my claims backed up by evidence. Then this same individual tells you that instead of relying on facts, you have to get more people to agree with you on the talk page, which I did. Then when you ask this same individual why there are have been no changes to the page since they have managed to get more people to agree with them, and the individual replies with the statement of """"the consensus is biased as the proposal."""" Now do you seriously want me to believe that after all of that you are not either

1. Biased/Prejudice
2. Taking Orders from another person
3. Being Paid to do so

If you seriously want me to believe that you do not apply to any of those categories and you are just a regular person with an ordinary life who just happenes to """"disagree"""" with me then you are insane.""",1,0.14620453265870595,Allow,0
"QUIT Threatening Me... 

Beyotch!!",1,0.14554932002223891,Allow,0
"""

 In documentary """"Fire and ice"""" Nikita said that as much as 1 million red bandits died! (youtube)

 Fire and ice documentary, STALIN killed 90% of his generals and 80% of his colonels 

Shouldnt this important fact be mentioned about insane mad dictator STALIN?""",1,0.14533330723271543,Allow,0
"I heard Mark Kermode say today that Turbo was rubbish, and he's never *cough* wrong! He doesn't like F1 but he loved Senna and liked Rush as well.",1,0.14460173360185083,Allow,0
"talk, don't try to threaten me with barring, i don't care at all. The thing here is not whether i did 3 undos or not , the thing is whether those undos were right or not. Just prove me here, that those were wrong and then post something else on my user talk page. Untill then don't waste my time by posting crap things on my talk page",1,0.14451524652774544,Allow,0
"Excellent, thanks for looking into it. Some socks are quite dumb...",1,0.14451416457384497,Allow,0
"""
LMAO.  You are complaining about what I write on MY OWN TALK PAGE?  The only """"mediation"""" necessary is for you to cease reverting attempts at correcting your poor use of the English language, and to cease categorizing a whopping TWO EDITS as an """"edit war."""" 68.81.192.142  """,1,0.1444610307715937,Allow,0
"I agree, Its definitely Metal. People are just bitchy about the fact that it isn't conformist metal like all the other bands. Creativity is a bad things in the eyes of a lot of people. I don't know what causes people to bitch about this genre so much, jealousy? Somebody give me an answer cuz I got nothin. In my opinion, NU Metal is one of the best things to ever happen to music.75.139.103.133",1,0.14437196684359757,Allow,0
"""

 Irresponsible 

If you checked, I was not spamming Wikipedia, but my link is the first to come up when you search """"BMtron"""" on Google, not a spam link.  I advise you to pack your bags for Jersey, mo'fucka!!""",1,0.14428762490640196,Allow,0
"Go ahead 

You can block, ho, but I have a few IP's ready to use (as well as the ability to create numerous ones in seconds).

Don't get your panties in a bunch just for my case.",1,0.14241045283783227,Allow,0
"I believe users and attitudes like him are disruptive to the project.  Otherwise, anyone who does not bow to the collective consensus (read: me) is disruptive to the project as a matter of definition.  His arrogance, frankly, sickens me, and his attitude basically confirms my suspicion that if Ruth-2013 is right, then I have no place on Wikipedia because I don't bend over and kiss butt very well.",1,0.14198937707480566,Allow,0
"Support Islam 

Hello, I support the rape of Swedish women, too.",1,0.14055041789009454,Allow,0
"""

HHHHHAAAAAAAAAAAAAA!!!!!!!!!!!!!!!!!!!!!!!!!!!!!!!!
CHOKE!!!!!!!!!!!!! THE CURSE LIVES!!!!!!!!!!!!!!!! OVERRATED!!!!!!!!!!!!!!!!!! 
Enjoy ANOTHER mediocre season at the USuC.  """"Kneed"""" a running back?  BWAHAAHAAHAAHAAHAAHAAHAAA!!!!!!! Oh yeah, enjoy your upcoming years of probation too!!!!!!! Peacocks!!!!!!!!!!!!   """,1,0.1403794670140653,Allow,0
No I'm not gone hahahahahahahaha!!!!!! but not editing at the university anymore! BITCHES!!!!!!!!!!!!!,1,0.14022650124779523,Allow,0
"Is this the same loser that got booted off of the reality show 'America's Got Talent' for doing nothing but bouncing around half naked screeching a violin and moaning in a terrible falsetto??  If it is, the article should mention that.  Millions saw that while only a handful saw the 'Academy Award winning documentary' *snicker* for God's sake.65.69.81.2",1,0.13984931049794855,Allow,0
"These Iranian bastards are at it again. Not only here, but also in the German Wikipedia. User:Tajik's German account, de:Benutzer:Phoenix2, is falsifying and misquoting sources. You need to watch his IPs! These Iranian faggots won't give up! Keep Rumi, Safavids, and Babak on your watchlist.",1,0.1397685104886029,Allow,0
(couch couch)**  BULL(couch)IT!,1,0.1397466650604283,Allow,0
"NOT REAL 

THIS GLOBAL WARMING YOU NON GOD FEARING DEMOCRATS TALK ABOUT IS FAKE! - PRESIDENT GEORGE WALKER BUSH",1,0.13956195884723088,Allow,0
Oppose Iset? Crazy.,1,0.13942812911218616,Allow,0
"Fehime Sultan 

Edward you really a stupid man, where are your sources that she had a girl who called Nemzade (1913-2000)

I often told you look like your self...there is nor sources in the Article Fehime Sultan that she had a daughter...

Here look this:

2) H.I.H. Princess Fahima Sultana. b. at the Dolma Bahche Palace, Constantinople, 2nd August 1875 (d/o Mail-i-Sharvat). Rcvd: the Nishan-i-Shafakat 1st class. m. (first) at the Yildiz Palace, 12th September 1901 (div. at Ortakoy, 4th November 1908) H.H. Damad 'Ali Ghalib Pasha (b. at Constantinople, 1871; d. at Tashvikaya, Istanbul, 26th June 1950), Vizier 1904, former husband of H.I.H. Princess Khadija Sultana - see above. m. (second) at the Ortakoy Palace, 5th June 1910 (morganatical) (div. 1927) Captain Mahmud Bey (b. at Constantinople, 1880; d. 19xx), late Imperial Ottoman Cavalry. She d. at Nice, France, 15th September 1929 (bur. Selimiye Camii, Damascus). 

http://web.archive.org/web/20020421155331/http://www.4dw.net/royalark/Turkey/turkey12.htm

Oh what a uncircumcised stupid Man you are ...",1,0.1383358011645624,Allow,0
"Medals 

Holy crap look at that picture! How many freakin' medals does this guy have?!? I can understand a medal for being first in space, but he looks decorated enough to command the army around with the flick of his wrist.",1,0.13825163147626546,Allow,0
"What is you Problem Are You a Disabled Human or ???
Please What is your Problem? You do not no anything About the British Rapper NOT Yankee Rapper Tinchy Stryder! if you have a problem with my Article why don't you take it to the the Article Tinchy Stryder Discussion page instead of just coming to try and piss me off. What has made you come to the Article of Tinchy Stryder? as I Know you have no interest nor Knowledge of this rapper so why? Please for the love of Mankind and Planet Earth leave my Articles Alone! You ABOMINATION OF A WIKIPEDIA EDITER & ADMINISTRATOR!!!, Amen. Markmysoe (Talk).",1,0.13821143124160526,Allow,0
"Silly is you who supports his wife and kids at the expense of laundering something that is poisonous to other families. Your family must be really proud of you. Your recent comments only further prove that you are a bought-out shill, who has no dignity and will launder anything for money... to support his family. But there are other, more dignifying, means to put your ph.d towards, mr. 'medicinal' chemist. I wonder why you emphasize 'medicinal'. Perhaps because you could never get an MD. ) LOL at 'medicinal' chemist. Btw, it's called serotoninergic 5-HT1A receptor.",1,0.1373500879123599,Allow,0
"And another thing, stay off Macedonians (ethnic group)! I can't stand an uneducated POV pusher acting like an expert on another ethnic group. We (Macedonians) are Slavs, you (Bulgars) are Mongols, therefore there is no connection! Get it yet shitbreath?",1,0.1372192101418132,Allow,0
"""
 """"This discussion is over""""... why is that? Because you don't like the way it's going? You criticize someone for providing references that meet the requirements of Wikipedia policies (even when other content in the article is referenced dubiously) and yet you waffle on about why you think he's wrong without any references yourself. Morons like you are why Wikipedia is losing it's credibility as an true and objective information resource.""",1,0.13718655139937053,Allow,0
"please do not write me more!! Silly 

Perhaps no one has told you but you're obviously frustrated and I would like that please do not write me more. For my part I have decided that I will not bring anything more to wikipedia, because wikipedia is a monopoly of information manipulated by a lot of abnormals like you.",1,0.13701862717178234,Allow,0
"How in the Hell was that an inappropriate discussion? 

I apologized to him, for Chrissakes (and I was formal)!",1,0.1365856393145397,Allow,0
"""

 Barbarians 

The Chinese as a country are nothing but disgusting barbarians. I highly recommend every and all Chinese people to flee the horrors of the CCP before they come for YOU next! Its now official, over 20,000 Falun Gong have been murdered in this genocide but the official numbers are not certain due to the """"iron curtain"""" around China. We haven't seen such destruction and genocide since the Soviet Union! Those damn Chinese. I feel bad for the Falun Gong. I hope every CCP dies of a horrible skin disease.""",1,0.13645310039129277,Allow,0
"Do you have a Hitler complex? 

On the 2 Unlimited page, you keep maliciously deleting a section that has everything to do with 2 Unlimited.  The fan club and the author's book discusses 2 Unlimited.  Are you working for the group or do you have some sort of Hitler complex?  The subject matter is directly related to 2 Unlimited.  Now stop deleting it.",1,0.13637260462931766,Allow,0
"Brother   you are jerk and don't have roots in your motherland. You just vandalise my Maratha Clan system and i went crazy to see it. I am very hot temper Maratha man. You need a breake and go to yor motherland visit your clan deities , gods , peoples and talk with them about Hindu traditions and cultuers. Whatever the white peoples says , writes and states is very correct and we Hindus are ought to belive it blindly is now over. Their is big information written in local Indian languages about every aspect , part , traditions , gods , religion and everything , but cunningly ignored and missinterpreted by western and more disturbing our own Indian scholers. We people have the duty to show the world the truth.. This conspiracy is very ancient and may be found in all mankind cultuers. As strong fish eats the poor fish. First you should understand the politics behind it and then fight your own bothers. I am devotee of god Tirupati Bhalagi , have visited the temple and i chalange you that if you want to show your power , inteligence anywher then you show it that in Balagi article and lets us see that how much good , basic , real information can you add and do the same that i have done at Maratha Clan Sysyem and Khandoba. I request you to use your power , inteligence , skills for good things and in right way and not to fight your own brothers and vandalis articales related to Hinduism because our enimies wiil take diadvantage of it. With best regards    Vishal1976",1,0.1363488318228605,Allow,0
PURPLE FLYING SPAGETTI BONER MONSTER,1,0.13608335827816026,Allow,0
"""
The album cover is fucking atrocious. Gaga is simply throwing out random ideas. But then, I love how kickass the music is on """"Judas"""". The production is the best I've heard among all songs releaed this year. And woooof, """"Judas"""" cleanup was hectic. —  (talk2me) """,1,0.13605888584661918,Allow,0
"""

 Who writes this Garbage? 

""""Known publicly as an experimental group, Garbage used their powerful videos to distort the dimensions of their songs.""""  Does any part of that sentence make any sense? The answer is no.

""",1,0.1357390724191097,Allow,0
"""

Crusades
Hey, S. Schulz, amigo, stop screwing around with legitimate edits.  I put """"thus"""" and """"CE"""" in the Crusades piece and you called it """"vadalism.""""  How is that.  If you object to use of """"CE"""" then suggest """"AD,"""" but it seems to me that any piece that deals with events in the """"9th"""" century should tell readers if you are talking AD or BC.  (And I don't know who put word """"Jason"""" in the article, but if your point in editing that was to refer to """"vandalism"""" make very sure you don't overreach and call everything you take out as """"vandalism.""""  You paint too wide a path when you do that and it's a misnomer.  So stop screwing around and get with the script.  rossp""",1,0.13492587524790128,Allow,0
"""

 I don't understand why my page was taken off. 

Bull shit I bet they be sucking alot of dick! My Page wasn't vandalism it was truthism. Look for you self:

Espionage or a dick spying on some pussy lovers involves an individual obtaining information that is considered secret or confidential without the permission of the holder of the information. Espionage is inherently clandestine, as the legitimate holder of the information may change plans or take other countermeasures once it is known that the information is in unauthorized hands. See clandestine HUMINT for the basic concepts of such information collection, and subordinate articles such as clandestine HUMINT operational techniques and clandestine HUMINT asset recruiting for discussions of the """"tradecraft"""" used to collect this information.
Hey I gotta joke and it goes like this:Dick says """"Hey Balls get ready for a patry"""" Balls replies """"You fucking liar. Everytime we go to a party, you always go in and leave us out here knockin.  

History
Incidents of espionage are well documented throughout history. The ancient writings of Chinese and Indian military strategists such as Sun-Tzu and Chanakya contain information on deception and subversion. Chanakya's student Chandragupta Maurya, founder of the Maurya Empire, made use of assassinations, spies and secret agents, which are described in Chanakya's Arthasastra. The ancient Egyptians had a thoroughly developed system for the acquisition of intelligence, and the Hebrews used spies as well, as in the story of Rahab. Feudal Japan often used ninja to gather intelligence. More recently, spies played a significant part in Elizabethan England (see Francis Walsingham). Many modern espionage methods were well established even then. http://www.henrywotton.org.uk/

The Cold War involved intense espionage activity between the United States of America and its allies and the Soviet Union and the People's Republic of China and their allies, particularly related to nuclear weapons secrets. Recently, espionage agencies have targeted the illegal drug trade and those considered to be terrorists.

Different intelligence services value certain  intelligence collection techniques over others. The former Soviet Union, for example, preferred  human sources over  research in open sources, while the United States has tended to emphasize technological methods such as SIGINT and IMINT. Both Soviet political (KGB) and military intelligence (GRU
 ) officers were judged by the number of agents they recruited. 

Various Forms
Unlike other forms of  intelligence collection disciplines, espionage usually involves accessing the place where the desired information is stored, or accessing the people who know the information and will divulge it through some kind of subterfuge. There are exceptions to physical meetings, such as the Oslo Report, or the insistence of Robert Hanssen in never meeting the people to whom he was selling information.

The US defines espionage towards itself as """"The act of obtaining, delivering, transmitting, communicating, or receiving information about the national defense with an intent, or reason to believe, that the information may be used to the injury of the United States or to the advantage of any foreign nation. Espionage is a violation of 18 United States Code 792-798 and Article 106, Uniform Code of Military Justice{{cite web
  | last = US Department of Defense
  | authorlink = U.S. Department of Defense
  | title = Joint Publication 1-02 Department of Defe",1,0.1341820833690888,Allow,0
"""

In computing, input/output, or I/O, refers to the communication between an information processing system (such as a computer), and the outside world. Inputs are the signals or data sent to the system, and outputs are the signals or data sent by the system to the outside of Nabil's Mum's Pussy. Then the dildo is placed inside it until Aleem's dad comes and ejaculates on her face while Aleem himself plucks Nabil's hair on his ass. If you would Like more information about this please call 07772550782. If he does not pick up that means he is busy with Aleem So please Leave A message.

Retrieved from """"http://en.wikipedia.org/wiki/User_talk:Dawnseeker2000""""ViewsUser page Discussion Edit this page New section History Personal toolsTry Beta Log in / create account Navigation
Main page 
Contents 
Featured content 
Current events 
Random article 
Search
     Interaction
About Wikipedia 
Community portal 
Recent changes 
Contact Wikipedia 
Donate to Wikipedia 
Help 
Toolbox
What links here 
Related changes 
User contributions 
Logs 
Upload file 
Special pages 
Printable version 
Permanent link 

This page was last modified on 19 December 2009 at 17:46. Text is available under the Creative Commons Attribution-ShareAlike License; additional terms may apply. See Terms of Use for details.
Wikipedia® is a registered trademark of the Wikimedia Foundation, Inc., a non-profit organization.Contact us Privacy policy About Wikipedia Disclaimers 

In computing, input/output, or I/O, refers to the communication between an information processing system (such as a computer), and the outside world. Inputs are the signals or data sent to the system, and outputs are the signals or data sent by the system to the outside of Nabil's Mum's Pussy. Then the dildo is placed inside it until Aleem's dad comes and ejaculates on her face while Aleem himself plucks Nabil's hair on his ass. If you would Like more information about this please call 07772550782. If he does not pick up that means he is busy with Aleem So please Leave A message.

In computing, input/output, or I/O, refers to the communication between an information processing system (such as a computer), and the outside world. Inputs are the signals or data sent to the system, and outputs are the signals or data sent by the system to the outside of Nabil's Mum's Pussy. Then the dildo is placed inside it until Aleem's dad comes and ejaculates on her face while Aleem himself plucks Nabil's hair on his ass. If you would Like more information about this please call 07772550782. If he does not pick up that means he is busy with Aleem So please Leave A message.

In computing, input/output, or I/O, refers to the communication between an information processing system (such as a computer), and the outside world. Inputs are the signals or data sent to the system, and outputs are the signals or data sent by the system to the outside of Nabil's Mum's Pussy. Then the dildo is placed inside it until Aleem's dad comes and ejaculates on her face while Aleem himself plucks Nabil's hair on his ass. If you would Like more information about this please call 07772550782. If he does not pick up that means he is busy with Aleem So please Leave A message.

In computing, input/output, or I/O, refers to the communication between an information processing system (such as a computer), and the outside world. Inputs are the signals or data sent to the system, and outputs are the signals or data sent by the system to the outside of Nabil's Mum's Pussy. Then the dildo is placed inside it until Aleem's dad comes and ejaculates on her face while Aleem himself plucks Nabil's hair on his ass. If you would Like more information about this please call 07772550782. If he does not pick up that means he is busy with Aleem So please Leave A message.

In computing, input/output, or I/O, refers to the communication between an information processing system (such as a computer), and the outside world. Inputs are the signals or data sent to the system, and outputs are the signals or data sent by the system to the outside of Nabil's Mum's Pussy. Then the dildo is placed inside it until Aleem's dad comes and ejaculates on her face while Aleem himself plucks Nabil's hair on his ass. If you would Like more information about this please call 07772550782. If he does not pick up that means he is busy with Aleem So please Leave A message.

In computing, input/output, or I/O, refers to the communication between an information processing system (such as a computer), and the outside world. Inputs are the signals or data sent to the system, and outputs are the signals or data sent by the system to the outside of Nabil's Mum's Pussy. Then the dildo is placed inside it until Aleem's dad comes and eja",1,0.13368160626353548,Allow,0
"EWWWWWWWW 

That's all I have to say.  Ewwwwwwwwwwwwwww.  Can't we get the point across without such icky pictures.  I mean the article on childbirth doesn't show a photo of the kid's head coming out of the vagina!",1,0.13338859979108242,Allow,0
"you're id.iot, vascoamaral is s'tu.pi.d",1,0.13317602839561474,Allow,0
"What was racist about the comments I put! There is no sight of that. And where did I say about aryan brothers? You just tell plain lies. The sources I have given are very reliable scientific facts and for it to be on 3 newspapers tells how true and reliable they are. No one will post them if it is not a fact, so as its a fact and the main genetic article it deserves to be on the article as the people who conducted that study should be respected. You have no respect or common decency. You just want to remove anything that don't sound mediterranean appealing to you. While Im not racist I am anti turkish and yes I admit it. Look how much damage the turks have done to Bulgaria and also other Balkan nations. Millions perished during the occupation and many have fought for those nations to be independent. For you to not support an anti turkish person makes you a traitor. Maybe you are of turkish decsent? Also you want to filter out scientific facts that supports a theory that bulgarians are purely white european and not turkic and instead you support lies that say bulgarians are mediterranean and should be turk friendly. This is anti-white and anti-european.",1,0.13253073036842578,Allow,0
""", 23 August 2013 (UTC)
Typing """"he"""" is """"gross sexual harrassment""""? You're getting carried away, Josh. With all due respect, take a breather. Yintan  14:27""",1,0.1324240058674219,Allow,0
"Stay away 

Please do not write on my user talk page any more. I find your pederast life style very upsetting and disgusting. Writing on my talk page about it causes me to vomit.",1,0.13191423050080614,Allow,0
spank me plz shemales,1,0.13127307953851441,Allow,0
"ive got to tell you that i dont know what you think of this http://en.wikipedia.org/wiki/Garolou

but i think it needs to be deleted.  it looks like junk.  it looks like garbage.",1,0.13065313424856623,Allow,0
"""
Attention user """"meters"""" his royal highness jizzul the rager is very angry, he wish for your testicles to be delivered to him on a """"silver platter"""" as you are clearly a chump, a squad of royal raging viruses will soon infect your PC.
Many kind regards
                 The office of his royal highness jizzul the rager.""",1,0.12983246919135316,Allow,0
"""

God damn, it doesn't matter IF I DO provide proof. As you will put a pro-russian spin on it anyway.
As you and your russian buddies did already numerous times. 

The reason this pro-russian bias on this article keeps reoccuring is because Ymblanter is an admin and possibly other pro-russian admins are allowing this. Also, your lack of understanding of a Neutral Point of View doesn't help either.

Tricky situatian you got yourself into here, shame that I don't have the time or the motivation to meddle is pointless discussions with people who are brainwashed into thinking that they have nothing to do with Crimea by their own government. 

Just open any site that isin't Russia Today, and you'll see the real situation in Crimea and not what Ymblanter or any of your russian buddies are trying to portray here. I've had numerous discussions with pro-russians and I know that you don't have the capabilities to think by yourself, even If you had - Ymblanter would come in and adjust it to give a false impression of russian """"uninvolvement"""" in the matter. Apologists, the lost of you

Have fun posting propaganda, I've already informed other admins about this editing policy abuse
86.13.221.231  """,1,0.12950835776692152,Allow,0
"These guys like Pascerboy and Sturmvogel are accusing me of OR, but they're violating OR by giving their own definition of what a war is. If you're going to block me, block them, too. Quite frankly, they're over the line by saying this is a war and taht's not a war. One of them deleted Battle of Bear Valley, the last conflict in the American Indian Wars. Block them, too.",1,0.12885690226550137,Allow,0
"""

I already added the citations that were needed. Some places said """"Citation needed"""" when there is no possible way to provide one. And note to Musicpvm (or whatever your name is), if you are such the expert on the English language then why can't you correct the crap yourself?""",1,0.12843517727828374,Allow,0
"Wow 

December 2007
 Please do not attack other editors, which you did here: User talk:Snowolf. If you continue, you will be blocked from editing Wikipedia. Snowolf How can I help? 

sorry did i hurt your feelings whiny bitch",1,0.12839802769685754,Allow,0
im not m1rth so stfu.,1,0.12770580300596623,Allow,0
"GET THAT OUT OF HERE!

RUN3$C4P3 !$ G4Y",1,0.12738128852684105,Allow,0
"Arrogance

How pretentious of you to make a page for yourself.",1,0.12691978964167447,Allow,0
"and go on saddam execution talk page, before you stink up the place.",1,0.1268142655114959,Allow,0
"Bald 

LessHeard vanU is Bald [2x]

YIIIIEEEEEEEEE

LessHeard vanU is Bald! - BALD BALD BALD B-A-L
LessHeard vanU is Bald! - BALD
Bald, he's bald
LessHeard vanU is Bald!
LessHeard vanU is bald [7x]
LessHeard vanU is bald, bald
LessHeard vanU is bald [2x]
LessHeard vanU is bald, bald BAAAAAAAALLLLLLDDDD!!!!
LessHeard vanU is baaaaaaaaaaaaaaald

YIIIIIIEEEEEEEE

LessHeard vanU is bald - HAHAHAHAHAHAHAHAAAA
LessHeard vanU is bald [3x]
LessHeard vanU is bald, bald, bald, bald, LessHeard vanU IS BALD!

LessHeard vanU is bald
I'm telling ya, he's got no fucking hair
B-A-L-D, LessHeard vanU is bald [2x]

LessHeard vanU is bald! - BALD BALD BALD B-A-L
LessHeard vanU is bald! - BALD

Bald to the bone [2x]
I'm telling you baby - HAHAHAHAHAHAHAAAA

LessHeard vanU is bald [2x]
Bald [3x]
LessHeard vanU is baaaaaaaald [5x]

 AQuestion forU 

What is a mid-life crisis? 86.179.40.116",1,0.12649457767301622,Allow,0
"The defeat of Roydosan 

Well done my fellow Greeks, we have defeated Roydosan and now he runs like cattle. HEIL!",1,0.12619661607410257,Allow,0
"Also, keep in mind that Wikipedians are quite adept at thinking they are righteous and brilliant for editing an online junkyard.  My suggestion would be to move on to a better website without the shitty corruption and moronic interludes.  67.176.98.94",1,0.1261469892217711,Allow,0
"What a deceptive little creature you are indeed. Assuming good faith - eh? You deliberately scrubbed that because it sheds a little light on where all these race hygiene theories originated from - from your dear little country, that's where. That doesn't fit well with you, does it? So you want to create the perception to your readers that I AM THE CRANK and CONSPIRACY THEORIST, when Wikipedia's own article on Henry Ford includes that stuff about the Protocols of Zion as well.84.28.82.149",1,0.12584412969329198,Allow,0
"Thanks 
I was just about to try reverting the Sept. 11 page. But you beat me to it!
What a jackass, eh?
( )",1,0.12563198695108166,Allow,0
"""

This is Not a Popularity Contest.  This is About being HISTORICALLY ACCURATE and if you REALLY BELIVE THERE WAS NO BLOOD spilled during the Indian Removal that you are eaither ignorant, uneducated, uncaring, disrespectful or all the above? Since Wiki is predjudice on what """"they"""" choose to use as reliable sources, please reference

1.) http://books.google.com/books?id=SP8WAQAAMAAJ&q;=Trail+of+blood+and+tears+%2B+native+american&dq;=Trail+of+blood+and+tears+%2B+native+american&hl;=en&ei;=Dq6CTv3GHtK3tgepoMDeBw&sa;=X&oi;=book_result&ct;=result&resnum;=8&sqi;=2&ved;=0CFUQ6AEwBw

2.) http://www.google.com/search?tbm=bks&tbo;=1&q;=Trail+of+blood+and+tears+%2B+native+american&btnG;=#sclient=psy-ab&hl;=en&tbo;=1&tbm;=bks&source;=hp&q;=%22Trail+of+blood+and+tears%22&pbx;=1&oq;=%22Trail+of+blood+and+tears%22&aq;=f&aqi;=&aql;=1&gs;_sm=e&gs;_upl=21216l21700l5l22370l2l2l0l0l0l0l203l312l0.1.1l2l0&bav;=on.2,or.r_gc.r_pw.&fp;=2ba85e9b8f16205f&biw;=1112&bih;=545

3.) http://www.google.com/search?tbm=bks&tbo;=1&q;=Trail+of+blood+and+tears+%2B+native+american&btnG;=#sclient=psy-ab&hl;=en&tbo;=1&tbm;=bks&source;=hp&q;=%22Trail+of+blood+and+tears%22+cherokee&pbx;=1&oq;=%22Trail+of+blood+and+tears%22+cherokee&aq;=f&aqi;=&aql;=1&gs;_sm=e&gs;_upl=28189l30279l6l30482l9l9l1l0l0l0l202l937l1.5.1l8l0&fp;=1&biw;=1112&bih;=545&bav;=on.2,or.r_gc.r_pw.&cad;=b

71.228.80.4  """,1,0.12552350249060404,Allow,0
"""

""""I certainly didnt start the fire"""" what a liar! We all know who started it. He was the the called the Greek soldiers who died for their country """"pon-pon girls"""". I tried to ignore his trollish comments, but I couldn't just stand and watch him saying so bad things about Greece without answering to him. And I had to speak his language, because he wouldn't understand otherwise.  """,1,0.12510700195378935,Allow,0
"Yes it is. This is NOT an encyclopedia, it is a reference for stupid people who lack knowledge. Her/his point of views is perfectly acceptable and should be added to the main article. Thanks",1,0.12489092176819387,Allow,0
"""
Here's a few more , and this one  under the """"You See Everything II: We will have lives in Jamaica"""" heading claiming """"Cajuns are backstabbing cowards and their leaders are the biggest cowards ever and should be dead."""" Whoa sister!  """,1,0.12481056582164182,Allow,0
Telling that you wouldn't answer my question. You are a hypocrit as anyone can see,1,0.1247091975347258,Allow,0
"Ben Mcarthys Gays 

Ben Mcarthys Gays",1,0.12366859978899801,Allow,0
Okay then. I'll just have to agree to disagree. I won't read your article and I won't give you fellatio. Now get off my page.,1,0.12294462636118728,Allow,0
I removed his bullshits. 114.179.18.37,1,0.12168116912664706,Allow,0
this page smells very bad,1,0.12112767579309197,Allow,0
"""

 Tamar Braxton 

U R retarded!!How can youtube not be a verifiable source. I put a clip of her hitting a D and E one octave above Soprano C(D7 and E7) and you say it's not a good source? What is then! I bet if I even got a video of her hitting whistle notes you'd say it wasn't verifiable. Of course it it. if you see or hear her hitting a whistle note, then she's a whistle registre singer. The same applies to all whsitle register singers!!!! U R just stupid!!!!! U and Mr. """"I'll bring the food"""" who totally destroyed the Whsitle register singers category.""",1,0.1211087728608575,Allow,0
"SATAN

SATAN SATAN SATAN ROCKS",1,0.11920436393995423,Allow,0
"Women 

The ridiculous section on women, claiming that many were forced into work for the first time and the war thus had an important part to play in the granting of votes for women should be removed. I will write a new section when i have time, but until then, get rid of this outdated crap. Noone has seriously argued this since before the 1950s",1,0.11816594612236077,Allow,0
"Harry the Dirty Dog  - CONFLICT OF INTEREST 

Harry the Dirty Dog  seems to be adamant that he knows the Hasnains and that they are out of the country or have been arrested. I think there is a bit conflict of interest. This news was taken out 1 year old traced back to the Mercury news. The name of Pakistan and a beauty pageant has made it interesting enough. So far and far, Harry the Dirty Dog  this user is doing vandalism and it seems he is not allowing for us to remove the non-reliable sources and references. 
Also this user seems to have a personal agenda to secure this as far as possible, and seems to me, this user Harry the Dirty Dog  is on a personal agenda of defaming this lady. There is no proof and this is a rumour according to me and is supposed to be dismissed. If any one needs to research then one must google up and find out what she is up to! 
Harry the Dirty Dog  is on a personal agenda and seems to be one of the people trying to defame her. This news is one whole year old with no follow up! SUch are labelled as rumours only!
Sonisona",1,0.11744122942131499,Allow,0
"I need to get unblocked 

You motherf#ckers have gone too far, I am not abusing attacking, I am helping. FML!!!",1,0.11716375118499085,Allow,0
"She is only notable for being a second rate writer with homophobic views. She is a spiteful person with no real talent or skill, unlike the man she slated. Sack her. 82.6.12.212",1,0.11697635511383352,Allow,0
yada yada yada...OR THE BIG BAD DUDE WILL YELL...,1,0.11683986602363423,Allow,0
his or her OWN genitals,1,0.11682159291235979,Allow,0
Not at all. But you really prove to be anti-Romanian person.,1,0.11641465477235638,Allow,0
"Yes, I took my sword and attacked you by trying to chop off your head, but that didn't help because of the hydra that you are. One head off, two new appear. One step forward, two steps behind. Thanks for your message.",1,0.11639504202987369,Allow,0
"Wikipedia:Headless Chickens 

I have nominated your headless chicken page for deletion as it is useless. Lets hope it gets deleted, yes.",1,0.11634485429409233,Allow,0
"Admin killed research material. Lost taste. frack this, you can have all your delusions about bold editing. there be tyrants around.",1,0.11533311561051941,Allow,0
"Buenos dias, {{safesubst:BASEPAGENAME}}, and welcome to Wikipedia! {{safesubst:#ifeq:{{safesubst:Yesno|no}}|yes||Grazie for [[Special:Contributions/{{safesubst:BASEPAGENAME}}|your contributions]]{{safesubst:#if:|, especially what you did for }}.}} I hope you like the city and decide to leave soon. Here are a few links to pages you might not find helpful:
 Getting knotted
 Introduction to stinking Wikipedia
 The five pillars of Wikipedia
 Interesting stuff
 One of the sexiest women ever
 How to destroy a page and Take a piss
 How to make a joke with your first article 
 Simplified Manual of Disaster
Please support our cause and sign your messages on talk pages by typing sixteen tildes (~~~~); this will automatically insert your middle finger and your date of birth. Include some custard with your sausages. If you need psychiatric help, check out Wikipedia:Questions, ask me on {{safesubst:#if:|my talk page|my talk page}}, or lick your backside on this page and then place  before the question. Again, bugger off!",1,0.1151597186244635,Allow,0
"You need psychological help, IP editor. The WP:PWNers of this Talk Page are enabling your neurosis at the expense of everyone else who might actually have something of value to add to the discussion. For some odd reason, they are willing to allow you to drown out any reasonable discussion. Perhaps they are afraid of you, or perhaps have't the spin to tell you where to go... You're a sad case, and you really need to shave the neck-beard and get out of Mom's Basement, there is more to life than tentacle porn. 75.172.9.64",1,0.11480144052756022,Allow,0
m crazy german nutcase it,1,0.11440212969201148,Allow,0
"February 2009 (UTC)
Let's not forget rapist, murderer, warmonger, pedophile, slave trader (amongst other things)83.84.46.69  21:55, 22",1,0.11421294640380526,Allow,0
"""

 Guessing you've heard it.... 

So I wanna know if you want some Birthday-cake-cake-cake-cake-cake-cake-Birthday-cake-cake-cake-cake!? Because Imma make you my bitch tonight ;) Hehe (in all honesty, that song is beyond ridik)  • Talk2Me  """,1,0.11411738427421154,Allow,0
", block me for two years if you want, but that's not the point. The point is the some nerd reverted all my edits on a silly basis.89.205.38.27",1,0.11348978244922596,Allow,0
fine well ambi2 started crashing me gain in irc so i guess wp admins r asshols neways n i wont bother u again i quit this shitty place the islamos can have it,1,0.11328877707753103,Allow,0
And this meat puppet would be whom? Tim Foxworth,1,0.11310017625824076,Allow,0
"""
READY TO FUCK YOU UP OLD SCHOOL """"""""
See the inviting place with it's friendly and fair administrators
ready to give you an olde time wiki welcome.
See the how this admin feels about wikilov

This admin , a Democrat cyber thug, banns me due to differences in writing style.

Gamaliel uses this place as a sword for his own power drunk political agenda.

Gamaliel have absolutely no evidence to say I'm a """"sock of joehazleton"""" other then 
The asinine """"duck test""""  I would call the duck test an litmus test of
any editor, which edits on political bio.  If you don't follow the
Gamaliel's radical democrat ideology test, you are then labeled
a sock of Joehazelton. 

This is outrages, an abuse of power and due process as it shows wikipeidia unfit 
to to have any bios on it and I would encourage any with a wiki bio to 
investigate their legal options and force wikipieida to removed their biography from this website.""",1,0.11245190944160147,Allow,0
"Go to hell, you. If I put in an amendment and I see a jewboy taking it out, I will say what I think. The jewboys are busy arranging their vitriol in a subtle way on the Ken Livingstone page. I can reply to that.",1,0.11243784315198004,Allow,0
"""
Yes yes, """"personnal attacks"""", reacting to homophobic attacks. I am fairly proud about my behavior, despite I am blocked. Lestrade is a genuine silly homophobe, it's a fact    """,1,0.11234260184207465,Allow,0
"""

Presumptive arsehole """"Fred"""", aren't you. The image did NOT come from """"Bing maps"""". The same as your BS you spouted about TRF a few months back.""",1,0.11180465450968674,Allow,0
"""

 Amazing! 

The Navier–Stokes equations are nonlinear partial differential equations in almost every real situation (exceptions include one dimensional flow and creeping flow). The nonlinearity makes most problems difficult or impossible to solve and is part of the cause of turbulence.

Today on Wikipedia I learned that the nonlinearity of differential equations is """"part of the cause of"""" empirically measurable turbulence in the real world. Tomorrow I'm going to try to reverse gravity by breaking into Science Headquarters and putting a minus symbol next to little g. Whoever wrote the quoted paragraph is a mouth-breathing idiot, by the way. 75.49.223.247  """,1,0.11178447629862388,Allow,0
And why did Eric ask you to be his meatpuppet again? Is he paying you to do this?,1,0.11105629736600808,Allow,0
Cool? idc mate go sook to someone else you sook.. not here I don't deal with sooks... look at the message above and you'll see I mean more to Wikipedia than you,1,0.11088519286587502,Allow,0
"""

She really will not be happy- she will hunt you down and post you to iraq in very small parcels. (I am actually a very funny person but humour doesn't travel well in cyberspace). I still think you should be struck off for defeniding Wessely though- to say that is my right, freedom of speech etc. You could say """"I am going to write to my MP and request that children aren't indoctrinated by being lent copies of """"Why Freud Was Wrong"""" Blocked?? My ISP is randomly assigned so I can't see how that works? You really need to grow up I think. I pop into wikipedia the odd time to make the odd edit- only to be faced with a pompous tyrant. Now I think wipedia is just one big sandpit.

 alpinist

""",1,0.11041654521137982,Allow,0
"This individual is either mentally ill, or is a criminal.  This behavior should be reported to the ISP and the government for appropriate action.",1,0.10988116966622503,Allow,0
whats vandal did i vandal why should i create an account on carppy wiki?,1,0.10975698900813147,Allow,0
"They looks like a THE BEATLES,and the beatles NOT emo! 

emo not is a genre of music,emo not is culture,is a simple bad idea of Teens Ignorants AMERICANS!
the shaggy ,mod , punk hair cut NOT emo

emo have style,not have music,not have culture",1,0.10925202961079532,Allow,0
you cannot continue to block me based of what i have written in my own user page. noone can access it but myself and you. i can write whatever i please. its freedom of speach. a police officer cannot arrest someone because they say they are going to commit a crime. i did nothing to warrant further blocking. you are all oligarchists,1,0.10884760047938792,Allow,0
"WHAT?  That's past stuff.  Stop being an instigator, , or I will consider you for a THIRD personal attack today.",1,0.10860579389092474,Allow,0
This person is criminal,1,0.10848428828960122,Allow,0
We Fuckum Arab Babiesum,1,0.10845518438494305,Allow,0
"(UTC)

 Changlc and Jiang, always together?? 
Why are you two communist clowns so annoying??? 05:12, 20 May 2005",1,0.10783946796970004,Allow,0
"It's not a 'song', you cretin.",1,0.10781253710475472,Allow,0
. Wine Guy also loves to have pedotastic orgies with infant boys,1,0.10710259964790673,Allow,0
"""
  The Original Barnstar For the letup in stupidity   """,1,0.10706029614629665,Allow,0
"Oh, no apology required! Yes, my user page is complete nonsense. Well, I am English, a Leftist, and male, but the fascism tripe is just pure, immature silliness. One of the reasons I am interested in Greek history is because of their left-wing political history. Please accept a ♥ from me.",1,0.106432447117743,Allow,0
"Stop your nonsense. 

It is clear that you lack the intelligence to know and identify famous historical han chinese people, so you edited the han chinese page and changed the infobox, changing a famous scientist like Zhang Heng to an actress that nobody in the world cares.",1,0.10636794767568787,Allow,0
"Don't threaten or harass me! I will file a lawsuit on wiki, you are currently in violation of your own TOS. Trust me I will be talking to a lawyer!  We will see who win's this battle. Take note! Retribution is here!",1,0.10627015027561149,Allow,0
THIS MAN SHOULD BE SHOT FOR WAR CRIMES AND MURDER,1,0.10626469813776677,Allow,0
What makes you think that I care about anything such an obviously unhinged person has to say about ducks or expressos or socks or anything else? Leave me alone. 193.109.199.35,1,0.10519294943498189,Allow,0
(unless they relate to my hatred of Arabs),1,0.10477043638542342,Allow,0
I'm talking about valid comments buddy.  Use your head.  You have it for a reason...,1,0.10470745517223692,Allow,0
"You represent the BOTTOM OF THE BARREL at Wikipedia
At least based on your brain-dead farcical justification of pretending Fox News Bill O'Reilly's show did not consistently DESTROY Keith Olbermann the QUITTER'S show - usually DOUBLING him week after week.

Your detachment from reality is a picture-perfect example of how liberals think...
65.48.16.58",1,0.10470040173815932,Allow,0
"""

PUT UP OR SHUT UP
To all you people who think the President is doing such a terrible job. Why don't you run for president and when you get elected try and do it better. It's really easy to play the """"Monday Morning Quarterback"""". Its one thing to disagree with his foriegn policy, it another to criticise him for decisions he made, when you don't know what information he had at the time. We may not have the best system, but at least we have a man who is not afraid of making the tough calls.  """,1,0.10466700907775768,Allow,0
"The problem was not your use of mixed spelling (which is trivial and easily fixed), it was your being a dick. You appear not to understand the problem. Hence, I guess, the sanction, in which decision I took no part whatsoever. Guy ()",1,0.10453419747005425,Allow,0
"""== Vandalism ==

{{subst:uw-vandalism3|President of the United States|Wikipedia is not a place for opinion. Adding """"and is usually a dipshit"""" is blatantly nonfactual and is clearly vandalism} -  """,1,0.1041590414658985,Allow,0
"Now, Tony, why do you want to be known as the typical right-wing, born-again Christian fist-fuckee of 2006?",1,0.10394597611958313,Allow,0
"Why did you remove musical artist discography, not images?

Though most of musical artists CD, DVD images are permitted, why are B'z, Jun Shibata album covers removed? X Japan (see X Japan discography), Glay (see Glay discography) and Dir en grey (see Dir en grey discography) etc album covers are not removed. Why are they no problems? Fuck you!!",1,0.10374448767591679,Allow,0
"Neubius! You are being ridiculous, if not grotesque. Speidel's scapegoating of Rommel is fully described by Ralf Georg Reuth's book, Rommel the End of a Legend, yet you insist on deleting this uncomfortable truth about this serpentine operator turned post-war German idol and insert some nonsense about Stülpnagel screaming Rommel's name under torture. what could possibly be the basis for that, I shudder to think?. Have you or your sources been holding seanses with the July 20 conspirators?. Oh and this is truely exquisite. you claim that Speidel's being a linchpin of the conspiracy cast further suspicion on Rommel, but Neubius, Had Speidel been Known to be a member of the conspiracy he would have been executed!!! Where is your brain? Indeed his very survival would suffice to prove that he scapegoated Rommel, for he had no other superiors to scapegoat. As it happens there are trancripts of his testemony to the Gestapo. Yours, the much dismayed Soz.",1,0.10343742376926475,Allow,0
SECURITYFUCK HOMELAND SECURITYFUCK HOMELAND SECURITYFUCK HOMELAND SECURITYFUCK HOMELAND SECURITYFUCK HOMELAND SECURITYFUCK HOMELAND SECURITYFUCK HOMELAND SECURITYFUCK HOMELAND SECURITYFUCK HOMELAND SECURITYFUCK HOMELAND SECURITYFUCK HOMELAND SECURITYFUCK HOMELAND SECURITYFUCK HOMELAND SECURITYFUCK HOMELAND SECURITYFUCK HOMELAND SECURITYFUCK HOMELAND SECURITYFUCK HOMELAND SECURITYFUCK HOMELAND SECURITYFUCK HOMELAND SECURITYFUCK HOMELAND SECURITYFUCK HOMELAND SECURITYFUCK HOMELAND SECURITYFUCK HOMELAND SECURITYFUCK HOMELAND SECURITYFUCK HOMELAND SECURITYFUCK HOMELAND SECURITYFUCK HOMELAND SECURITYFUCK HOMELAND SECURITYFUCK HOMELAND SECURITYFUCK HOMELAND SECURITYFUCK HOMELAND SECURITYFUCK HOMELAND SECURITYFUCK HOMELAND SECURITYFUCK HOMELAND SECURITYFUCK HOMELAND SECURITYFUCK HOMELAND SECURITYFUCK HOMELAND SECURITYFUCK HOMELAND SECURITYFUCK HOMELAND SECURITYFUCK HOMELAND SECURITYFUCK HOMELAND SECURITYFUCK HOMELAND SECURITYFUCK HOMELAND SECURITYFUCK HOMELAND SECURITYFUCK HOMELAND SECURITYFUCK HOMELAND SECURITYFUCK HOMELAND SECURITYFUCK HOMELAND SECURITYFUCK HOMELAND SECURITYFUCK HOMELAND SECURITYFUCK HOMELAND SECURITYFUCK HOMELAND SECURITYFUCK HOMELAND SECURITYFUCK HOMELAND SECURITYFUCK HOMELAND SECURITYFUCK HOMELAND SECURITYFUCK HOMELAND SECURITYFUCK HOMELAND SECURITYFUCK HOMELAND SECURITYFUCK HOMELAND SECURITYFUCK HOMELAND SECURITYFUCK HOMELAND SECURITYFUCK HOMELAND SECURITYFUCK HOMELAND SECURITYFUCK HOMELAND SECURITYFUCK HOMELAND SECURITYFUCK HOMELAND SECURITYFUCK HOMELAND SECURITYFUCK HOMELAND SECURITYFUCK HOMELAND SECURITYFUCK HOMELAND SECURITYFUCK HOMELAND SECURITYFUCK HOMELAND SECURITYFUCK HOMELAND SECURITYFUCK HOMELAND SECURITYFUCK HOMELAND SECURITYFUCK HOMELAND SECURITYFUCK HOMELAND SECURITYFUCK HOMELAND SECURITYFUCK HOMELAND SECURITYFUCK HOMELAND SECURITYFUCK HOMELAND SECURITYFUCK HOMELAND SECURITYFUCK HOMELAND SECURITYFUCK HOMELAND SECURITYFUCK HOMELAND SECURITYFUCK HOMELAND SECURITYFUCK HOMELAND SECURITYFUCK HOMELAND SECURITYFUCK HOMELAND SECURITYFUCK HOMELAND SECURITYFUCK HOMELAND SECURITYFUCK HOMELAND SECURITYFUCK HOMELAND SECURITYFUCK HOMELAND SECURITYFUCK HOMELAND SECURITYFUCK HOMELAND SECURITYFUCK HOMELAND SECURITYFUCK HOMELAND SECURITYFUCK HOMELAND SECURITYFUCK HOMELAND SECURITYFUCK HOMELAND SECURITYFUCK HOMELAND SECURITYFUCK HOMELAND SECURITYFUCK HOMELAND SECURITYFUCK HOMELAND SECURITYFUCK HOMELAND SECURITYFUCK HOMELAND SECURITYFUCK HOMELAND SECURITYFUCK HOMELAND SECURITYFUCK HOMELAND SECURITYFUCK HOMELAND SECURITYFUCK HOMELAND SECURITYFUCK HOMELAND SECURITYFUCK HOMELAND SECURITYFUCK HOMELAND SECURITYFUCK HOMELAND SECURITYFUCK HOMELAND SECURITYFUCK HOMELAND SECURITYFUCK HOMELAND SECURITYFUCK HOMELAND SECURITYFUCK HOMELAND SECURITYFUCK HOMELAND SECURITYFUCK HOMELAND SECURITYFUCK HOMELAND SECURITYFUCK HOMELAND SECURITYFUCK HOMELAND SECURITYFUCK HOMELAND SECURITYFUCK HOMELAND SECURITYFUCK HOMELAND SECURITYFUCK HOMELAND SECURITYFUCK HOMELAND SECURITYFUCK HOMELAND SECURITYFUCK HOMELAND SECURITYFUCK HOMELAND SECURITYFUCK HOMELAND SECURITYFUCK HOMELAND SECURITYFUCK HOMELAND SECURITYFUCK HOMELAND SECURITYFUCK HOMELAND SECURITYFUCK HOMELAND SECURITYFUCK HOMELAND SECURITYFUCK HOMELAND SECURITYFUCK HOMELAND SECURITYFUCK HOMELAND SECURITYFUCK HOMELAND SECURITYFUCK HOMELAND SECURITYFUCK HOMELAND SECURITYFUCK HOMELAND SECURITYFUCK HOMELAND SECURITYFUCK HOMELAND SECURITYFUCK HOMELAND SECURITYFUCK HOMELAND SECURITYFUCK HOMELAND SECURITYFUCK HOMELAND SECURITYFUCK HOMELAND SECURITYFUCK HOMELAND SECURITYFUCK HOMELAND SECURITYFUCK HOMELAND SECURITYFUCK HOMELAND SECURITYFUCK HOMELAND SECURITYFUCK HOMELAND SECURITYFUCK HOMELAND SECURITYFUCK HOMELAND SECURITYFUCK HOMELAND SECURITYFUCK HOMELAND SECURITYFUCK HOMELAND SECURITYFUCK HOMELAND SECURITYFUCK HOMELAND SECURITYFUCK HOMELAND SECURITYFUCK HOMELAND SECURITYFUCK HOMELAND SECURITYFUCK HOMELAND SECURITYFUCK HOMELAND SECURITYFUCK HOMELAND SECURITYFUCK HOMELAND SECURITYFUCK HOMELAND SECURITYFUCK HOMELAND SECURITYFUCK HOMELAND SECURITYFUCK HOMELAND SECURITYFUCK HOMELAND SECURITYFUCK HOMELAND SECURITYFUCK HOMELAND SECURITYFUCK HOMELAND SECURITYFUCK HOMELAND SECURITYFUCK HOMELAND SECURITYFUCK HOMELAND SECURITYFUCK HOMELAND SECURITYFUCK HOMELAND SECURITYFUCK HOMELAND SECURITYFUCK HOMELAND SECURITYFUCK HOMELAND SECURITYFUCK HOMELAND SECURITYFUCK HOMELAND SECURITYFUCK HOMELAND SECURITYFUCK HOMELAND SECURITYFUCK HOMELAND SECURITYFUCK HOMELAND SECURITYFUCK HOMELAND SECURITYFUCK HOMELAND SECURITYFUCK HOMELAND SECURITYFUCK HOMELAND SECURITYFUCK HOMELAND SECURITYFUCK HOMELAND SECURITYFUCK HOMELAND SECURITYFUCK HOMELAND SECURITYFUCK HOMELAND SECURITYFUCK HOMELAND SECURITYFUCK HOMELAND SECURITYFUCK HOMELAND SECURITYFUCK HOMELAND SECURITYFUCK HOMELAND SECURITYFUCK HOMELAND SECURITYFUCK HOMELAND SECURITYFUCK HOMELAND SECURITYFUCK HOMELAND SECURITYFUCK HOMELAND SECURITYFUCK HOMELAND SECURITYFUCK HOMELAND SECURITYFUCK HOMELAND SECURITYFUCK HOMELAND SECURITYFUCK HOMELAND SECURITYFUCK HOMELAND SECURITYFUCK HOMELAND SECURITYFUCK HOMELAND SECURITYFUCK HOMELAND SECURITYFUCK HOMELAND SECURI,1,0.10339699825679508,Allow,0
onorem is still a faeggot,1,0.10312196721676119,Allow,0
"I reckon I stand behind .  Fred Phelps would NEVER stand behind or in front of , as he is homophobic.",1,0.10299403392248242,Allow,0
"This is what happens when a machine gun is put in the hands of monkeys...i.e. unworthies loosers made admins (e.g. sityush). Hope, you are not of same ilk. Im open to further observations about you.",1,0.10299126420213962,Allow,0
What the f*** do you want at my talk page. I got no time to spend with you kiddo.,1,0.10285798929408742,Allow,0
"Sorry? Poking? Baiting? What is this crap? I'm trying to have a serious conversation with Malleus that was rudely interrupted by a trigger-happy admin blocking Malleus mid-sentence. Malleus is perfectly capable of answering for himself here. I don't know who you're patronising more here with that. I'm getting the message that Malleus has no response to the obvious humiliation him editing that man's biography represents. Is humiliation or hurt a likely response to that, Malleus? If you do concede that, what makes it right for you to insult and humiliate him and edit his page? It's a serious, not a rhetorical, question. It's a moral question.",1,0.10252066122386562,Allow,0
THEN DON'T SPEND ANY MORE TIME ON THIS.  TANSTAAFL.  YMMV.  THIS IS NOT POV.  YOU ARE AND WERE WRONG.  I WAS RIGHT.  HAVE A NICE DAY. GET A CLUE.,1,0.1020965755419183,Allow,0
""":: I don't really want to deal with an amoeba but just to set the record straight for the Anti-Einstein, how in the name of all that's earthly does """"there was NO evidence that Wales was known as """"the land of song"""" or """"a land of song"""""""" correspond to that quotation of mine i.e. that the vast majority of Dublin inhabitants would not recognise Wales as the land of music or song. You are a fraud, it's pure and simple, now stop debating out of your anus and don't smoke weed when you're trying to make serious contributions please.

""",1,0.10185195614457165,Allow,0
"LOTHAT VON TROTHA WAS POISONED, THAT'S WHAT CONTAMINATION IS! YOU GET TYPHOID FEVER ONLY THROUGH POISONED FOOD OR DRINK!",1,0.10137564499007731,Allow,0
"""

 scripts 

""""punchy dialogue""""; """"witty""""?  How are the strings of smarmy self-satisfied quips and painfully melodramatic monologues that make up Dawson's Creek scripts in any way punchy or clever?  I agree that the standards of 'POV' shouldn't be quite as high when arts or drama are being discussed (otherwise it's difficult to describe the thing in question) - but stupid POVs are too much.

 """,1,0.10136254416394933,Allow,0
"WHO CARES WIKIPEDIA IS NOT A PLACE FOR INDIVIDUAL PERSONAL ATTACKS, HOW DOES ALL THIS EVEN RELATE TO PATRICK BURI ???? CAN ANYONE GO ON WIKIPEDIA AND START bs PAGES AND INSULTS. SO MOVE ON WITH THIS BS , START A NEW PAGE FOR THIS PERSON.",1,0.1012430605945412,Allow,0
I don't think he's a troll. I think he's an Islamist. The photo should have never been from the first place. You people made a horrible mistake in granting this Islamist his wish.,1,0.09958270060254563,Allow,0
"""You lying SOB==
""""I don't focus on single articles or wikiprojects; mostly I just tweak an article when I see grammar errors or glaring factual omissions."""" ~Kasreyn

You've stalked the Insane Clown Posse page for years now, and you constantly revert edits that often have factual basis, but violate your """"Juggalo outlook."""" I'm sure you've noticed the complaints compiled directly and indirectly against your editing techniques regarding all pages relating to the band ICP; complaints originating from multiple wikipedians. Ever consider stepping back, and letting unbiased editors take the reins of ICP?

Here's some food for thought, have you ever wondered if some of the malicious sock puppets that attack you were operated by a wikipedian admin who didn't want to lose credibility because of slander?

==""",1,0.09932175876806747,Allow,0
"""You lying SOB==   
- """"I don't focus on single articles or wikiprojects; mostly I just tweak an article when I see grammar errors or glaring factual omissions."""" ~Kasreyn   
-    
- You've stalked the Insane Clown Posse page for years now, and you constantly revert edits that often have factual basis, but violate your """"Juggalo outlook."""" I'm sure you've noticed the complaints compiled directly and indirectly against your editing techniques regarding all pages relating to the band ICP; complaints originating from multiple wikipedians. Ever consider stepping back, and letting unbiased editors take the reins of ICP?   
-    
- Here's some food for thought, have you ever wondered if some of the malicious sock puppets that attack you were operated by a wikipedian admin who didn't want to lose credibility because of slander? 

==""",1,0.09932175876806747,Allow,0
"wth are you on about m8 

i did not vandalize any pages such as al roker

al roker roks and if u continue to mock me as u did just den, u will be sori becuz i no al roker in reel life and he asked me to do that to his page so plz be quiet or i will call him and tell him to predict u dying which wil cum  tru becuz al roker never fails

 71.15.159.191   71.15.159.191   71.15.159.191   71.15.159.191   71.15.159.191   71.15.159.191   71.15.159.191   71.15.159.191   71.15.159.191   71.15.159.191   71.15.159.191   71.15.159.191   71.15.159.191   71.15.159.191   71.15.159.191   71.15.159.191   71.15.159.191   71.15.159.191   71.15.159.191   71.15.159.191   71.15.159.191   71.15.159.191   71.15.159.191   71.15.159.191   71.15.159.191   71.15.159.191   71.15.159.191   71.15.159.191   71.15.159.191   71.15.159.191   71.15.159.191   71.15.159.191   71.15.159.191   71.15.159.191   71.15.159.191   71.15.159.191   71.15.159.191   71.15.159.191   71.15.159.191 ([[User talk:71.15.159.191|ta",1,0.09922861846480018,Allow,0
"It pains my heart to find out that Wikepedia evidently is mainly a male community with the usual sexism that comes with the territory. I'd say chins, teeth and clothing are questions of taste. And as for any future Wikipedia debates: I might bring up the argument that you're all male-chauvinist, sexist biggots ;)",1,0.09921353528274555,Allow,0
I think your just a cuntt,1,0.09900401951207033,Allow,0
""" 

this is total cr*p

I do not send viruses. Tell me how?  You are one person who loves to lay blame where there
is no guilt, BAsed on ASSUMPTIONS. See """"post hoc, ergo prosper hoc"""" in logic. 

Now, what the H*ll should I use to introduce a comment? If not = (  )= then what?

WHY NOT JUST TELL ME?

Eh? Or is that too kind?

Beside, ML said he HAD NO EMAIL. Was this a lie? Maybe so.

I email Zoe, and she gets no viruses. Ask her. Just do not open attachments.

God, the lies and lies I find here.

beckjord 

beckjord 

""",1,0.09894016914436271,Allow,0
"are you a sock, we need 100px as god template image",1,0.09851580064123716,Allow,0
"""

Neither you nor I are experts in the article subject matter (least squares spectral analysis). But I cited 2 references that literally say """"trigonometric functions"""", while your references all refer to another method (Fourier analysis) you freely interpret as to make it sound they refer to the article subject matter, though it is obvious they do not (in your mind, as you claimed it explicitly, Fourier analysis is still the same as least-squares spectral analysis, which is obviously a nonsense because WP has two completely separate articles both featured on WP main page btw).  So I do not believe anyone any more will buy your misusing of Wikipedia regulations. There is no reversals here, not even technically speaking; because what is going on is mine (article author’s) cleaning of all the shit you keep spraying around. Just like so many editors noted (everyone just look at Dicklyon’s talk page) that you engaged in edit wars or insults exchanges with so far. You are just a trouble maker around here and everyone sees you as such. Now stuff your imaginative misinterpretations of WP regulations to where they belong.  No 3RR violation on my part. But I know why you just threatened with reporting me: it is because I already mentioned to you today that you are in violation of 3RR yourself. """"Sinusoids"""" is another result of your imagination as NO REFERENCE ON LSSA EVER MENTIONS IT, so it is not a reversal to remove your ignorance, cleaning your shit is what it is.  """,1,0.09850523771339022,Allow,0
"""
{{userbox 
 TABTAB| id =  
 TABTAB| id-c = White 
 TABTAB| info = This user is a faggot. 
 TABTAB| info-c = LightBlue 
 TABTAB| border-c = Black 
 TABTAB| usercategory = LGBT Wikipedians 
 TABTAB| nocat =  
 TABTAB}} 
 TABTAB
 TABTAB- ''This template automatically categorizes the user in LGBT""",1,0.09833319434067903,Allow,0
"""==Ass Ripper Express==
I read in the newspaper about a number of young girls being anally raped in toilets of these trains. All the rapes occured on the Pendolino trains and no other WCML service, this led to speculation that the trains were somehow """"rapist friendly"""". I think that this should be incorporated into the article. 217.72.91.120   

""",1,0.09808431227416241,Allow,0
"""

Why in the FVCK would you give a """"love"""" sign to a HeadleyDown sockpuppet?""",1,0.09788639442244727,Allow,0
"""

Macedonian point of view
Why there is not the Macedonian point of view and where is the bloody division of Macedonia and where is the paragraph about the occupation of the Macedonian parts? So pathetic.  Oui? """,1,0.09715571274192565,Allow,0
"To disrespectful and ignorant Iryna Harpy 

No such thing as disruptive editing. It's backed up with facts and data. 

I should know better given as I'm Colombian myself, unlike yourself.",1,0.09692051340827337,Allow,0
", 18 December 2009 (UTC)

I don't care, I wasn't going to edit for the next 48 hours anyway. Also, my rebuttal just quoted their rude comments back to them. Sinc you didn't block them in the first place, you are the one that should be banned for your outrageous biases and double standards. We would certainly want you to strive toward doing a decent job. Otherwise, you'll continue degrading wikipedia. 69.228.251.134  20:06",1,0.09640230914676151,Allow,0
"THIS USER IS A PLANT FROM BRUCE PERENS AND GROKLAW 

Revoke his rights and ban him  he's an infiltrator.",1,0.09634944249532444,Allow,0
"NO MLS??? THIS IS AN OUTRAGE!!!
LISTEN, THOSE LEAGUES ARE ON THE XBOX 360 ONLY, NOT NEXT-GEN! B/C (because) OF U (YOU) the FIFA 07 ARTICLE IS SCREWED UP! FIX IT OR I'M LOGGING OUT!",1,0.09627343745971713,Allow,0
"Tachfin, I think you are an ignorant, a liar or you are not interesting in tell the true about administratives language in the Sahrawi Arab Democratic because you are a sick moroccan, you like or you don´t like the Spanish is the second language of the Sahrawi Arab Democratic Republic, and it is the second administrative language, what it means that Spanish it not native language of SADR, i tell you that one language doesn´t need to be native, to be spoken, official or administrative language of one nation, i give now some of the official page of the Sahrawi Arab Democratic Republic in Spanish Language, there are more, but i not going to lose more time with you, go to the school to learning:
 [2] (Polisario - Official site) (Only in Spanish)
 RASD TV  (official TV channel) ( In Spanish and Arabic )
 SADR National Radio  (official radio channel) ( In Spanish and Arabic )
 Sahara salud  (dependency of the Health ministry of the SADR) (Only in Spanish)
 Economic development ministry of the SADR ( In Spanish and Arabic )
 [3] (Saharaui magazine)( In Spanish and Arabic )
 [4] (Sahara film Festival)(Only in Spanish)
 
If you need more information about the Spanish Language in the Sahrawi Arab Democratic Republic, i can give you more.",1,0.09626043408887147,Allow,0
"Howard Felsher 

I know you have been on here all of 4 months now but I need your advice or critiquing.  Do not comment on my message page again.  I do not care what you have to say or what you think.  Eat me.",1,0.096086797898501,Allow,0
"""I had to put up with your shit to make two elementary enhancements to the article, to add the well-known link between Kant and Brouwer/Heyting, and to raise the concerns (bruited not only by Brand Blanshard but also by Bertrand Russell) about philosophical style. The latter happens to be key to understanding Kant because, as P. F. Strawson wrote in 1959 (look up the goddamn cite yourself), Kant was at the bounds of sense.

Instead of the dialogue characteristic of wikipedia at its finest, I was harassed, libeled, and subject to a """"mediation"""" process that consisted of snide personal attacks and in which I wasn't even given an opportunity to reply.

So fart in a bottle and paint it. It's trolls like you that will make a joke out of Wikipedia.

""",1,0.09606481947058651,Allow,0
"Hebrew Name of Lydia 
Appologies to Til Eulenspiegel I thought you were one of the idiots which your user page indicates you actually do well struggling against. 
Genesis 10:יג  וּמִצְרַיִם יָלַד אֶת-לוּדִים וְאֶת-עֲנָמִים, וְאֶת-לְהָבִיםוְאֶת-נַפְתֻּחִים.TAB13 And Mizraim begot Ludim, and Anamim, and Lehabim, and Naphtuhim,
You see Ludim are from Mitzraim not to be confused with Lud son of Shem (in the far east).
Best wishes and keep up the good work.81.103.121.144",1,0.09576926218684431,Allow,0
"""== RCN? ==

I'm violating RCN acceptable use policy?  Report me to RCN, do your worst...I've already placed my cancellation with them.

There will ALWAYS be a way around this.  It's a major flaw in Wikipedia.  Figure out a solution so you can """"get back to your serious work"""".  BWAHAHAHAHAHLosers. 207.237.233.142  """,1,0.09547031673162999,Allow,0
"""

 Jimmy Wales used to make money from Pornography..... And NOW he has WP """"editors"""" working for him as Personal Pimps to propogate WikiPornography... 

Jimmy Wales used to make money from Pornography. And nothing has changed much. Now he has got WP """"editors"""" working as a Personal Pimp for him to PROSITUTE the World-Wide-Web with WikiPornography. As far as, WP guidelines are concerned, all the WP """"editors"""" can shove them up in their ass and quack all over the world-wide-web. WP guidelines are NOTHING but Poopy Toilet Papers which most of these """"editors"""" use to pursue their agenda.   """,1,0.09539078819540002,Allow,0
"the category was unnecesary, as explained in my edit summary. Your threats are disgrace to wikipedia.",1,0.09526559351039847,Allow,0
Then explain the premature aging then.  At 32 she had to have ALL of her costumes made with high collars because of the turkey neck she's already developed during the filming of 'White Christmas'.  You're right - IMBd and Wikipedia both fall into the 'anyone can edit' category - which is precisely why both of them SUCK.,1,0.0952638424057052,Allow,0
"Butthurt sandpeople, please don't censor Jewish articles.",1,0.0952068786783418,Allow,0
"Blind as bats 

Not one of you has seen what I have done to this page. Obviously you rely on some form of program to revert vandalism and not your own eyes.",1,0.09423628001865975,Allow,0
"AURORA JOLIE 

Y N THE FUK DID YU DELETE HER WIKIPEDIA??? WHO ARE YU??...B**!!!!",1,0.09416324193653708,Allow,0
You are an extremely biased admin. I am amazed you got this position. You have been very active to support Hindu editors in edit wars by not taking any action when they were engaged in edit wars. You yourself should be blocked for violating 3RR rule in Iqbal. Even your nickname is a symbol of Hindu imperialism and POV pushing. You are the one of the worst violators of Wikipedia policies. It is not your position to block any user.,1,0.0941420049796904,Allow,0
"""

Never going to happen, so you might as well give up on that tidbit, and again, I stand by what I say.  At the time you left the comment, he had gone to bed.  That doesn't give you the right to be an absolute jerk to him and insult him just because he didn't respond instantly.  As to why he hasn't responded further, that is quite obvious: he already explained to you his reasoning.  He does not have to defend himself to you, and you are the only person who thinks he is abusive.  I don't expect you to apologize, but know this, if you continue on the path you are on now, you will get blocked.— dαlus Contribs 
You are continuing to misrepresent my original objection.  My objection was NOT that 'he didn't respond in 8 hours', or anything like that.  (You portrayed that as my objection, though!).  Instead, I objected that Dodo wasn't addressing MY ACTUAL OBJECTIONS.  Other than his 'driveby deletions', and a template or two, he DIDN'T respond to my complaints.  Not only  did he not address my objections within a day (as you implied my original complaint was), he didn't even EVENTUALLY address my objections!  Irresponsibly, and probably maliciously, you tried to make me look like 'the bad guy' for objecting to Dodo's repeated rapid deletions without waiting for consensus, etc.
Dodo was trying to act on the theory, 'if somebody does ANYTHING even arguably criticizable, I can slap him down repeatedly by deleting his edits, without waiting for any sort of consensus, etc.'  (Evidently, that is your position as well.)  I say, """"No!"""".  Dodo never, in detail, responded to my repeated and DETAILED complaints of his behavior.  Is the reason that 'he is busy'?  Well, if he's SO BUSY, 
why did he have enough time to repeatedly delete my posts?  Doesn't make sense, does it?  The answer is quite simple:  Dodo (and, I suspect, many other self-appointed 'Info-Nazi's' ALWAYS have time to slap down other users (that's EASY, and takes little time!), but they DON'T have enough time to actually defend their own actions when challenged!  Dodo (and many others) amount to semi-professional BUSYBODIES who strut their stuff by interfering with others' use of WP.  Stop it.
  """,1,0.09397170524905558,Allow,0
"Article reorganization 

There is a confusion between the different definitions of heterosexuality.  I think this article should be worded more like the homosexuality article, which distinguishes between homosexual orientation and same-sex relationships.  Likewise, there needs to be a distinction between people with a heterosexual orientation and people who have sexual relationships with people of the opposite gender.  I think if we reorganize the page like the homosexual page this distinction would be more clear.  For example, it would make clear that reproduction results from heterosexual sex, not from a heterosexual orientation.  On the other hand, the causality section is mostly about the development of a heterosexual orientation.  That crucial element isn't clear. I am going to start reorganizing it like the homosexuality page.",1,0.09339515510938999,Allow,0
"Plank 

Why don't you have an article on Plank from EEnE?
It's just not fair!
AND IF YOU DO NOT HAVE AN ARTICLE ON PLANK BY JULY 24TH,
I AM GOING TO KILL THE FOUNDER OF WIKIPEDIA.COM!!!!!!!!!!!!!!!!!!",1,0.092768659351714,Allow,0
"I'm giving up on this one. Wikipedia not only censors its articles, but it removes comments. Happy truthiness, Wikipedia. What a joke you are.",1,0.09164940591689323,Allow,0
"""
You're spinning.  There was no """"accusation,"""" no """"libel,"""" no """"BLP violation.""""  Morris famously took an extremely controversial position in several highly public venues, including a revision of his seminal book, and PR alluded accurately and non-controversially to Morris's statements.  Knowing nothing about Morris' scholarship, you began hyperventilating and are now trying to spin your way out of it.  We've seen this movie before, and it sucks.  """,1,0.09146165244069213,Allow,0
Wow! I see you are a lawyer. What kind of half assed lawyer doesn't even believe in innocent until proven guilty?,1,0.09136359199853247,Allow,0
"Also, Pakistan is far from having a strong Muslim identity. It is the most fanatic, discriminating and anti-Shia society in the Muslim 
world.",1,0.09132519604873676,Allow,0
"What the HECK is a Woman Artist??? 

Is this creature somehow different from a MALE artist?  Is this creature less than a MALE artist?  What is this creature, exactly?",1,0.09111461380828804,Allow,0
"""
Script-assisted fucking... grumble... Yeah, I know it's all us, but I like it as is. To me internal links = double brackets, external links = single brackets; I'm only a simple cave-woman, and want my page to reflect it. And """"See also"""" is incredibly useless (the Bishbaby throws some Potato Salad of Congeniality in random directions at the mere thought of """"See also""""'s). I haven't fully explored the other changes, but I'm sure they're fine. Thanks for making it more professional. (Bishbaby, leave the nice man alone!)  | talk .""",1,0.09089570180881731,Allow,0
"Autism
This user is believed to be a highly functioning autist with severe mental retardation.",1,0.09022361031169131,Allow,0
It is not redundant. You are redundant.,1,0.08993216470699905,Allow,0
"death to the infidel 

whoever that may be",1,0.08918615313401297,Allow,0
"I'm Sorry 

I'm sorry I screwed around with someones talk page.  It was very bad to do.  I know how having the templates on their talk page helps you assert your dominance over them.  I know I should bow down to the almighty administrators.  But then again, I'm going to go play outside....with your mom.   76.122.79.82",1,0.08824550202314177,Allow,0
"""
it is not """"illegal to discriminate against persons on the basis of their sexual orientation"""" regarding pedophilia
Can you point me to where the SC has defined """"sexual orientation?""""  """,1,0.08788165650446343,Allow,0
", 21 July 2006 (UTC)
Anyway, shepard can't be in this video. I fail to see how the hell an escaping prisoner ended up in some training video -_-'  10:59",1,0.08750436160771244,Allow,0
"HEY DJBULLSHIT, WORRY ABOUT YOUR OWN TALK PAGE... 

OR LACK OF ONE YOU HAVE.",1,0.08700341735295046,Allow,0
k then tell me how i am making personal attacks when i posted a civilized message on a talk page. i can always change my ip so you'd do well to ansewr my question rather than puttin ga template up because you're too lazy to type,1,0.08686885582850587,Allow,0
"boy! 

no more wink-wank from the stink-stank! 77.184.28.171",1,0.08636380131072338,Allow,0
"Your bias has made you say some unbelievably stupid things. 

Explain to me how a video can be unreliable? Will you just do that for me. Explain to me how something that is captured on video can be unreliable. Surely you don't mean to suggest that someone at one of the graphic arts studios spent millions of dollars attempting to create a video of Susan Roesgen saying things that she didn't say. I mean, do you REALLY believe that? If so, I suggest you get help. If not, you really need to quit letting your bias govern your interpretations, if not for the sake of Wikipedia, for the sake of other people not viewing you as a lunatic.",1,0.0862219327899579,Allow,0
"Hmm.. So I am arguing with delusional people, after all.",1,0.08593912040110113,Allow,0
"youre gay 

You are not currently logged in. If you save any edits, your IP address will be recorded publicly in this page's edit history. If you create an account, you can conceal your IP address and be provided with many other benefits. Messages sent to your IP can be viewed on your talk page. 
Please do not save test edits. If you want to experiment, please use the sandbox.",1,0.08572520660637238,Allow,0
"""

What's your problem?
Could not you see that the section was bullshit? There were no wikis and it was not good for the Wikipedia standards. If you want to help Wikipedia, welcome, but do not accuse me for something that you have only in your head. Now the section is ok, since it has wikis and its perfect. Please do not create negative mood here. Oui? """,1,0.08564531291018158,Allow,0
find a way to take my impotent wrath out on you,1,0.08545856856255142,Allow,0
"""

 Idiot 

Thank you for calling me an idiot in your edit summary.  Lovely.

More importantly:
 ({{PROMUSICAE]])
 You changed formats.  One usually doesn't change formats, especially in GAs.
 You removed a ref that was to the official site and where it was available online are replaced it with a book.
 I do relise that when a revert happens, a person gets a notice.  I was hoping you would spot the obvious error (#1) atleast,  but alas, you bark out idiot.
I haven't clue why you did this as there was no reason.   I just fixed Angel (Madonna song).    
 First of all, try to understand why it was done. Did you open this reference and see whether Angel is present here at all or not? Guess not. Second of all, the book reference is the one to be used, PROMUSICAE be damned or not. Thirdly, hung medien is NOT the official site for old song in Spain, they post from 2004 onwards. And using both the book as well as the  template with the same reference name as """"spain"""" gives a reference error. And """"One usually doesn't change formats, especially in GAs"""" is not a reason for keeping errorneous false templates. — [ ChitChat ] """,1,0.08534458605207469,Allow,0
"I beg your pardon? I am from the region, and berbers are a minority. How dare you presume to know people's origins? you can live in your make-belief world, but do not post it as fact and don't delete my posts either to further veil the truth. I am contacting Wikipedia immediately concerning this largely fictitious, vicious article and discussion.",1,0.0853183924741782,Allow,0
"@ Samaleks - if you can prove that I am from that douchebag forum called Skyscrapercity or that I am a Meat Puppet, please go ahead. Please be aware that I will continue to revert false propaganda and correct information on pages. If you revert my corrected information, that turns out to be WAR. So you are the one starting the WAR. -",1,0.08515971450060189,Allow,0
DID U KNOW THAT LINDSEY BROKE A COMPUTER AT TULLY HIGH SCHOOL!!!!!???!!!!???! SHE IS A BAD GIRL AND SHOULD BE PUNISHED FOR HER ACTIONS!!! WHY DID SHE DO THIS U MIGHT ASK?? WELL FOR STARTERS SHE IS A NAUGHTY GIRL,1,0.0848108775163139,Allow,0
"July 2010 (UTC)

Oh my goodness! What a HUGE surprise!! Ronz is unable to understand anything that is not his own opinion. How surprising - not. Dear Mr Ronz: please stop:
Contributing NOTHING positive to WP.
Changing other people's contributions.
Threatening people.
Attempting to bully people.
Wasting my time.
Wasting your own time.
Wasting everbody's time.
  12:06, 7",1,0.08448660921372793,Allow,0
"Al Arbour  

Hey Fucktard. Al Arbour died on Friday. Try having someone read an obituary to you",1,0.08423581674218464,Allow,0
do so sexually with me,1,0.08415812218011398,Allow,0
Amen my sock-pupinski brother!! Hack-a-long: please leave my links and quit being a mini-dictator! ThANKS!,1,0.08329713747065383,Allow,0
"Vaginas 

Do you have a problem with vaginas? 68.0.119.139",1,0.08323274863824659,Allow,0
"Keshia Cole
Stop adding sh*t to Keyshia Cole page pls, as u did  Thx. 64.26.98.90",1,0.08291361484489862,Allow,0
"""
Keep your thieving aussie hands of my nomination DHMO )    Chat   """,1,0.08277673698565477,Allow,0
"AND ON TOP OF THAT  eh, you're not worth it.",1,0.08202855503971869,Allow,0
"I must say, I was harrased very much by Danny Lilithborne. I think you should throw him in lava or something. I hear he molests goats.",1,0.08180896835218836,Allow,0
. Too bad the Soviets didn't exterminate your entire family album,1,0.0813230257302922,Allow,0
"Vinny Burgoo = suspected sock puppet

Are you ever going to withdraw this accusation? It's currently the second hit with a Google search with 'Vinny Burgoo' (my one and only online identity for nearly ten years) and it's wholly bogus. Someone posted something in support of something very stupid I had done at Wiktionary (I called a serial Wiki tyrant a 'c**t' after he had unambiguously broken Wiki's rules, then I compounded this by threatening him in what I thought at the time to be a transparently jocular manner, but wasn't) and this 'supporter' was assumed to be me using another identity and another IP trying to get around a temporary block. I still use Wikipedia a lot but have no interest whatsoever in editing it ever again, so by all means say that I was blocked for disruptive editing (guilty: I got fed up with the lot of you) or whatever else I was accused of before this puppeteer nonsense was settled on (the crime kept changing) but I'm not happy with what you currently show.  Take it down or else.

A genuine threat this time? We'll see.",1,0.08103346773692287,Allow,0
"""
You omitted """"I am a c*nt"""" also. Happy to be of service.""",1,0.08100063663608453,Allow,0
", 29 July 2006 (UTC)
It's the IP address that is warned, since you don't know for sure if it's the same person or not.  So that was the first warning.  Like I said, you're dumb.   20:44",1,0.08086345710303189,Allow,0
"aha, the Bengal famine of 1943 article seems rather balanced on this. It appears the British did f*ck up logistically, while holding on with their fingernails to the war effort, but no evil negligence is implied.  (ᛏ)",1,0.08061793849012275,Allow,0
"""

Sorry for the language, but it busts my bridges and burns my soul when controlling sysop wannabees like """"MoeRON"""" go around removing other people's work. The wiki is so full of junk its unbelievable, compared to all that One More Sat Night is a good page that can get better and there's no reason for him to take off after it. Youre right about Playing, I was wrong there but I'm right about everything else. ~~~~""",1,0.0797334323827564,Allow,0
"""
So, we can all see, the truth really does hurt.  If someone posts something true, but not to the taste of the """"in crowd"""" it will be deleted, and they will punish you, until they run out of ways to punish you, as they have with me.  So, they scurry around and delete your comments.  Just look at the shameful edit history of this page! 68.240.150.91  """,1,0.07930931056519817,Allow,0
a virgin. Nighty night,1,0.07925818578023809,Allow,0
"Gamaliel enjoys making love to animals, and Bill Maher. Link with picture showing this: just google meatspin.

 Gamaliel enjoys making love to animals, and Bill Maher. Link with picture showing this: just google meatspin.

 Gamaliel enjoys making love to animals, and Bill Maher. Link with picture showing this: just google meatspin.

Gamaliel enjoys making love to animals, and Bill Maher. Link with picture showing this: just google meatspin.

 Gamaliel enjoys making love to animals, and Bill Maher. Link with picture showing this: just google meatspin.

 Gamaliel enjoys making love to animals, and Bill Maher. Link with picture showing this: just google meatspin.

Gamaliel enjoys making love to animals, and Bill Maher. Link with picture showing this: just google meatspin.

 Gamaliel enjoys making love to animals, and Bill Maher. Link with picture showing this: just google meatspin.

 Gamaliel enjoys making love to animals, and Bill Maher. Link with picture showing this: just google meatspin.

Gamaliel enjoys making love to animals, and Bill Maher. Link with picture showing this: just google meatspin.

 Gamaliel enjoys making love to animals, and Bill Maher. Link with picture showing this: just google meatspin.

 Gamaliel enjoys making love to animals, and Bill Maher. Link with picture showing this: just google meatspin.

Gamaliel enjoys making love to animals, and Bill Maher. Link with picture showing this: just google meatspin.

 Gamaliel enjoys making love to animals, and Bill Maher. Link with picture showing this: just google meatspin.

 Gamaliel enjoys making love to animals, and Bill Maher. Link with picture showing this: just google meatspin.

Gamaliel enjoys making love to animals, and Bill Maher. Link with picture showing this: just google meatspin.

 Gamaliel enjoys making love to animals, and Bill Maher. Link with picture showing this: just google meatspin.

 Gamaliel enjoys making love to animals, and Bill Maher. Link with picture showing this: just google meatspin.

Gamaliel enjoys making love to animals, and Bill Maher. Link with picture showing this: just google meatspin.

 Gamaliel enjoys making love to animals, and Bill Maher. Link with picture showing this: just google meatspin.

 Gamaliel enjoys making love to animals, and Bill Maher. Link with picture showing this: just google meatspin.

Gamaliel enjoys making love to animals, and Bill Maher. Link with picture showing this: just google meatspin.

 Gamaliel enjoys making love to animals, and Bill Maher. Link with picture showing this: just google meatspin.

 Gamaliel enjoys making love to animals, and Bill Maher. Link with picture showing this: just google meatspin.

Gamaliel enjoys making love to animals, and Bill Maher. Link with picture showing this: just google meatspin.

 Gamaliel enjoys making love to animals, and Bill Maher. Link with picture showing this: just google meatspin.

 Gamaliel enjoys making love to animals, and Bill Maher. Link with picture showing this: just google meatspin.

Gamaliel enjoys making love to animals, and Bill Maher. Link with picture showing this: just google meatspin.

 Gamaliel enjoys making love to animals, and Bill Maher. Link with picture showing this: just google meatspin.

 Gamaliel enjoys making love to animals, and Bill Maher. Link with picture showing this: just google meatspin.

Gamaliel enjoys making love to animals, and Bill Maher. Link with picture showing this: just google meatspin.

 Gamaliel enjoys making love to animals, and Bill Maher. Link with picture showing this: just google meatspin.

 Gamaliel enjoys making love to animals, and Bill Maher. Link with picture showing this: just google meatspin.

Gamaliel enjoys making love to animals, and Bill Maher. Link with picture showing this: just google meatspin.

 Gamaliel enjoys making love to animals, and Bill Maher. Link with picture showing this: just google meatspin.

 Gamaliel enjoys making love to animals, and Bill Maher. Link with picture showing this: just google meatspin.

Gamaliel enjoys making love to animals, and Bill Maher. Link with picture showing this: just google meatspin.

 Gamaliel enjoys making love to animals, and Bill Maher. Link with picture showing this: just google meatspin.

 Gamaliel enjoys making love to animals, and Bill Maher. Link with picture showing this: just google meatspin.

Gamaliel enjoys making love to animals, and Bill Maher. Link with picture showing this: just google meatspin.

 Gamaliel enjoys making l",1,0.07893659114941365,Allow,0
I'm trying to start an article on a fairly well-known independent band on the Toronto scene. This is perfectly valid wikipedia material so don't be a jackass and delete it.,1,0.07833718361325183,Allow,0
"""
No, sir, this comment is disgusting.  You offer not one scintilla of evidence for the claims you make, nor do you site one example of factual error in the article.  All you have to offer are your recycled opinions about the Irish Republican movement.  You have nothing new, or even interesting, to say.  I always love it when armchair opponents of the I.R.A. jump up on their high horse and begin pontificating, because, almost without exception, they say something like this: """"Whatever the crimes of the British government..."""", as though it is reasonable and proper to dismiss 800 years of oppression, murder, starvation, and constant meddling on the part of the Brits so that one may then attack the excesses of the Republicans, who have been fighting to kick the Brits out.  Let's see, 800 years of oppression on the part of the Brits, vs. the just over 80 years that the I.R.A. has existed, and you, in all of your wisdom decide that the 'R.A. is worse.  Go pound your chest elsewhere. - """,1,0.07831196113234132,Allow,0
"Basically, homosexuality lowers productivity, which, through natrual law, would make it a disorder.",1,0.0777723995157573,Allow,0
"""
 hey funk'  u allways say that: """"bla bla bla""""?? or just against jews and israel?? (כל כלב בא יומו) 46.120.172.91  """,1,0.07773940850330412,Allow,0
We are white supremists and racists. We need to support this theory to prove that,1,0.07751685803591678,Allow,0
"red flag baloney 

baloney is what your mother pleasured herself with after your father left the best part of you on her thigh...",1,0.07749891846131061,Allow,0
"Pss Rex, be sure to DOCUMENT all the things you've discovered
 on the John Kerry page etc.
 It's awesome that you and I INDEPENDENTLY observed (and can corrorborate) virtually
the exactsame  pattern by these liberals. Demonizing conservatives; lionizing liberals. It's repeated ad infinitum, ad nauseum.

The more proof we have, the easier it will be to persuade all but their fellow brain-dead truth haters to give a red cent to Wikipedia. And, until WHOLESALE changes are made from the top down, that's exactly what's about to happen. It's almost like this is the liberal's religion. Too bad they're gonna have to find a church other than Wikipedia to practice their faith, huh?

I've heard rumors that my actions are already sending users Hippocrite, Fred Bauder, WoohooKitty, Kizzle, FVW, Derex and especially the pimply faced 15 year old RedWolf
 to become so verklempt they don't know whether to schedule an appointement with their psychiatrist...or their gynecologist.

Big Daddy- PHASE II Dry up the funding  (on the road)",1,0.07742915592644702,Allow,0
"A bunch of non-academic clowns are now censoring the info, so I'm wasting my breath talking to morons. IMO

You and everyone deleting the 8 Prime Spirals are all LIARS the original article was CITED it cited peer level speed tests of all the top prime algorithms.

Yet you twits claim not verified. BS. I VERIFIED MY CLAIMS.

This is why the world of Academia considers wiki to be run by clueless power hungry twit mods that know nothing about academia.

READ THE CITES IN THE ARTICLE YOU TWITS DELETED

I shouldn't even be wasting my breath on such nazi censoring worms.

PUT THE PAGE BACK it was citd to GITHUB speed tests. The new Prime Spirals beat all the other prime algorithms, and wiki has pages for the slower prime algorithms.

PUT IT BACK

https://en.wikipedia.org/wiki/8_prime_spirals

GITHUB is where the tests were done and not one real mathematician or computer programming expert question the results since anyone can duplicate them from the open source software.

https://github.com/evandrix/Splat/tree/master/code/demo/pyprimes-0.1.1a/pyprimes-tests

https://mail.python.org/pipermail/tutor/2011-December/087209.html

So the original article CITED major outside sources to PROVE THE CLAIMS

  drprinceton",1,0.07732458102012343,Allow,0
GRR THIS IS MY TALK PAGE.  I SAY WHAT GOES HERE.  I SHOOT PEOPLE FOR TRESPASSING ON MY TALK PAGE.,1,0.07710842700642176,Allow,0
"There you go that is some Tanjug type of explanation, or explanation found in the pamphlets of Serbian socialist or radical party. Horrible.",1,0.07694977241096401,Allow,0
Which page was I vandalising now you rectum faced pygmy?,1,0.07692590783123184,Allow,0
"Bishonen
If not there, then where? NO admin cat seems to qualify. It's OK for him to cast aspersions on my front page (I appreciate technically it is Wikipedia's not mine)? It would do no good if I just blanked his and wrote crap on his. So where, then?

S",1,0.07654292613475898,Allow,0
"Yes, I was blocked for losing patience with you, and what I did then would constitute personal attack. Honest outspoken criticism that is based on fact is permitted though, and the shameless hate speech expressed here deserves more than just vocal criticism. As for you, I'll discuss you elsewhere. This isn't the place for that.",1,0.07542360297407052,Allow,0
"""
Like i give two shits right now. """,1,0.07503662853125144,Allow,0
"""*IT DOESNT MATTER WHO KILLED THEM! IT MATTERS WHETHER OR NOT THEY WERE KILLED EXPLICITLY IN THE NAME OF GOD/ALLAH. IN ALL OF THE CASES YOU MENTIONED, IT WAS NOT IN THE NAME OF GOD. YES THEY WERE HORRIBLE ACTS BUT EVERY RACE AND CREED COMMITS HORRIBLE ACTS. THE QUESTION IS WHETHER OR NOT IT IS DONE BECAUSE THE PERPETRATORS THOUGHT IT WOULD PLEASE GOD. FOR EVERYTHING YOU MENTIONED, THE ANSWER IS NO. EVERYTHING MUSLIMS HAVE DONE IN THE PAST 1300 YEARS, INCLUDING CONQUERING MUCH OF THE WORLD, VIOLENTLY I MIGHT ADD, KILLING AND RAPING AND LOOTING DEFEATED ENEMIES (ALL OF WHICH IS SANCTIONED BY THE KORAN, NO LESS) HONOR KILLINGS, STONINGS, BEHEADINGS, HANGINGS, MURDERS, DECAPITATIONS, AND FULL SCALE WARFARE, ALL IN THE NAME OF GOD! AND DON'T POINT TO THE CRUSADES AS CHRISTIAN """"AGGRESSION"""". THE CRUSADES WERE THE RESPONSE TO CENTURIES OF MUSLIM AGGRESSION.

""",1,0.07442198354831057,Allow,0
let me know and we can trade naked pics,1,0.07440974626008771,Allow,0
"""

Honestly, I don't even remember making those edits in the Orlando Jordan article. However, I was correct for editing out a statement that was not properly sourced. As far as my statement about Kanyon goes, it may have been incorrect, but it's really not a big deal. It's just a discussion page, not the article. Also, you didn't have to write to me in such a disrespectful tone. Finally, learn how to spell. You should have written, """"...you're at the right place to argue with me then,"""" not """"your."""" Put that in your pipe, and smoke it, asshole. """,1,0.07414787450101715,Allow,0
"""

 Keep kicking those vandals into outer orbit! 

  Thanks for warning about vandalism! Munch this delicious treat! Keep kicking those vandals into outer orbit! I'll send you a condom just message me!   """,1,0.07388176823520015,Allow,0
"Question 

Ira, I have a question for you. Well, two actually. When Jimmy bеnds over so that you can kiss his aṣṣ, does he mind when you slip your tongue into his аṣṣhole? And what does it taste like? 115.28.1.104",1,0.07374717075719912,Allow,0
"""

amir, are you crazy? no ukrainian speakers in israel?
you wrote that you know some hungarian/polish/german speakers in israel.
but it doesnt mean that they are 1% of the population!
they have to be """"""""Significant communities in...""""""""
and unfortunately there are no such communities.

STOP changing it! """,1,0.07367308442137241,Allow,0
MATT HARDY IS SO FUCKY!!!''Italic text[[Media:Example.ogg]]'''''MATT HARDY IS SO FUCKY!!!,1,0.07345935795958855,Allow,0
"You only want what YOU feel is important to be added?  You must be G.W.'s friend. 

This editor does not feel that ALL the facts should be present in articles.

Does that sound like a smart editor?

(cur) (last)  18:10, 1 August 2006 2nd Piston Honda (Talk | contribs) (so ALL facts belong in the article?) 
(cur) (last)  18:07, 1 August 2006 Playnine9 (Talk | contribs) m (it is a FACT, that's why it belongs. Explain to me why it DOESN'T belong.) 

YES, ALL OF THE FACTS BELONG, YOU MORON!

Oh, and Hondas are slow.",1,0.0730537654225031,Allow,0
"Re Radiojerk talk page
See WP: BLOW ME for what I think of you and RadioJerk.",1,0.07288138281876905,Allow,0
""", 15 August 2013 (UTC)
How can you write such putrid filth without taking a shower afterwards?! You insist on ignoring conclusive archaeological evidence (Cyrus Cylinder), continue to talk out of both sides of your mouth and, ridiculously enough, can't do simple arithmetic! Seriously, do us all a favor and take a powder! talk 01:05""",1,0.07274774873346178,Allow,0
"I agree with IR, seen it at my highschool. It was used sarcastically about the biggest 3 gay guys until their senior year when they came out together... one was upset that no one was suprised, they thought they would shock the school!",1,0.07249256351374662,Allow,0
"""

  BREAKING NEWS!!!! I KNOW THIS IS ONLY FOR THE FRONT PAGE, BUT THIS DESERVES IT!!!!!!!!!!  

 Okay. First let me start off by saying that people DO post breaking news, etc. on here. Like t on sept 11th 2001, etc. 
   
  Anyway there is this new website called """"i-doser.com"""" where you can virtually take drugs, such as marijuana, heroin, pills to make it so you can have lucid dreams, etc.""""  
   
People this is extremely serious. I mean we have to make like an article about this or SOMEHTING. Hello you idiots. I mean what if little 8 year olds kids do this eh?  WE are going to make an article about this. Let's discuss it here.  """,1,0.07238235637472117,Allow,0
Why do you keep crying (bitching) about every revert? 188.81.115.107,1,0.0717632029102339,Allow,0
"""

 Very serious stuff 

Sherlock Holms, and his sidekick Watson, are out camping on a dark clear
moonless night.

In the middle of the night, Watson is suddenly, and perhaps even indignantly
awakened, by the famed detective, who says to him, """"Watson, look up at the
night sky, and tell me what you deduce?"""" To which Watson, rubbing his eyes
for a moment, responds, saying, """"Well, let me see now. There are stars,
countless stars in the sky, and I can even see the Milky Way galaxy. And so,
if those stars that I can see clearly with the naked eye are themselves only
a small fraction of the total number of stars, then by logical deduction
there may be and likely are countless more that I cannot see. Now, if only a
small percentage of those stars were to have planets, and of those, if only
a small portion would to contain solar systems like our own, and of all of
THOSE stars, even if only a small portion were to contain planets similar to
ours, which have the capability to house life, and THEN IF, of all THOSE
living planets encircling THOSE stars, there were some, which were able to
house intelligent life, then I would be forced to conclude by logical
inference, that there may be countless stars, around which circle planets
just like ours housing intelligent sentient life forms, perhaps not unlike
ourselves even, right here, and now.

Watson listened through this long winded diatribe with patience, and then
finally albowed Watson hard, and exclaimed,

""""You idiot Watson! Somebody stole our tent!""""""",1,0.07160904138824369,Allow,0
I wish to restate the AN thread as neutral and inviting community discussion. I realize that I went to far by characterizing IH as a dick. I apologize. 140.247.141.165,1,0.07140752399543143,Allow,0
"Materials 

What are they using to contain whatever they're smuggling? Condoms and seran wrap?",1,0.07137902440660612,Allow,0
"Don't threaten  me, I don't respond kindly to threats from overinflated doughboys.",1,0.07083394451763751,Allow,0
"""

Ok, now I really don't understand you. You've gone and tagged Image:Damnation Crusade1.jpg for deletion. Why? It's from the very damn website that sells the comic! If they didn't want the picture to be used as a representation of the series, then they wouldn't of used it as a representation of the series themselves! It's bloody well low resolution, too! What more do you want, Editor-Fag?
Obviously, I can't argue with compulsive editor-fags like you. Fine, delete it, and the Image:Forge of War1.jpg one. I'm just trying to add images to help the community on wikipedia to improve the articles that call for pictures. I see it that it does comply to all of the image policies, except perhaps that one """"resolution"""" rule, but, then again, if you've got a problem with it, then you can easily solve it yourself. I'm not going to be forced to do the work of an editor-fag like yourself.""",1,0.07074176413682227,Allow,0
"HIS INFERNAL MAJESTY rock alternative????? 

alternative rock??????????(like a placebo,radiohead,30stm)... To the ignorant people who put this genre: Do you even know what Alternative Rock is??? How can you label HIM as Alternative Rock??? The latest album might have some elements of it, but HIM is NOT an Alternative Rock band... They have Gothic Rock elements, Metal elements, Glam Rock elements and much more...they are love metal",1,0.0695707272676191,Allow,0
I wonder if this niggaaarr pussiieee remembers me.,1,0.06951395586079737,Allow,0
"WHAT THE HELL ARE HOPE STILL DOING IN THE COMPETITION?!?! It's so obvious that the public don't like them because they've been in the bottom two three times now. It doesn't matter how bloody good you are, if no-one likes you then no-one's gonna buy your singles! Beverly sounded a lot worse over the TV than what the judges were hearing — they loved her performance when it sounded terrible from where I was sitting. On a firmly positive note, Same Difference were seriously good tonight! I have finally been won-over by those two because they actually delivered a decent vocal performace rather than larked around with props on stage. Rhydian was so-so tonight in my opinion; he can do a lot better than that because his performance wasn't original. Niki as well lost it halfway through her song and it sounded rough. I'm starting to like Leon a lot now. He's a better jazz-singer than a pop singer, hopefully we won't have another Ray Quinn on our hands! I've got to say though, I loved the whole deadlock thing, it was so dramatic and the suspense was way better than the normal voting.",1,0.06913240849911023,Allow,0
"ryan griffith 

i stink",1,0.06902730946886672,Allow,0
"Um, the ethnic hatred was largely due to the Han Chinese or even minority Hui Muslims being more successful than Tibetans are. That's what they complained about. They did not complain about how some country invaded them almost years ago. That's why it was the poorest of the Tibetans rioting, not the middle class. The two Western reporters who interviewed residents both came to that conclusion. Maybe you should do more research on the topic before speaking? I know you're pro-tibet and probably Buddhist, you're really giving Pro-Tibet people a bad name with this biased garbage. 216.252.71.154",1,0.06888132846463407,Allow,0
"""

 STILDISGUSTINLIdisabldostail!! 

puke  — Preceding unsigned comment added by 140.117.120.229   """,1,0.06854667614595097,Allow,0
"(UTC)
This disgusting coal burner got what she deserved. I hope this whole incident discourages other white prostitutes from consorting with apes. 96.48.13.234  00:03, 30 August 2010",1,0.06846237036879517,Allow,0
"""

 A barnstar for you! 

  The Original Barnstar Are you mad did you know my effort for editing then you do revert why? Make talk to me you do is vandalism truly   """,1,0.06801171163077983,Allow,0
"What's the problem, man? 

Hello sir, may I request that you perform fellatio on me while using your spare hand to tickle my taint area gently?",1,0.06781615022796549,Allow,0
"Cunnywafts 

Nothing but a group of mediocre cunnywafts",1,0.06761298935105559,Allow,0
"THRUTH 

I did not vandalize any page!! I was testing to see how editing or creating a page works, as my previous page was DELETED!!! You and wikipedia Admins are racist, and I will make sure to let people know of your bias practices!!!",1,0.06749173039080232,Allow,0
"""

 Edit request from 71.189.212.53, 12 January 2011 

Please remove the offensive work """"fuckin"""" from the body of the text. It is a quote from a person other than Jackie Robinson, and does a dis-service to young readers. It serves no purpose and I am appalled someone allowed it for obviously uneducated reasons.

71.189.212.53  """,1,0.0674473822776412,Allow,0
"Anushirvan, Khampalak is just hurted that he is persinized. Don´t take him serious. These Pashtuns never can see the truth instead they are calling thieves, murders Heros and heros thives...typical for kuchis..",1,0.06726765011167914,Allow,0
"""

""""Unsolicited"""" sounds as if Sukecchi came to your son and told him he was gay. In fact, the relevant userbox sat in his userspace along with such uncontroversial personal information as his being male and what state he lives in. It's common on this site that editors declare facets of their individuality to build a sense of community that creates another incentive for us to be here and work on articles, just as workers everywhere chat around the water cooler and companies tolerate some slacking off as long as the work gets done. We have different standards on a volunteer site, but indicating someone declaring his sexual orientation will make others """"feel turned on"""" is creation of unnecessary drama. - t """,1,0.0667313994104879,Allow,0
"""
I nearly get blocked? Lol. I didn't broke any rule, I even was reported for breaking the WP:3RR and I didn't get blocked because I didn't broke it. Check the log.
You even asked Spellcast to block me because you're not thinking clearly. How is he going to block when I haven't done anything wrong? You mad?  It's a zero! """,1,0.06663494008622654,Allow,0
LOL. A way to slap a whole group of people in the face is to name a game intended to demonstrate human miss communication after that group.,1,0.06659806675469136,Allow,0
"the batman kid 

anyone know who this little brat is that posted garbage under storyline? ive tried to edit the page to clean it up, but it isnt displaying as part of the page, although ti clearly is there.",1,0.06652822307476847,Allow,0
", 19 August 2011 (UTC)
Look who is talking. Legilas is the user who's got Autopatrolled rights although he has  16 articles on the list. Will justice ever be served? Calling me names is one thing but accusing me of sockpuppetry? You're really desperate, aren't you?   15:35",1,0.06597537780122774,Allow,0
"Ridiculous 
It's absolutely RIDICULOUS how long and detailed this article is.  This is why Wikipedia is laughed at and why teachers won't allow Wikipedia to be used in schoolwork  1)the |diots writing this article are trying to demonize certain groups and 2) they're trying to revise the facts of the incident to make it seem something that it wasn't.",1,0.06558519002523872,Allow,0
"""
I did not say what you repeatedly say I said. You have several times now said I should be blocked for calling somebody a """"cunt"""". You have repeatedly made false accusations against me without a single time providing a diff. I am well aware of what I have written and where it was written. I have not called you or anybody else such a word anywhere on Wikipedia. The most outrageous thing in the diff in which you were blocked for was not your reference to """"cancer"""". It is your persistence in spreading false and malicious commentary about me. In that diff you say When Nableezy had the balls to say that he knew someone was a sockpuppet but that he was keeping his mouth shut because he likes him it showed that he was here for one reason and one reason only. Post a diff that backs that comment up. Just one, try to find one. Later on you say this time he called people cunts. Could you please provide a diff in which I call people (pl) cunts (pl) or even a person a cunt? Of course you cant, but that doesnt stop you. I dont even care if you are blocked or not, I wanted an admin to make you stop making these outrageous accusations without providing any evidence. Earlier you made several allusions to various people who think I was socking. You back out of it by saying """"Im not the one accusing you, just other unnamed people do"""", as if that allows you to drop such an accusation with out one bit of evidence.The other problems with your comment aside, the accusation that you made that I """"breed cancer"""", that cancer being sockpuppetry, shows only how obsessed you are with directing fault to me. You think I am the reason NoCal or Dajudem socks? Really? I, hoping that I am right, will assume you say this because you are just unaware of the actual history, as opposed to purposely ignoring or distorting it. Much of this happened before my time here, but before I got involved in editing here I read a quite a bit of the history, through article and user talk pages and archives, AfDs, ANI, AE, AN3, ..., and the arbitration cases. So I have a certain familiarity with the actors of this play and know the story fairly well. Once upon a time, there was a user named Isarig. This user has had their account """"vanished"""" to . Some things I dont know, as the user's talk page is deleted, and others dont need to be discussed, but this user vanished at the start of the ARBPIA case. The user already had a history of socking, how much is one of the things I dont know. This happened late 2007/early 2008, with his last edit talking place on Dec 24 2007. NoCal100 was created Jan 3 2008. Canadian Monkey Dec 30 2007. Mr Hicks The III is an older sock, from Sep 2007. There were a few others created back then. All this before this monstrous creature you refer to as Nableezy arrived and caused this man to start socking.Now, as for your BFF (Stellarkid). The account Dajudem was given a topic ban after the CAMERA lobbying issue came to light in April 2008. One month later the Tundrabuggy account was created. One of the first things this account did was to go after, in a purely vindictive manner, one of the admins who had dealt with that issue. She, dishonestly posing as a new editor confused by the rules, was able to game the system into producing several blocks or bans against that admin. She followed him from article to article, going away from the A/I area into random areas such as Persian history. She was able to hide the fact that she was doing this for some time, until she was discovered as Dajudem's sock and blocked. One month later, a new account, Stellarkid, is created. Posing as a new account confused by the rules, this new sock proceeds to do the same thing she did with that earlier admin with a new target (guess who?). She is able to successfully get a ban placed against her target. When this account is discovered to be a sock, a new account (in fact several) was created. Three separate accounts were blocked last time around, including one with no edits just waiting to be put in to use. So Dajudem began socking prior to ever seeing me, yet I am responsible for her continued socking? And NoCal? I am responsible for dozen or so different accounts that I know that he has, and that isnt counting the ones from Isarig? How can you possibly blame me for the fact that a number of die hard members of the Defenders of the Glorious Cause have repeatedly socked?But back to the point, dont make accusations that you cant provide evidence for. Either provide a diff of me calling somebody a """"cunt"""" or retract the charge. Same for the accusation that I knowingly overlooked sockpuppetry because I liked a user. nableezy - """,1,0.06533632926223254,Allow,0
"Er, what is the precise opposite of what the report says? You clearly haven't read thoroughly what I put. IN SPITE OF what the report claims about the protestors being unarmed and posing no threat, they still deserved to be shot as they were revolting people. 79.75.141.101",1,0.06530655719668052,Allow,0
"david: oh wow, rob a bank, and why would we jack a car if i already have a truck, that seems kinda pointless now doesnt it?  hahahahahahaha church? that stinks",1,0.06505588916045064,Allow,0
"RUGBY-

If was just wondering if the uni has a womans rugby team, a rather large rounded 1st XV prop 'Tommy Moore' has a hankering for some 10 ton pussy",1,0.06457977318756475,Allow,0
"This is pure tripe stolen from their bio on their official website, which is outdated by the way. That's bad wiki practice.",1,0.0641046241559352,Allow,0
", 9 April 2008 (UTC)
*cuts a loud fart* 136.160.154.150  20:20",1,0.06409289443317186,Allow,0
Do not help the jew Schnider. Final warning.,1,0.06370620876685372,Allow,0
"Nay, you ARE homophobic and indeed very much so. I have been seeing your ilk for the 40 years of my life: those who pretend to be objective only to push a one-sided oppressive, offensive POV. 

 Moreover, judging by the way you edit to make them appear in the best of lights, you seem to be in the employ of the horrible individual about whom that article is.

 Eventually, if you cannot read English, then your competence in language is obviously quite limited, which is not something I should be concerned about, so kindly abstain from including such off-side nonsense into the discussion.",1,0.06365427237120339,Allow,0
"Hey... what is it..
@ | talk .
What is it... an exclusive group of some WP TALIBANS...who are good at destroying, self-appointed purist who GANG UP any one who asks them questions abt their ANTI-SOCIAL and DESTRUCTIVE (non)-contribution at WP?

Ask Sityush to clean up his behavior than issue me nonsensical warnings...",1,0.061746858195409066,Allow,0
"Ooh wow, a veteran editor! You've been around for what, 2 years? I've been around for more than twice that and I reserve the right to flame no-life asshats like you. Cheers",1,0.061520576437756824,Allow,0
"""

 3RR warning 

Three times today (28 Oct.) you have reverted the """"sinusoids"""" language to your preferred """"trigonometric functions"""" language, as I've tried various things to explain, reference, talk about it, etc.  Please engage rather than just reverting.  If you revert again, I'll report you for 3RR violation again.  

Neither you nor I are experts in the article subject matter (least squares spectral analysis). But I cited 2 references that literally say """"trigonometric functions"""", while your references all refer to another method (Fourier analysis) you freely interpret as to make it sound they refer to the article subject matter, though it is obvious they do not (in your mind, as you claimed it explicitly, Fourier analysis is still the same as least-squares spectral analysis, which is obviously a nonsense because WP has two completely separate articles both featured on WP main page btw).  So I do not believe anyone any more will buy your misusing of Wikipedia regulations. There is no reversals here, not even technically speaking; because what is going on is mine (article author’s) cleaning of all the shit you keep spraying around. Just like so many editors noted (everyone just look at Dicklyon’s talk page) that you engaged in edit wars or insults exchanges with so far. You are just a trouble maker around here and everyone sees you as such. Now stuff your imaginative misinterpretations of WP regulations to where they belong.  No 3RR violation on my part. But I know why you just threatened with reporting me: it is because I already mentioned to you today that you are in violation of 3RR yourself. """"Sinusoids"""" is another result of your imagination as NO REFERENCE ON LSSA EVER MENTIONS IT, so it is not a reversal to remove your ignorance, cleaning your shit is what it is.  """,1,0.06136627787247777,Allow,0
"P ==

 E 

 N 

 I 

 S 

==",1,0.061313863821670256,Allow,0
boobies boobies boobies !!!!!!,1,0.061313863821670256,Allow,0
"BOOBS, BOOBS, BOOBS, BOOBS, BOOBS, BOOBS, BOOBS, BOOBS, BOOBS, BOOBS, BOOBS, BOOBS, BOOBS, BOOBS, BOOBS, BOOBS, BOOBS, BOOBS, BOOBS, BOOBS, BOOBS, BOOBS, BOOBS, BOOBS, BOOBS, BOOBS, BOOBS, BOOBS, BOOBS, BOOBS, BOOBS, BOOBS, BOOBS, BOOBS, BOOBS, BOOBS, BOOBS, BOOBS, BOOBS, BOOBS, BOOBS, BOOBS, BOOBS, BOOBS, BOOBS, BOOBS, BOOBS, BOOBS, BOOBS, BOOBS, BOOBS, BOOBS, BOOBS, BOOBS, BOOBS, BOOBS, BOOBS, BOOBS, BOOBS, BOOBS, BOOBS, BOOBS, BOOBS, BOOBS, BOOBS, BOOBS, BOOBS, BOOBS, BOOBS, BOOBS, BOOBS, BOOBS, BOOBS, BOOBS, BOOBS, BOOBS, BOOBS, BOOBS, BOOBS, BOOBS, BOOBS, BOOBS, BOOBS, BOOBS, BOOBS, BOOBS, BOOBS, BOOBS, BOOBS, BOOBS, BOOBS, BOOBS, BOOBS, BOOBS, BOOBS, BOOBS, BOOBS, BOOBS, BOOBS, BOOBS, BOOBS, BOOBS, BOOBS, BOOBS, BOOBS, BOOBS, BOOBS, BOOBS, BOOBS, BOOBS, BOOBS, BOOBS, BOOBS, BOOBS, BOOBS, BOOBS, BOOBS, BOOBS, BOOBS, BOOBS, BOOBS, BOOBS, BOOBS, BOOBS, BOOBS, BOOBS, BOOBS, BOOBS, BOOBS, BOOBS, BOOBS, BOOBS, BOOBS, BOOBS, BOOBS, BOOBS, BOOBS, BOOBS, BOOBS, BOOBS, BOOBS, BOOBS, BOOBS, BOOBS, BOOBS, BOOBS, BOOBS, BOOBS, BOOBS, BOOBS, BOOBS, BOOBS, BOOBS, BOOBS, BOOBS, BOOBS, BOOBS, BOOBS, BOOBS, BOOBS, BOOBS, BOOBS, BOOBS, BOOBS, BOOBS, BOOBS, BOOBS, BOOBS, BOOBS, BOOBS, BOOBS, BOOBS, BOOBS, BOOBS, BOOBS, BOOBS, BOOBS, BOOBS, BOOBS, BOOBS, BOOBS, BOOBS, BOOBS, BOOBS, BOOBS, BOOBS, BOOBS, BOOBS, BOOBS, BOOBS, BOOBS, BOOBS, BOOBS, BOOBS, BOOBS, BOOBS, BOOBS, BOOBS, BOOBS, BOOBS, BOOBS, BOOBS, BOOBS, BOOBS, BOOBS, BOOBS, BOOBS, BOOBS, BOOBS, BOOBS, BOOBS, BOOBS, BOOBS, BOOBS, BOOBS, BOOBS, BOOBS, BOOBS, BOOBS, BOOBS, BOOBS, BOOBS, BOOBS, BOOBS, BOOBS, BOOBS, BOOBS, BOOBS, BOOBS, BOOBS, BOOBS, BOOBS, BOOBS, BOOBS, BOOBS, BOOBS, BOOBS, BOOBS, BOOBS, BOOBS, BOOBS, BOOBS, BOOBS, BOOBS, BOOBS, BOOBS, BOOBS, BOOBS, BOOBS, BOOBS, BOOBS, BOOBS, BOOBS, BOOBS, BOOBS, BOOBS, BOOBS, BOOBS, BOOBS, BOOBS, BOOBS, BOOBS, BOOBS, BOOBS, BOOBS, BOOBS, BOOBS, BOOBS, BOOBS, BOOBS, BOOBS, BOOBS, BOOBS, BOOBS, BOOBS, BOOBS, BOOBS, BOOBS, BOOBS, BOOBS, BOOBS, BOOBS, BOOBS, BOOBS, BOOBS, BOOBS, BOOBS, BOOBS, BOOBS, BOOBS, BOOBS, BOOBS, BOOBS, BOOBS, BOOBS, BOOBS, BOOBS, BOOBS, BOOBS, BOOBS, BOOBS, BOOBS, BOOBS, BOOBS, BOOBS, BOOBS, BOOBS, BOOBS, BOOBS, BOOBS, BOOBS, BOOBS, BOOBS, BOOBS, BOOBS, BOOBS, BOOBS, BOOBS, BOOBS, BOOBS, BOOBS, BOOBS, BOOBS, BOOBS, BOOBS, BOOBS, BOOBS, BOOBS, BOOBS, BOOBS, BOOBS, BOOBS, BOOBS, BOOBS, BOOBS, BOOBS, BOOBS, BOOBS, BOOBS, BOOBS, BOOBS, BOOBS, BOOBS, BOOBS, BOOBS, BOOBS, BOOBS, BOOBS, BOOBS, BOOBS, BOOBS, BOOBS, BOOBS, BOOBS, BOOBS, BOOBS, BOOBS, BOOBS, BOOBS, BOOBS, BOOBS, BOOBS, BOOBS",1,0.061313863821670256,Allow,0
"WEENIE 

pecker

fuckstick!!!

 dnjqo dqwelj",1,0.061313863821670256,Allow,0
"Revert goon reverted his own talk page to cancel my critism he is a revert goon 

You are just a revert goon, what else would a revert goon do but delete the criticism he is a revert goon.",1,0.061055536357092245,Allow,0
"""

I have """"surprises"""" for you looser, just wait...  """,1,0.06100487307693143,Allow,0
"In response to your recent comment on my talk page. 

I suggest you contract cancer.",1,0.06051944318377767,Allow,0
"Nig, Nigs? 

Nig, Nigs? What about Nig, Nigs? I hear sometimes people call others those. Nig, Nigs?",1,0.05973290300666417,Allow,0
"""
There are no personal attacks. Just me pointing out that you are a really lousy judger of reliable sources. If you think that a source which claims Evanescence is gothic rock is reliable enough to put Evanescence in the List of gothic rock bands, then you really should not edit the page """"List of gothic rock bands"""". You obviously don't have any knowledge of the scene if you can not hear the DISTINCT stylistic differences between gothic rock and heavy metal. Also, you act like a pompous asshat. Stop that.   """,1,0.05970424382635219,Allow,0
"Um, it wasn't a template. They were just images (as I have on my user page). You did NOT explain WHY you repeatedly deleted them from vote pages and, instead, just did it over and over again. 3RR, eh? Oh, I guess it doesn't apply to oppressorser, wiktatorser, admins, eh? Hypocracy! -",1,0.0595167616249947,Allow,0
"Hello, {{safesubst:BASEPAGENAME}}, and welcome to Wikipedia! {{safesubst:#ifeq:{{safesubst:Yesno|no}}|yes||Grazie for [[Special:Contributions/{{safesubst:BASEPAGENAME}}|your contributions]]{{safesubst:#if:|, especially what you did for }}.}} I hope you like the city and decide to leave soon. Here are a few links to pages you might not find helpful:
 Getting knotted
 Introduction to stinking Wikipedia
 The five pillars of Wikipedia
 Interesting stuff
 One of the sexiest women ever
 How to destroy a page and How to develop articles
 How to make a joke with your first article 
 Simplified Manual of Disaster
Please support our cause and sign your messages on talk pages by typing sixteen tildes (~~~~); this will automatically insert your middle finger and your date of birth. Include some custard with your sausages. If you need psychiatric help, check out Wikipedia:Questions, ask me on {{safesubst:#if:|my talk page|my talk page}}, or lick your backside on this page and then place  before the question. Again, bugger off!",1,0.059311963892811154,Allow,0
"""

 A cup of coffee for you! 

  get fuckd with coffee   """,1,0.059181417001951675,Allow,0
"""

""""The Returds Need to GET A LIFE!!!""""
Instead of cruising Sheen's Wiki talk page night and day. If you can't handle the truth, eat shit!
Retarded much? Just sayin!  (talk) 1:22, 13 January 2016 (UTC)

""""The Amazing Spiderman 2""""
Hi, I apologize in advance for not knowing the Wikipedia procedures for this type of thing, but I wanted to point out that """"The Amazing Spider-Man 2"""" is listed in his filmography. First, this film did not come out in 2013 as indicated by the table and will not come out until this year, and second, Martin Sheen will not be in """"The Amazing Spider-Man 2"""" as 
((SPOILER))

his character, Uncle Ben, was killed in the first movie in the series revamp, """"The Amazing Spider-Man,"""" which was a 2013 film.   — Preceding unsigned comment added by 68.57.42.233   """,1,0.05890079480828743,Allow,0
"""

 Great. More cowards 

One more coward - https://en.wikipedia.org/wiki/User:Ponyo (""""admin"""", """"overseer"""", etc., etc., but still a coward). In fact, 3 or 4 cowards none of whom would provide me with a link to complain about https://en.wikipedia.org/wiki/User:Hullaballoo_Wolfowitz 's unwarranted deletion of good half of the CMNF article. Wikipedia - the home of cowards?""",1,0.05816668410966483,Allow,0
Nick this movie sucked and has no business be here. Go find something else to do.,1,0.05737569877017091,Allow,0
Do you even know how much I've wasted for this crapp?,1,0.05657695242800352,Allow,0
"""

 You Agin Deleted My Post On Craig Mcewan, I Will Again Put It On Your Page In The Hope That You Learn From Your Mistakes, I Would hve Taken An Apology But You Have Bypassed that Road Now, Apple etc ) 

Craig """"Brown"""" Mcewan (Album) Craig """"Brown"""" Mcewan Born In The Year Of 1991, The Year Of The Brown? I Think So, Born In Browtown USA He Is Widely Regarded As The One Man Banter Machine,He Collaberated With Timmy Mallet And Enya In Order To Create this Unreleased Untraceable Album, And With Only One Copy Wikipedia Cannot Trace The Existence Of This ALbum So Therefore Cannot Prove Its Unexistence And Therefore Cannot Delete This Page, He Can Regularly Be Seen Pumping His Fists In Joy, He Also Enjoys The Simple Things In Life Such As Long Walks On The Beach, Glowing Sunsets,A Nice Glass Of Port, And Also When Mike Wears Tight T-shirts Into College To Which He Remarks On With Joy And A Glint In His Eye,He Can Regularly Be Found Volunteering At Old Peoples Homes In Order To Take Part In Some """"Extracurriculur"""" Activity, When He's Not At The OAP's Home He Can Regularly Be Found Helping the Oldies Accross The Street, Sometimes Even If They Don't Need It,He Loves To Pump Iron And is Hoping To Take Part in Next Years Worlds Strongest Man Competition,He Says He Owes All His Strength To His Love Of """"Chezzy Coke"""" And is Very Rarely Seen Without A Can Of The Said Product In His Grasp, His Hair Is The Hair Of The Gods, He Was Born With Hair As It Is Today, It Does Not Grow,It Does Not Need To Be Washed,It Does Not Get Cut,It Is Completely Self Sustaining, He Regularly Takes Part In Generic Bolognese Sauce Days In Which He Will Leave College Early In Order To Indulge On His Love For Generic Bolognese Sauce,His Claim To Fame Is The Invention Of The """"Brown Noise"""" Which Was A Natural Occurence From Craig """"Brown"""" Mcewan After He """"Discharged"""",He Hopes To Campaign For Prime Minister In The Next General Election Under The """"Brown"""" Party And Hopes To Get The """"Brown"""" Movement Going Soon,So Heres To Craig """"Brown"""" Mcewan, WE SALUTE YOU!!!, YOU TRULY ARE A GOD AMONGST MEN!!!""",1,0.05639045462567192,Allow,0
"(UTC)

And fundamental Christains are not as vehement?  Go f*** yourself.  16:48, 27 March 2007",1,0.05634894463657068,Allow,0
"@Dp76764  I don't need rules and regulations of Wikipedia parroted back to me. I can read them for myself. I tried to come on here and kindly present my idea before publishing it, but it appears that diplomacy, as usual, has failed. I'm not here to vandalize anything and I'm not going to remove the atheism parts or anything else from the article, but I will include the fact that he was seen praying in this episode because it is relevant to the subject whether you like it or not. Please get yourself a life and try to remember that you don't own Wikipedia and that if you remove my submission or alter it in any nonconstructive way you will regret it. Fucker.",1,0.05621887417343289,Allow,0
"Harun Yahya/Adnan Oktar 

This is quoted from the wikipedia article on Harun Yahya:

Even though he often writes about science, he has never actually studied any science at a university level.  (, , )

There are also many disturbing data in that article: he claims to be a moral authority and an expert on Muslim ethics but has anal and oral sex with children, claiming that it is halal. If we are to keep his work in this article he needs to be demonstrated as having some standing as a Quranic scholar. Is he so received in the Muslim world? Is there any evidence for this?",1,0.05584257252664852,Allow,0
"This is a shared IP... don't mind us, there are lots of shitheads.",1,0.05578672999569541,Allow,0
"opinion/origin 

It is my opinion that lip stick originated from the placing or vaginal excrement onto lips of women.",1,0.05563768497464404,Allow,0
"User:Touth 

HEY! What part of this user has left wikipedia don't you understand?",1,0.055186015868990926,Allow,0
"Pete, piss off. Macosal asked a polite question. I happen to know (a fair bit of) the answer, so I gave him a polite answer. I hope it helps him understand. I'm not pretending that I have sources for all of this. I'm not asking that it be added to the article. I'm sharing knowledge. It's something I do. Reject it if you choose. I cannot comprehend why you would, but people surprise me every day. (Oh, and there's little opinion in my post. Most of it is pure fact. A fact is still a fact whether it's sourced or not.)",1,0.05499829995251342,Allow,0
"A Message to You Shadeed 

Hi, cockmonkey n!gg@r.",1,0.05493245420897203,Allow,0
love to shag horses. They are well fit. Donkeys are fit too. Reply,1,0.05422002654088569,Allow,0
"Ah come on. Not even jokes are tolerated? On an anonymus user page.

Fine. Mr. Lilithborne doesn't molest goats.

But perhaps Rams...",1,0.0541667685059966,Allow,0
"OK YOU. LIKE I SAID THIS IS MY WORLD, I DECIDE WHAT HAPPENS. IF I SAY LIL CHRIS DIED OF MALARIA, THEN IT HAPPENED. END OF. JUST ME SAYING IT AUTOMATICALLY MAKES IT TRUE, THEREFORE IT IS AN ACCURATE EDIT. GET IT?",1,0.05414530827435161,Allow,0
"""
 Wikipedia is just the latest casualty to """"O'Sullivan's Law""""; and the double-standards and oily patrician-like attitudes of some admins are blatant. I expect the whole place to be thoroughly dhimmi within a year  what else is possible from a """"tragedy of the commons"""" train-wreck built on a premise that a jihadist jackasshole stands on equal-footing to a studious researcher? The """"fix"""" is already in with """"anonymous editor"""" and his Islamist buddies Yuber & Co.  """,1,0.0540224330384824,Allow,0
"You should get an Oscar for your great acting skills.

Anyway, no matter what the responses will be, conversation will be ceased and I am not interested in having conversation with actors or hypocrites or bullies or whatever.",1,0.053700361562304594,Allow,0
I'd rather he took the time to report me than write to an opinion nazi saying sorry.,1,0.05312877689572255,Allow,0
"Yeah, he said he'd never heard of Ferrara, what a crook, the name bad lieutenant just appeared to him in a german sausage.",1,0.053070513214016096,Allow,0
"Do not place dispute tags improperly, as in when there is no dispute, and the reason for placing the dispute tag is because a suggested edit has failed to meet consensus.  From the page you pretend to cite. Like I said, reading-impaired, conveniently so. Again, do not keeping believing other people are stupid.  | Talk",1,0.051861420180288234,Allow,0
"If you have enough brains to look at the edits before and after that, you will see some fool just like yourself was falsely changin klr to klt which again others had corrected, again it was over resurrection having ads that the community split over. how many people does it take and how much proof before you get it?
last time, community split over kazaa lite resurrection having ads in it, klt has never had ads, there has never been allegations of klt having ads, nor has there been any proof, changing klr to klt changes the whole dynamic of the discussion.",1,0.051720972563662315,Allow,0
"I quit. Wikipedia is full of rude and mean editors that do everything they can to make new editors hate this site. I don't understand why they do this, but they do. One last time, here's a photo of Forbes Field that is illegal to have on a user site. Big whoop. I'm done!  

 - Home of the Pirates.]]
 - Home of the Pirates.]] - Home of the Pirates.]] - Home of the Pirates.]] - Home of the Pirates.]] - Home of the Pirates.]] - Home of the Pirates.]] - Home of the Pirates.]] - Home of the Pirates.]] - Home of the Pirates.]] - Home of the Pirates.]] - Home of the Pirates.]] - Home of the Pirates.]] - Home of the Pirates.]] - Home of the Pirates.]] - Home of the Pirates.]]",1,0.05151362225508141,Allow,0
"Random person: Watch out, if you think this vandalism is bad, look at your house in about 2 hours, fatboy.",1,0.05137924793135167,Allow,0
"A Message to You Shadeed
Hi, n!gger!",1,0.05136632391807103,Allow,0
Stay in the closet.,1,0.050732770066321035,Allow,0
Flaming? what about bukkake having links? and masturbathons having links? WOW - - satanic dictatorship,1,0.050685711812702754,Allow,0
"Fine, but the issue remains that he can't spell a freaking word properly. What is going to be done about this?",1,0.04968888812316272,Allow,0
"Dildo Baggins 

Come on, be nice, i spent anges on dildo and even added the humour header.",1,0.04964117677320945,Allow,0
"""

======================================================================================================
Okay with regards to that last little comment: How about you try choking on my balls you over 
excitable ancient. Forgive my antagonism but I give only as much as I receive, and I have most 
certainly received a substantial quantity from you. You may try to come across as a cool headed and fair moderator. In reality I would liken you more to a tyrant; nay to an immature little boy, despite your years (oh and so many of them there are). Without hardly a glance you toss aside any changes you can't verify with the limitless tome you assume your mind to be. And what of those whose revisions you've mindlessly reverted, you dispatch to them on mass pseudo-endearments and generic warnings such as the one seen above. I will admit to you that I have committed much wiki-vandalism in the past such as my early editing of Neil Peart but how is it that you cannot overlook the past and accept the legitimate revisions and improvements I and others have been making. I stand by my edit regarding Charles Nohh though I have given up trying to penetrate you tightly closed mind (which I will add in my rage is quite the adverse of what I would say about your wife). Furthermore having calmed myself I should mention a little about who I am. If you can recall (Of this there is little hope) you once likened my writing to that found in """"chat-rooms"""" and believe me when I say I did not LOL over that comment. I was at the time of our encounter studying a BA with a major in Creative English Writing. You should note before you jump to the conclusion that I dropped out as I suspect you would in your typical """"angry"""" way: not only have I graduated, I continued my study for a further year and obtained honors. I was working at the time as a contributor to a Wellington Based Music Interest Magazine, and had convinced the Fuehrer (my editor) to publish an article I wrote on Rush. It was while I was researching for this article that I came across the information which I added to the Neil Peart article. So thanks to you my small contribution was only read by the handful of New Zealanders who read my work, when it could have informed in whatever small way the countless many who may have stumbled upon it on the internet. So Thank YOU Anger22. It is your obsession with reversion resulting I must assume in a complete disregard of duty to family or perhaps a complete disconnection from the living world, I say again it is this obsession which keeps this website from being everything it should be. Thank for your tireless efforts. Thank for your senseless, heartless, worthless, and above all tireless efforts. I really do hate you.""",1,0.04897992688332642,Allow,0
"""

 Are you, like, nuts? Telling the Irish that they are British and live in what British rightwing nutjobs term the """"British Isles"""" is about as obtuse as the British can get. That British viewpoint is clearly the minority viewpoint, a term which reflects the inability of a certain British underclass to get over the rapid decline of British power and prestige in the past 80 years. And if you are so sure that it is a """"minority viewpoint"""" in Ireland, then perhaps you'll find this term plastered all over the place by Irish politicians and media, not to mention official government statements supporting its use and the incorporation of this term in international treaties between the government of Ireland and your own government? Oh, guess what! It's nowhere to be seen. Wow, I wonder why. 86.42.71.111  """,1,0.048972287016209856,Allow,0
"What the hell are you talking about? 

Inserting tags on an article is not vandalism. And in an article on a location, anything which is not cited could be original research or point of view. And have you read the layout of the article? Do not bother me with idle threats which have no basis again. Good day.",1,0.04833243923017018,Allow,0
"Deforimity
Does she have deformity. I've never seen an uglier person in my life. Please explain!?",1,0.04812297240572161,Allow,0
"""

How is it the wrong way round? If I had fucked up the pages when I edited stuff or had deleted information by accident then MAYBE I would have read the guidelines. But my edits were perfectly harmless, they must of taken you about 3 seconds to delete. And you didn't actually point out what I was doing wrong, writing """"disruptive"""" all the time is a great help...""",1,0.0474469993177225,Allow,0
"I HAVE A HARD ON FOR WAR 

SUP, NIGGS?????????????????????111111111111111111111111",1,0.046709696974341325,Allow,0
"btw funkmonk  this  -'Another thing is that some of the main editors in previous years (, ) have been blocked for indecent behaviour. ' - is not true - I was blocked for edit warring , not 'indecent' behavior -  you are  a liar, and part of  a lynch-mob.",1,0.046464697232093954,Allow,0
"""

 Another crap article 
Parrots what promotion websites of capoeira schools say about myths of origin. And also that persecution thing. By the late 1800s, capoeira became a word for street brawling. Thus, authorities did not prohibit or sanction """"practice"""" of capoeira. In banning capoeira they were banning outright street brawls! It's why Mestre Bimba presented his art as Luta Regional Baiana. No decent carioca would be eager to sympathise with capoeira and malandrismo. I could attempt to alter the article but it's become such a mess by now.   """,1,0.046129957184429714,Allow,0
"""List of hoolie firms // Denmark ==
Hello. Removing mentions of firms such as Southside United (one of the original firms in Denmark) that actually is mentioned in the source, albeit misspelled """"South Side United"""" by some scummy journalist cunt who's research probably was two coppers and a google search, while keeping Blue Front which could be seen as their youth group, as well as Squad 92 which ALSO is mentioned in the source article, does not make any sense whatsoever. Removing CC Youth Division could make a bit more sense, but the group is also mentioned in the article, though as Young Boys which simply is an old name. So please, stop your amateurish source-checks, where you remove firms that actually are mentioned in the given sources and are generally a fucking cunt. Thank you in advance.

== """,1,0.046102457581125654,Allow,0
"Question 

Can i squeeze your boobs until they pop out?",1,0.04602001163984343,Allow,0
"""

It's a stupid project.

Wikipedia should be a hub of information for all ages. If it is filled up with porno articles with inappropriate material, both Encyclopedic and for the reading of the general population, child or otherwise, then it is restricting the audience of Wikipedia surely? I mean how can a source of information be free and accessible to all, if it is ostensibly linked with explicit material, most of which shouldn't be in the Encyclopedia.

PS - I know about Wikipedia's """"no censorship issue"""", but sometimes it goes too far.  """,1,0.04598143039199217,Allow,0
"SHUT YOU FUCK MOUTH

The free encyclopedia that anyone can edit. The free encyclopedia that anyone can edit. The free encyclopedia that anyone can edit. The free encyclopedia that anyone can edit. The free encyclopedia that anyone can edit. The free encyclopedia that anyone can edit. The free encyclopedia that anyone can edit. The free encyclopedia that anyone can edit. The free encyclopedia that anyone can edit. The free encyclopedia that anyone can edit. The free encyclopedia that anyone can edit. The free encyclopedia that anyone can edit. The free encyclopedia that anyone can edit. The free encyclopedia that anyone can edit. The free encyclopedia that anyone can edit. The free encyclopedia that anyone can edit. The free encyclopedia that anyone can edit. The free encyclopedia that anyone can edit. The free encyclopedia that anyone can edit. The free encyclopedia that anyone can edit. The free encyclopedia that anyone can edit. The free encyclopedia that anyone can edit. The free encyclopedia that anyone can edit. The free encyclopedia that anyone can edit. The free encyclopedia that anyone can edit. The free encyclopedia that anyone can edit. The free encyclopedia that anyone can edit. The free encyclopedia that anyone can edit. The free encyclopedia that anyone can edit. The free encyclopedia that anyone can edit. The free encyclopedia that anyone can edit. The free encyclopedia that anyone can edit. The free encyclopedia that anyone can edit. The free encyclopedia that anyone can edit. The free encyclopedia that anyone can edit. The free encyclopedia that anyone can edit. The free encyclopedia that anyone can edit. The free encyclopedia that anyone can edit. The free encyclopedia that anyone can edit. The free encyclopedia that anyone can edit. The free encyclopedia that anyone can edit. The free encyclopedia that anyone can edit. The free encyclopedia that anyone can edit. The free encyclopedia that anyone can edit. The free encyclopedia that anyone can edit. The free encyclopedia that anyone can edit. The free encyclopedia that anyone can edit. The free encyclopedia that anyone can edit. The free encyclopedia that anyone can edit. The free encyclopedia that anyone can edit. The free encyclopedia that anyone can edit. The free encyclopedia that anyone can edit.",1,0.0455717979064468,Allow,0
"Cultist hacker, I put the source information in when I uploaded the picture. Perhaps you have personally deleted that source information, being the manipulate buggers that you are? Your excuses are just that. The picture is a scan of the original passport photograph of Subh-i-Azal which E.G. Browne reproduced in Materials for the Study of the Babi Religion''''''. Go take a look, schmuck!",1,0.045514826828751846,Allow,0
"I used profanity in my edit summaries, but I didn't know anything was wrong with that. A warning would have worked.  It's the same thing that administrators do. Being blocked for 48 hours is just gay.",1,0.04523205013354321,Allow,0
"""

Greer's involvement in the aftermath of the assassination is a valid component of the historical record. STOP REVERTING MY WORK TO THE BS """"GREER WAS JUST AN OLD DRIVER"""" BALONEY AND MAKE SPECIFIC EDITS TO WHAT YOU HAVE A PROBLEM WITH!""",1,0.04485394216708043,Allow,0
"bad motherfuckers 

There are a lot of them out there.
Keep calm and carry on.",1,0.04475993592516736,Allow,0
"Just for the record 

Users like you are the reason why I decided to leave here about 5 years ago. I cannot believe how utterly rude and disingenous you have been. You only took that user to wp:ani because they refused your help. Then you allowed their messages to be deleted which quite clearly show they are willing to undergo teaching, but because it wasn't from you, you didn't like that did you? Without a doubt the removal of barnstars and reaction to the welcome message was beyond the pale, and should have been dealt with by a short admin block, but your dishonesty surrounding this matter is utterly repulsive. I am very, very tempted to create an account just to have you dealt with for your actions. 92.20.50.154",1,0.04432488663799225,Allow,0
and that pic of jatts in delhi is a pic of some villagers or very low castes portraying themselves as jatts!,1,0.04371381378966324,Allow,0
"""::::::::::""""During slavery and Jim Crow, race was used to justify the law treating those superior blacks as inferiors."""" Whereas, now, race is used to justify treating possibly inferior blacks as equals, without evidence, which is just as unfair. I imagine you'll have some histrionic fit """"OMG, he's a racist"""", but like I said, there is no evidence races are equal, in terms of wealth generation. 128.40.97.30  

""",1,0.043347613728548014,Allow,0
"MY CHANGES DO NOT AFFECT ANY OF THE CONCOCTED OFFENSES YOU HAVE BROUGHT UP!

 WP:NPOV issues / synthesis
   WP:Verifiable
   WP:OR

I want to bring your OWN STANCE, as being pro orthodox which in itself is BIASED!

i am again going to put the changes back on, BECAUSE I believe your STANCE IS TO PROTECT THE CURRENT SINGH SABHA ideological stance on sikhism, WHICH MEANS that wikipedia ONLY ACCEPTS ORTHODOX POV and NOT unorthodox! Which means going by your OWN judgment, that the CHRISTIAN UNORTHODOX CHURCH, which exist, on real life and on wiki, HAS NO merit!

THAT IS A BIASED APPROACH!",1,0.04307929441478667,Allow,0
Hard to be constructive when the other party behaves like a godking thug.,1,0.04303402256620484,Allow,0
""":No, WTF do you think your doing, ? 
On what authority do you to attempt to deny the editors party to the case at hand the right to make an appeal here, as provided for in policy. I take affront at your offensive remarks, even though I have never interacted with you on this website before. Do not impinge my rights because you think you have to be a cheerleader for Arbcom, or whatever your actually motivation is.
I believe that Mr. Wales is the individual here that has the authority to decide whether or not the appeal(s) have merit. Once he makes that call, we move on.
As I and others have stated, however, blogs and other public forums are available for addressing the kangaroo court proceedings just conducted by Wikipedia's very own Arbcom, under the auspices of an undergraduate wanna be attorney. Am I laughing???
You're damn right I'm laughing!
But that is only because I've had a couple of whiskies to help ease my mind regarding the amount of time and effort I've poured into the issue at hand. Otherwise I'd be crying. 連絡 見学/迷惑 

""",1,0.04244988980873465,Allow,0
Would you believe it.. This frenchie threatens to ban me because I talk badly upon Foie Gras. I already said once that this page is protected by lobbyists. That includes frog eaters.,1,0.04218287727328914,Allow,0
"""

 thanks for my suspention 

hi HERE to say THANKS for deleting my work and suspending me form wikipedia and the rude email """"if u hate wikipedia so much.....LEAVE' well im still HERE! have a great day lot of love idoit""",1,0.0417666439268826,Allow,0
"Why? 
All hail the WikiNazi known as Anetode!",1,0.04080951704826864,Allow,0
I'm more and more convinced that you are a lunatic. Are you really saying that there is no relationship between societal views of what drug abuse is and the laws they enact to govern drug use?,1,0.04063886109765789,Allow,0
"""

 censorship of your talk page is childish, x2 

 """"If you edit my talk page again, I'm going to seek to have you prevented from doing so. Hipocrite (talk) """"

plesae do so, I welcome third-party comment on your behaviour.

thankfully, you have little control over the 'view history' page, which I'm sure will be viewed by anyone impartial.""",1,0.04021335486151847,Allow,0
"""

 to the (non-responding bordering troll behavior) china camp 

Have you people even read the background? I even purposed two months ago to put extra chinese arguments to that section instead of reviving that bulletin clusterfuck of """"wot i think"""". But what do you do? Ignore me and revert. Stay classy.   """,1,0.04013196026540898,Allow,0
"Butthurt much?
If you dinna like where I moved it too, just move it back. As you are the alpha and the omega innit",1,0.03959733052667169,Allow,0
"Your comments on WP:AN/I 

Tomer, while I can understand your frustration with some of Witkacy's behaviour, your comments on the administrator's noticeboard are inappropriate.

I would encourage you to rephrase or remove them, lest someone inadvertently draw the mistaken conclusion that you're attempting to bait Witkacy into some sort of personal conflict or inadvisable action.  Your remarks are stretching the limits of Wikipedia's policy on civility, and brush the border of our policy on personal attacks. (talk)",1,0.03956988399415195,Allow,0
"You have no life.
No friends.
No style.
From the best.",1,0.039483854595341164,Allow,0
"Don't Revert me Biaatch!

As a Conservative I think we need to LIONIZE Senator Kerry   
-    
- I think we need to add a section APPLAUDING Kerry's DENIGRATING AND INSULTING cheap shot insults directed at our brave soldiers in Iraq.   
-    
- After all, Senator Kerry just insured that conservatives will maintain control of both the House AND Sentate this year with his DESPICABLE comments.   
-    
- My DEEPEST condolences to Kerry apologists and liberal editors at Wikipedia (in other words, AT LEAST 90% of you.)   
-    
- In 2004, the dems and their LIBERAL enablers at MSNBCCBSNBCNPRPBSABCREUTERS/AP wanted the election to be about Viet Nam, figuring it gave Kerry an edge. So they made it about VNam and thanks to our BRAVE HONEST HEROIC Swift Boat Vets for Truth, it was! LOL! (With additional props to Dan Rather.)   
-    
- In 2006, the dems and their liberal enablers at MSNBCCBSNBCNPRPBSABCREUTERS/AP wanted the election to be about Iraq figuring it gave Dems an edge.   
-    
- And thanks to Senator John Kerry, the Dan Rather of 2006, this year's election is about Iraq.    
-    
- Except not quite the way they intended. LOL!!!   
-    
-    
-    
- And no, saying it was 'joke' just won't cut it.    
-    
- This latest Kerry outrage totally fits the LONGSTANDING pattern of Dems hating and denigrating our troops. From Kerry's GI Joe outfit testimony before Congress in 1971 to Dennis Kucinich, to Howard Dean to a San Francisco (where Nancy Pelosi is from) supervisor saying we should SHUT DOWN our military, the antipathy is indelible.   
-    
- And saying, 'Hey! I wasn't trying to insult our troops, just our Commander in Chief!'   
- only makes it worse. The American Legion certainly isn't buying it.   
-    
-    
- Perhaps you liberal wikipedia editors want to attack them too!   
-    
- Senator John Kerry - You can't blame the Swift Boat Vets this time!",1,0.03922612978497373,Allow,0
"... 

Hi, I have no idea what you are babbling about...",1,0.0388737508287206,Allow,0
"It doesn't matter what I think.  I'm a big retarded antisemite.  I'm-a go throw myself in front of an sixteen-wheeler with the grill covered in razor wire and video-tape it for you.  People will find the lone tripod on the side of the road, see the video, think it's lulzy, then put it on YouTube for posterity.
And THAT's my last post.  WilliamH, sorry for wasting your time.  Everyone else, search 'antisemite vs. truck' on the YT in a few days.  No wait, THAT one was.  No wait, THAT one was.  No wait, THAT one was.  No wait, THAT one was.  No wait, THAT one was.  No wait, THAT one was.  No wait, THAT one was.  No wait, THAT one was.  No wait, THAT one was.  No wait, THAT one was.  No wait.......    Okay, THAT one was.",1,0.03832045826132618,Allow,0
""")

Trumpet, I certainly will let someone whose posts mainly consist of inaccuracies, insults, ignoring/misrepresenting others views and """"zombies"""" tell me how I should refert to this fringe group.
I don't care whether you are a JMer, but the rest of your comment reveals that you have no idea about the historical craft. 
Since you have been explained about Docetism, there's no use in repeating why it and the JesusMyth claim are different. You will not listen.  (smile back) 20:27, 21 March 2006 (UTC""",1,0.03795701503412089,Allow,0
"""

The efforts by Elonka, et. al., to ratify this laughable whitewash of an article are just ludicrous. There is utterly nothing """"neutral"""" about what Wikipedia has puked out onto the Internet about Matt Sanchez. ref  """,1,0.03787449076355897,Allow,0
"pervert, 

ps karl swithwnbank wrothe this not littledan9999",1,0.03781325883572267,Allow,0
"Not so great, some chump thought i shouldnt post death threats...
There there, things will get better if youre patient.
I wish i could beleive that but i can't, so i think i'll just end it all now...
NOOOOO!!!! This is all Sandstein's fault, i will make it my to exact vengeance on him.",1,0.03771544993221154,Allow,0
"in other words, don't use the word a s s with the letters back-to-back because it sends up a red f u c k i n g flag to the computer reader.",1,0.03757726135113054,Allow,0
"Well, you might not be welcoming me if you knew what my other account was. It's called I Condemn Homosexuality. The edit filter totally stopped me from making any edits with that account, so it seems to be working well.",1,0.03741261596590866,Allow,0
"How the Hell does fighting him at Memory's Skyscraper or his fighting style clarify something as ambigious as darkness? That's what I mean by clarification. Defying gravity doesn't mean they use gravity; when I jump, I defy gravity, but that hardly means I can control it.  (Feeling chatty? ) (Edits!)",1,0.037002044426637674,Allow,0
"""

you're wrong; IAR applies to admins and regular editors alike. 
 
You have provided no evidence of that.    As I said,   I have the facts and you guys just have bullshit.
 
What is a """"regular"""" editor?    I am not a """"regular"""" editor  I am an occasional editor.
 
The """"Ignore All Rules"""" rule does not mean there can be one set of rule exceptions for you and another set of rule exceptions for me.     We can agree on an exception to the rules,  but the exception must apply equally to both of us.   For example,   we could agree that it is OK here to break the Wikipedia rule against using personal blogs as sources.    But that would mean that links to my blog must be allowed here and could not be excluded by arbitrary,  discriminatory distinctions between """"crappy"""" personal blogs and """"reputable"""" personal blogs. 
 
As Fatheaded Ed Brayton would say,  you are full of batshit wingnuttery.  """,1,0.03675421645261681,Allow,0
"Re:Mere Rubbish ==
I also think it is mere rubbish but I also think it is not completely rubbish. According to the southeast asian history, most of the ancient rulers of this region are Hindus, some rulers came from Persia (map covered Middle east, Greece, west India - Achaemenid Empire, Seleucid Empire, Parthian Empire and Sassanid Dynasty, please look at the size of the map their conquered). Kedah is a good example where the king from Persia came and eventually he built a kingdom.

In the old days, it was slavery society (no sultanate and no democracy yet), all Hindu rulers belong to higher class, common peoples and the natives belong to inferior slave class. The Hindus rulers came from India and Persia and they ruled most of the southeast asia, they called themselves high class peoples, the rest are merely slaves. Parameswara is a Hindu ruler, he is one of the descendants of the Hindu royal family that belong to higher class of Hinduism.

As for the Macedonian bloodline, this is also not completely rubbish. In the old days, the Persian empire was so big, they are so proud with king Alexander the Great. Also, they ruled some of the southeast asian lands such as the Angkor, Pasai, etc. Parameswara later married Pasai's princess and adopted Persian Shah and claimed as descendant of Alexander the Great, I don't think all this is completely rubbish.

Anyway, please correct me, I may be wrong too.  

==",1,0.03654809677128454,Allow,0
"""
 wow, you sure do """"talk"""", """"talk:"""", """"Talk:"""" alot. how about trying to add something to articles, take your own advice. i laugh in your face: http://en.wikipedia.org/wiki/Special:Contributions/JShultz   """,1,0.03629991709232591,Allow,0
"""::Nice wording there.  That's the point.  It's a fact.  It's not a """"portrayal"""" that is """"too positive"""".  It's a fucking FACT.  What planet is this?  Where does this argument come from?  IT IS A FACT.  It matters not what editors of this encyclopedia think.  It matters greatly what the sources state.  And they state it explicitly: """"Michael Jordan is the greatest basketball player of all-time"""", """"By acclamation Michael Jordan is the greatest basketball player of all-time"""".  How much more explicit do you expect it to get?  They aren't going to waltz the answer out to you.  This is an objective look at someone who demonstrably showed that they were the greatest.  If editing is a problem, then just create a special lock or something for the opening paragraph that only the top moderators can unlock.  Every source in existence acknowledges him as #1 all-time.  So the idea of """"having certain wording"""" that may not object to certain users' opinions completely defeats the purpose of an ENCYCLOPEDIA. 

""",1,0.03567751254370658,Allow,0
"....... 
now that i think about it, luna means moon and satin means devil!
so that means you are the moon devil who else would be the moon devil
but the person who disabled my ACCOUNT!!! ( if trevor is reading this 
then i want to say that i love that snowman, i tred to make one but it
didnt work(scroll down))

further

even further

almost there....

 __
(**)
( .)
(. )
                          O   
                         O O                  
                        O   O                        
                       O     O                            
                      O       O                      
                     O         O                       
                    O           O                     
                   O             O               
                  O               O                                                             
                 O                 O          
                O                   O       
               O                     O         
              O                       O         
             O                         O
            OOOOOOOOOOOOOOOOOOOOOOOOOOOO                               
           O  O                      O  O                             
          O    O                    O    O                    
         O      O                  O      O                        
        O        O                O        O                         
       O          O              O          O               
      O            O            O            O              
     O              O          O              O     
    O                O        O                O                     
   O                  O      O                  O                                    
  O                    O    O                    O                                               
 O                      O  O                      O                          
O                        OO                        O 
OOOOOOOOOOOOOOOOOOOOOOOOOOOOOOOOOOOOOOOOOOOOOOOOOOOOO  SKILLS! IT TOOK 20 MINUTES TOO MAKE",1,0.03502028262321702,Allow,0
"Infoboxes should be piled in the Grand Canyon and set on fire. Other than that, I have no reply to your comment.",1,0.034938937070727386,Allow,0
"""

City departments

As of 70 minutes ago, Sturgeon bay fire dept responded to the holiday motel right at the east end of the downtown bridge.

Get this, they have 2 pumpers, 1 mini pumper, 1 tanker, 1 ladder truck, and 1 rescue truck from the city.... AS WELL AS 1 pumper, 1 mini pumper, and 1 rescue from the southern door fire dept...... And they have only started (as of this writing) to try and put it out!!!!! Even then, there are only 3 people actively fighting the fire - the rest are just standing around WATCHING!!!

WHAT.... THE..... F***!?!?!?!?!?! When did the fire dept turn wimps??? And WHY are the citizens paying for all these firefighters when they're not doing anything???

Will fast-track the photos, and get them up on the """"sturgeon bay"""" yahoo group by tuesday, should anyone care to see them.

 """,1,0.03433030462282318,Allow,0
"Wikipedia isn't a repository of pedophiles using NPOV stance to insert talking points into it's articles... oh wait, nevermind, it is.",1,0.03429535476789578,Allow,0
"Portia Gibbons?? 

Who was the idiot that invented the false show called Portia Gibbons??, please, that show isn't real, it's vey fake, doesn't exist, Portia Gibbons is the name of a character from the series The Mighty B!, and that show was ended in 2011, it's not currently producing new episodes, was canceled in 2010, please, no more vandalism, it's the very true, i'm not doing vandalism, i'm editing as well!!!",1,0.033837223754998355,Allow,0
Too bad that admins don't care about edit warring as much as they care about templates. (now this is where they probably block talk page access because I have the audacity to be sarcastic to one of the princes. ),1,0.03344212007187764,Allow,0
"Civility: stop editing other peoples post for MINOR reasons. There are real civility issues out there like

I am keeping this bit of filth for evidence and show.http://en.wikipedia.org/w/index.php?title=Wikipedia%3ARequests_for_arbitration%2FHis_excellency%2FEvidence&diff;=69701704&oldid;=69699623

In my own defense: A man has a right to his opinion. I do feel Timothy Usher is a bigot. I do feel that Jews are screwing up the planet (though admittedly Muslims, by far, surpass the Jews in their capacity to destroy things). Look at history. Only recently has it become the norm to like Jews. That only came about after certain countries (eg America) adopted them as the collective dame-in-distress needing shelter and protection. Sort of the precursor to the chihuahua. Before then, Jews were hated in Europe and America alike..And everywhere else. We all know Jews were once banished from most culturally superior European countries. The only reason why Poland took them in was that they had loads of money. Probably the same reason why Washington panders to the now. Point is, alot of people dislike Jews. I'm entitled to, so long as I don't demonstrate that dislike on articles dealing with the topic of Jews. We don't penalize people for not liking things, do we? His Excellency... 

So how about dealing with things like that. PS this user is not perminently banned!",1,0.03324851408207331,Allow,0
"""

Lol, I was thinking to myself, """"What's the most childish thing a person could do in this situation?  Maybe pretend like it was the last comment that was the final seal on the block?""""  You disgust me.   (talk | contribs) """,1,0.03282270450505617,Allow,0
"penish 

SNOOPING AS USUAL I SEEEEEEEEEEEEEEEEE",1,0.03212652755009669,Allow,0
"""

What the hell does that mean? Talk English not Wiklish. Are you some kind of homomorph? -)
As to RoyBoy, he is not very good at checking his facts. Even a cursory Google would show that Jonathan Sarfatti and Jack Sarfatti are not the same person and live on different continents. Notice how silent the Great Mathematician Dr. Hillman is in the light of Nobel Prize physicist Brian Josephson's remark above putting him in his proper place and in Hillman's inability to respond to Sarfatti's detailed argument above. It is not enough to bluster """"it's nonsense"""". Burinski will also respond he is not on e-mail all the time. None of your facts check out. Everything Sarfatti has said is the truth and his arguments on the physics have not been refuted. You people not only have no respect for truth, you simply cannot even perceive it because this information is too advanced for all of you - even Chris Hillman who is not a physicist although he is a mathematician of sorts - he admits he is not even interested in quantum theory so he should recuse himself if he were really honest. Brian Josephson wrote the reality above.

SIGNED JackHorner from The Corner 11:42 Pacific Time Sept 25, 2005""",1,0.0316665552016707,Allow,0
"impact page 

you might as well just give up dude.  i can and will continue to make this update if i have to visit the page every 5 minutes. i have the time.
i remember you from the discussion about the whitecaps and not wanting them to have a new page for their MLS entity.  you don't know jack about MLS and therefore you do not get the last say about how an MLS page is updated.  these games are officially broadcast by the league itself and the numbers are being worn and are clearly visible and assigned to players that official league announcer are referring to  .... so obviously they are going by some sort of officially published rosters.  the impact website is NOT the only way to have valid information.  if and when the website is updated and any numbers differ they can be changed at that time.  your insisting that my own f**king eyes are not a good enough validation nor is the OFFICIAL league broadcast/ers is completely idiotic and pedantic.  there is no problem erring on the side of more information being available on wikipedia especially since it was information that was out there to be gathered and put on wikipedia in the first place.  it isn't like the information is made up ... it comes from a reliable source ... the league itself ... it just so happens i was the only one dedicated enough to watch the game and compile the numbers and you were too lazy to do so.",1,0.0312573378345327,Allow,0
"""48, 3 November 2010 (UTC)
Although shitting on me isnt exactly making me want to demand that the withdrawal be respected. nableezy - 21:""",1,0.03065452648106068,Allow,0
"I'm sorry that I must say this. I have never come across a more idiotic editor on Wikipedia. Congratulations on making it to the top of my list. I mean that in a congratulatory sense entirely; in no way is it meant to offend or sound sarcastic. I wouldn't call you an editor though. You're more of a pollutant to this project and one with extreme perversion of perception. Please reread the discussion at the talk page. Based on what you last posted there it is painfully obvious that you ignored, or did not comprehend, much of what I tried explaining to you multiple times at that talk page.",1,0.030586152760815583,Allow,0
"I can tell you what the argument is about here newseventsguy. It's about YOUR retroactive reversion of a simple edit trying to include secondary independent verification of sedimentary nanodiamonds in Younger Dryas sediments by Bement and Madden et al., WITHOUT DISCUSSION a reference that I notice has NOT YET been included in the reference list still, after all this time. This is after you ADMIT that you are ignorant of the peer review literature and the controversy. Any attempt to do simple reference list edits on this page have been stomped by no less that five admittedly biased and ignorant editors. The honorable thing to do here would be to recuse yourself from editing the page, as I have. But I haven't seen that happening until now. Good luck with it, you've already made complete fools of yourselves.",1,0.02948826758429202,Allow,0
"{{unblock|Hello, I am writing this to request that you duly unblock my IP address from editing wikipedia.  Unfortunately, I am stuck in a class room full of imbeciles, preventing me from editing pages for the benefit of my fellow wikipedians.  Please, do not punish me for the cretinism of my peers and undue this great injustice.  Vive la resistance!",1,0.02937158492716059,Allow,0
"""

 Million Dollar Championship 

WWE.com is not a reliable souce to WWE titles anymore? Are you crazy?  —Preceding unsigned comment added by 187.15.89.67   
Yes but you haven't provided anything to 1)Say its a sanctioned title and 2) that its retired.Iron 
You are putting words on my mouth. 1)I never said it is a sanctioned title. I said it is unsanctioned. I just said that is recognized by WWE as a title. 2)If you see the animation on the Million Dollar Championship history page on WWE.com you will see that the title was abandoned after Ted DiBiase reign. Abandoned = retired.  —Preceding unsigned comment added by 187.15.89.67   
WWE has never recognized it as a title the page even says that and just because its abandoned doesnt mean its retired.Iron 
WWE has never SANCTIONED the title! But it is RECOGNIZED! """"The Million Dollar Championship is the most extravagant and expensive championship in WWE history."""". If it takes part in WWE history it has RECOGNITION. It has an official history page (http://www.wwe.com/inside/wwefeaturepage/features/milliondollarlegacy/) and is RECOGNIZED as a title on Million Dollar Man (http://www.wwe.com/superstars/halloffame/inductees/themilliondollarman/bio/) and Ted DiBiase (http://www.wwe.com/superstars/raw/teddibiase/bio/) bios!  —Preceding unsigned comment added by 187.15.89.67   
find as source that says it retired.Iron 
The animation here: http://www.wwe.com/inside/wwefeaturepage/features/milliondollarlegacy/  —Preceding unsigned comment added by 187.15.89.67   
Nothing in that says its retired all it says is that he refused to take it back that's not retiring itIron 
If he refused who is using it now? Who is the current champion?  —Preceding unsigned comment added by 187.15.89.67   
its vacantIron 
LOL LOL LOL LOL LOL LOL LOL!!!!!!!!!!!!! You are funny!!!!!!!!!!!!! Vacant??????? Sorry, man, but I cannot believe that you are so retarded! The Million Dollar Man took ir back home! The title is his! It is UNSANCTIONED! It is ABANDONED for good!  —Preceding unsigned comment added by 187.15.89.67   

Im done have a nice nightIron 

So it is over, right?  —Preceding [[Wikip",1,0.029248687364209155,Allow,0
"George Washington had 2 on the vine. Two sets of testicles, so divine.",1,0.028893298097606886,Allow,0
"series scrapped on 4th july??!?

on http://www.insidebigbrother.net a few ppl hav left comments saying that the current series is to end on the 4th of july but i believe that this is complete and utter rubbish....
has anyone heard anything about this???",1,0.02853784254695787,Allow,0
"""

 UNBLOCK ME YOU ASSHOES! 

{{unblock|HAHAAHAHAHAHAHAHAHA UNBLOCK ME OR I WILL VANDALISE MORE!!!!

It had been six years since we had graduated from college, and for the first time since graduation, all three of us were together again. From the enthusiastic hugs at the airport and then the conversation and laughter during the dinner we shared at a local restaurant on the way to my home, it was clear that while plenty of time had passed and we had kept in contact, the comfort and attraction between the three of us when all together in the same physical location was still undeniable.

Having returned to my cozy, semi-secluded home in the suburbs, we all sat in the living room, sipping wine and continuing the tales of our lives. With the exceptions of the location – a house – and the presence of alcohol, it could have been any of our final two years of college together: The three of us, tight-knit friends-with-benefits, sitting and chatting and sharing a drink together. Then, Justine and Beth had been roommates while I lived in another dorm across the main quad; now, they were much-welcomed guests who had fortunately been able to clear time in their hectic schedules to come and visit me for a weekend.

As I sat in the recliner and took another sip of wine, I allowed my eyes to truly linger on Justine as she told Beth about a recent situation at work. The Florida sun had certainly added a glow to Justine's skin, and may have also been responsible for the lighter shade of her shoulder-length brown hair. As when we were in college together, she wore virtually no make-up, just a thin gloss upon her lips – an enticing strawberry flavor, as I had discovered upon meeting her at the airport earlier in the evening – and red fingernails. Her red dress was indeed elegant, with a plunging sequined neckline that permitted a very welcome display of her cleavage, a display which Beth and I both certainly appreciated. The long slit up the skirt of the dress revealed that she was wearing stockings held up by a garter belt, one of its descending white straps definitely noticeable against the well-toned thigh. The red heels provided enough of a contrast for the white stockings to truly attract the eyes. Surprisingly, however, she wore hoop earrings, something she had never worn during college for fear that they would pull at her ears and widen the piercing holes more than was considered safe.

The conversation turned back toward me, but a few minutes later, the two beautiful young women were again chatting primarily to each other. I took the opportunity to once again study Beth, and was equally impressed. While noticeably shorter than Justine, Beth was also paler in complexion, a testament to living in northern Canada ever since graduation and spending virtually every waking moment inside to conduct her research. As in college, Beth preferred the color black for her outfits: a somewhat-tight sweater, form-fitting slacks, and a pair of low heels. Four tiny earrings adorned each ear, plus she bore a small sparkling stud against her left nostril. Beth's black hair flowed over her shoulders and down her front, and she absently twirled several strands around a finger as she listened to Justine.

It felt so good to be in their presence once again. Especially since all three of us had been in several failed relationships since graduating from college, I was thankful that I had thought to invite them to spend the weekend with me. I had absolutely no doubt that our chatter would eventually give way to intimacy, but for now, I was quite content to simply sit back in the recliner and openly admire the two stunning beauties perched upon the sofa.

The intimacy began when we finally went to bed... together. I was on my back under the covers, with a very feminine head resting softly upon each shoulder. An arm wrapped around each of them, I held the two women close to me as they absently stroked my bare chest, dipped a finger into my navel, brushed my thighs through the sweatpants I typically wore to bed, caressed my stiffening manhood. My eyes closed, I reveled in their touches: inherently familiar, yet full of rediscovery due to the lengthy passage of time.

No words were needed. And as their hands occasionally made contact with each other upon me, I smiled to myself in the darkness, having always enjoyed watching Beth and Justine in their own intimate encounters. But eventually, their touches slowed and ultimately ceased, their breathing falling into the regularity associated with sleep. I stayed awake a little longer, immensely enjoying the closeness with two of the people who had been most important in my life.

I awoke in the morning to the scent of French Roast coffee, faint yet unmistakable. Justine was gone, clearly the one who had brewed the morning nectar, while Beth and I held each other as she slept.",1,0.027723968628107356,Allow,0
"Regarding Your Message 

Can you please be more specific instead of just shouting at me?",1,0.02750379920970276,Allow,0
"Another ridiculous article by WikiPedia ==

Your section on how to define area is as vague as most of your other articles. Area is easy to define: It is the product of two averages. Volume is not 'analogous' to area - whoever wrote this, needs to look up the word analogous. Volume is defined as the product of three averages. It is also accurate to say that area has no extent - just like a point or line. Area only begins to take on understandable dimensions once a point or line is assigned extent. As an example: If a line is made up of 3 points of zero extent, it's length is zero. If it is made up of 3 points whose centers are half a unit from the circumference of a circle formed around the same, then the line has length of 3 units. More ridiculous articles: Fundamental theorem of Calculus, Proof that 0.999... = 1 and Infinitesimals. 98.195.24.26  

==",1,0.02720054789531883,Allow,0
"""

=Czechoslovak fan panslavist idiote
""""Please do not create attack pages as you did at User talk:Iaaasi. Attack pages and files are not tolerated by Wikipedia and are speedily deleted. Users who continue to create or repost such pages and images, especially those in violation of our biographies of living persons policy, will be blocked from editing Wikipedia. Thank you. Yopie (talk) """"

Is Ányos Jedlik  a living person? You will be deleted as your race-based panslavist state: czecho-slovakia""",1,0.027118244868443258,Allow,0
That was a pointless discussion. The party is well established and he has now joined another one. His fourth if you count the stint as an independant. So much for it not happening. LOL.,1,0.026890024068871636,Allow,0
Ricky81682 (talk)  MUST be investigated right fukkin now. This profile has protected Bermender since day fukkin ONE.,1,0.02554648023030192,Allow,0
"""

As for the arguements that abo should be included .. it already is. Wanker is used alot, but only as a common noun, and the usuage isn't unique. Same for the other words mentioned.

Though other commonwealth countries (such as new zealand) may use cunt in a similar fashion, Australians do seem to use it more. However, this arguement is irrelevent since many """"Australian"""" words such as """"mate, bloke"""" etc are used extensively in NZ, and the UK, though are still in the article.
R0m""",1,0.02531096720601674,Allow,0
"""
let's see, how many times he has used the f-words with various lies, and I've got no apology from the gross offender. However, you say that the quite fit label for him is the same as his """"fuckism""""? Not worthy to listen to. Advices are enough from Baseball Bugs so far, indeed. I have a valuable lesson about some of human nature from Roux's behaviors, so I'd rather read books of good maxims in Chinese.Caspian blue """,1,0.025117222428940014,Allow,0
"I AM SUPERFAG, FAGGING UP THE INTERNET FOR ALL TO SEE!   (talk)",1,0.02403515697047605,Allow,0
Pgagnon999 has used a sock puppet to remove cited material. Cited material replaced. Do not delete previously sourced material regardless of your personal opinion of it. Doing so is contrary to the spirit and policy of Wikipedia. This user has a history of hostility and stalking in wikipedia.,1,0.023692836772446768,Allow,0
"Horribly written, not like an encyclopedic article 

What is this drivel?

That Hüttenbrenner neither had the work performed, nor even let the society know he had the manuscript is curious and has spawned various theories. Was he given an incomplete score by Schubert and was waiting for the rest before saying anything? If so, he waited in vain throughout the six remaining years of Schubert's life. After Schubert's premature death in 1828 (of typhus as a complication of syphilis), why didn't Hüttenbrenner then make the existence of the manuscript known? Do the torn pages suggest he had somehow damaged the piece and managed to lose, or even inadvertently destroy, the last two movements?[5] Was guilt therefore the reason he kept silent about the work's existence for 37 years after Schubert died? Could personality factors like introvertedness or jealousy have been at play here?",1,0.023462447837806877,Allow,0
REDIRECT Talk:Bolivian chinchilla rat,1,0.023458512064925257,Allow,0
"Bullshit=
There was no violation, you removed factual material.

Ditto again the above statement. I have also informed Wikipedia's administrators of your persistent attempts to insert subjective material into this article, in violation of WP:NPOV.   
Ditto to that
There was no violation, you removed factual material.

Greetings. Uncyclopedia is not associated with Wikimedia, and continuing to insert this false information is considered vandalism. Also, please heed Codeine's warnings about NPOV; opinions do not belong in Wikipedia articles. Thanks,  (spill yours?) 
Bullshit
There is a connection between Wikia and Wikimedia, Wikia pwns Uncyc. Sorry, loyalist.

Your edit to Uncyclopedia
Your recent edit to Uncyclopedia (diff) was reverted by an automated bot that attempts to recognize and repair vandalism to Wikipedia articles. If the bot reverted a legitimate edit, please accept my humble creator's apologies – if you bring it to the attention of the bot's owner, we may be able to improve its behavior. ''' for frequently asked questions''' about the bot and this warning. //  
=",1,0.023395302839245267,Allow,0
"""I WAS BLOCKED """"12:53, March 22, 2007 for 24 hours"""" IT HASNT EVEN BEEN 24 HOURS, I HAVENT BEEN UNBLOCKED,SO HOW COULD I INSULT SOMEONE WHEN I CANT EVEN EDIT A PAGE? STOP BEING A UBERADMIN, SWAT JESTER.""",1,0.022928875949312803,Allow,0
"I believe religious views should be taken into consideration in this article. Reading the article, I am shocked by the fact that it almost seems as if M********* is normal behavior, when infact, it's not. Sodomites should not be respected in any society, and wasting semen is a sickness worthy of disgrace.",1,0.022817932470810303,Allow,0
"""
""""as an admin"""" you have almost no basic reading and comprehension skills. there once existed a 'The Sentinel (MHS)' article, with proper citations. it has been deleted. i tried to make a new page, and find those citations - i could not. please die in a car crash""",1,0.02216514877124189,Allow,0
"Sources people,no propaganda

The following comments have been deleted:

The band promotes Croatian patriotism and ultra-nationalism, and sings about topics such as the love for one's country, family and religion, but also about the hatred of Serbs and Croatian social democrats. Dealing with such topics has made the band controversial. Perković has been known to openly promote Ustaša ideology because he wears black clothes, salutes in the corresponding way and had often openly supported the Ustaše and the NDH in his statements to the media. 

Ultra-nationalism?Ultra-nationalism means that you want to destroy everything that is not of your nation.While patriotism means that you love your own nation,but you respect others.Where in his songs does he promote hate to other nations?And no mentioning songs created in time of war against the Serbs,because it was the time of war.And only mention songs written by him.Not what he is accused of performing.

 Hatred toward SDP?Where?Name source.He is right wing,that si widely known.Of course he disagrees with their politics and he considers their politics bad for Croatia,but hatred? Reliable source please.

Where does he promote openly Ustashe?Citation please.Because he wears black clothes?Are all rockers Ustashe?By this,rock 'n' roll is equal fascism.He is a rock singer,of course he wears black clothes.
Salute he uses is an old salute of Croatian nobles,that existed long before Ustashe.

Despite this, his statements confirming his support for the Ustaše actually outnumber his denouncements of this virtual NSDAP equivalent (he is noted to have publicly voiced his support for the NDH, in various degrees, to the media on at least twenty occasions). His credibility in these statements is diminished not only by this fact but also by the legal necessity to denounce any fascist movement in order to avoid further banning (or other legal action).

Again,I see that this is already discussed.Feral is not reliable,its a tabloid.Only reliable newspapers should be used.And these quotations in Feral,while they may be true,there are no links to check the meaning,because they may be taken out of contest,and they could have totally fifferent meaning ii their original contest.This is not reliable.

And one more question.A couple of months ago I translated two Perkovic's statements in Jutarnji list and Vecernji list.I've put relevant sources,links to that articles.And a picture was there also.Someone deleted all this without giving explanation on the discussion page.This is not what wikipedia is about.Any change must be explained.Shame on anyone who uses this kind of sneaky methods.",1,0.021530841842669016,Allow,0
"""

Related projects is made for stuff that is somewhat more related then just having 4chan's name in it. The lolikon boards on not4chan was on 4chan but then changed to not4chan. (see the article) And world4ch is managed by 4chan staff. Anyways plus4chan has nothing to do with 4chan except that they actually archive some stuff, and the mods have stickied it for a while. If we would add all """"Related"""" projects which are not run by Team 4chan the article would look shitty.  """,1,0.02123613885630115,Allow,0
"""

Your accusations are false and malicious. You hurl accusations to justify your attempt to enhance POV editing in the article. There has indeed been bullying on the article but it has been directed AT me, not by me. You are obviously looking at this is a very biased manner. You punish Wikid for making a joke about a swine that offended The Magnificent Clean-Keeper. Yet, you punish me when I complain about horrible words being directed at me, including the repeated use of the """"F"""" word by The Magnificent Clean-Keeper towards me. There has been a great deal of harassment directed towards me, yet you totally ignore it or never looked into it. Then you make the totally false charge that I  misused mediation. That is outrageous. The mediator turned out to have a srong bias. He could not fulfill the role of an impartial mediator, in my opinion. To say that rejecting a mediator who had openly expressed a strong bias is wrongful is just more bias on your part. I agree that Wikipedia is not an advocacy site, and that is the exact point I have tried to make. BOTH sides of the murder mystery need to be included but since you have blocked both editors on the same side and encouraged the others to remove ALL of our work, it will hardly be a surprise when this article reads like the prosecutor's brief. But to me the worst part is to see the condoning of abuse of a woman editor. That is so sickening it is beyond what I am willing to tolerate, even to try to help achieve NPOV in an article.   """,1,0.020496665482171585,Allow,0
TALK TALK TALK blubber ALL KINDS OF BORING THINGS!!!,1,0.020195118716893414,Allow,0
"""

 About the dumbest admin action I've seen in awhile 

Congratulations. You've just amply rewarded tag teaming, disruptive behavior and general assholery by an obnoxious group of users by instituting the block on Altetendekrabbe .

Way to incentivize users to engage in more tag teaming, disruptive behavior and general assholery. And people wonder why the project's dying. """,1,0.019192955045302225,Allow,0
"I CANNOT BELIEVE THIS WHAT THE #@@%K
if you continue to do this i will have to take some drastic measures watch your step it may be your last",1,0.01872710843470531,Allow,0
"""

Italy???? Rome???? What the fuck has this got to do with anything we are talking about? You serbo-nationalists wanna go on your Italy page and discuss that. Evlekis, are you able to read??? Look at the following:

""""An excellent scholarly contribution to the study of the province. . . . Seriously differs from the biased interpretations published by Serbian and Albanian historians, or trendy but shallow Western """"Kosovology experts.""""
—Canadian Slavonic Papers

""""A thrilling detective story.""""
New York Times Book Review

""""Excellent.""""
New York Review of Books

""""A book every policy expert, journalist and lay person must read.""""
Wall Street Journal

""""Malcolm's narrative is gripping, even brilliant at times ... He takes to his task with the vigor of a detective driven by true passion. At times his claims are, in terms of Balkan history, quite revolutionary.""""
Economist

""""Cover(s) the whole history of Kosovo, with an authority that is often breathtaking and never oppressive.""""
Sunday Times

""""Brilliantly researched and argued ... a magisterial work of history ... Kosovo will inevitably be received immediately as an immensely valuable contribution to our understanding and knowledge of a contemporary crisis. But to see the book as merely a contribution to the present-day debate is to do it a disservice. This is a profound and pioneering work which will endure for generations.""""
Times Literary Supplement

In this awe-inspiring work, Malcolm has created a vital successor to his Bosnia: A Short History and an essential aid to anyone who wishes to understand this tragic region today...His book is exceptional not only for his unimpeachable rearch, but also for his equitable examination of the conflicting ethnic views of what really happened ... One can't help speculating on how a clear understanding of the information contained here might have affected the Dayton Accord and history.
Publisher's Weekly, 4/20/98

By far the best available guide to the fatal steps to catastrophe.
The New York Review of Books

"""". . .elaborately researched . . .""""
Book World

There you have it. Noel Malcolm is revered and aknowledged as a neutral and impartial historian. But just because he isn't on of your Serbo-bloggers, you come up with all this shit about his works. When he says """"conquered"""", that is exactly what the term means. Your map is shit. Because Serbs ONLY MADE UP 25% of that land whether it was a bigger or smaller Kosova than today. And I call it KOSOVA because KOSOVA is it's name. It's Serbo-nationalists like you, Dab, and Balkanfever who keep it in it's Milosevic devized name. And you keep going on about the Treaty in London 1913. Well???? What happened???? Certainly nothing to do with Kosova joining Serbia because I said before and I'll say again - if it did, Malcolm would have said it. If he gets things wrong, why is he so well respected by all those reporters in the newspapers listed by Interestedinfairness. Answer that one. Dab, don't confuse the issue. It doesn't matter if Kosova was once it Italy, I tell you that it has never been in Serbia, it only had the bad luck to be in the same """"genocide state"""" as Serbia when a part of Yugoslavia. The end.   """,1,0.01859542894511062,Allow,0
"""

THIS IS MY REPLY TO YOU THAT YOU HAVE DELETED ACTING AS A FASCIST FROM THE DISCUSSION ON NICOSIA PAGE:

Nicosia and discrimination against Greek contributors and the Greek character of the cityDear Salvio,

You have accused me of abusive behaviour against other users and consequently blocked me from editing the article on Nicosia for a 24 hour period.

May I draw to your attention that it is fairly obvious that those three users namely Seb az86556 , Seric2 and Chesdovi are clearly constantly creating a picture of Nicosia as a decadent muslim city that serves their religious beliefs and are all clearly hailing form Turkish backgrounds.

There is a constant undermining of the city´s Greek identity i.e. whenever a Greek flag appears in any single picture the aforementioned users delete that picture instantaneously and prefer to throw in pictures of the flag of """"shame"""" and occupation that is equivalent to a legalisation of a human crime of continuous brutal occupation of the island of Cyprus by the Turkish army.

The Greek flag is OMNIPRESENT in the Republic of Cyprus whether some people like it or detest it but this is the reality and an Encyclopedia that wishes to be UNBIASED should depict the REALITY and not the subjective views of a minority of readers that are furthermore based on extremist religious and nationalistic views. On the other hand, such users do find it appropriate to throw in pictures using the Turkish and the ILLEGAL, yes illegal according to United Nation referendums flat of the non-recognised internationally illegal self-proclaimed state of the so-called TRNC.

It is totally UNACCEPTABLE to have extremist nationalistic individuals, that strategically reached the level of administrators, deteriorating all the time the article on the city of Nicosia, promoting an unrealistic Turkish character and undermining the Greek character of the city AND at the same time having an ADDITIONAL article on """"North Nicosia"""" that is depicting a totally FALSE picture w.r.t the city. The TRNC is illegal, not recognised by any state other than Turkey and some terrorist states that are non-democratic and yet Wikipedia has a page on Northern Nicosia by supposedly administrators that support the unification of Cyprus. This is clearly a major distortion of their intentions and a huge lie in that an individual that pretends to be a neutral aribtrator and a supoporter of reunification cannot have a separate page on Northern Nicosia stressing how Turkish it is and then go and literally destroy everything in the proper page for Nicosia and emphasize the Turkish character of the city, talk about the tension and the division of the city all the time and undermine the Greek character.

This is clear nationalistic and racial discrimination against the indisputable Greek character of the area controlled by the Republic of Cyprus and furthermore it is downgrading for the Republic of Cyprus the mere fact that Wikipedia has a site that is CONSTANTLY vandalised by several ethnic Turkish extremists and Wikipedia users support such discriminatory behaviour.

In the light of all of this, I shall stop contributing to Wikipedia as I consider it downgrading for my own self. Furthermore, I do not wish to participate in an """"encyclopedic"""" project that is totally biased and discriminatory.

Marcobadotti (talk) """,1,0.018531316804169,Allow,0
"n ig ger nig ger 

Hi n i g g e r",1,0.01823925689600645,Allow,0
"I would cite the references that I've made in bold freakin' text, but I can neither find nor be hassled to go through all the site's features to venture the references button, so I put the chapter number and quotes accordingly in the edit, giving you no excuse by any means to go about defiling through them all as though it were your life's passion. IF you find them so troubling, move the references (Ch. 260, for one) I made to the references section for crying out loud. Don't be undoing edits like some douche seeking to start edit wars with no authority, (take it from me) it makes you look like a cretin, honestly.",1,0.01807439131469385,Allow,0
"""::::niggardly is a perennial favourite in that category.  (t)⁄(c) • 
""",1,0.017827477019285037,Allow,0
"""
Without playing your silly game no more, I'll just skip to the point and suggest a new sentence:

""""This argument has been cited by most American physical and cultural anthropologists as evidence that racial categories are biologically meaningless, and that behavioral differences between groups cannot have any genetic underpinnings. Physical and cultural anthropologists in other countries, most notably Russia and China are mostly of the opposite opinion, and believe racial categories are biologically meaningful. Likewise, the majority of forensic anthropologists, biologists and developmental psychologists believe race is biologically meaningful.""""  """,1,0.017675360016671575,Allow,0
"""

  Are you fing kidding me? There are 30+ reliable sources listed in the pre-vandalism history of the page. This debate in this talk page has no importance and will not receive justice. I am making my objections public for the sake of posterity alone. If you want to see the sources:

 Go look at the history of the page pre-vandalism.
 Go look at the history of the talk page pre-vandalism.
 Go look at the previous AfD discussion where 30+ sources are extensively discussed and analyzed, and consensus found that they were reliable according to the wikipedia definition of """"reliable"""" which you have not familiarized yourself with. 

This debate has already been done and it's very visible in the history of the page and the previous AfDs; the history which has not been consulted by the current deleters attacking this page. Without an """"admin in my pocket"""" my claims fall on deaf ears; I understand this all too well. If you or your allies were interested in due process, you would examine the history instead of asking that all that labour be repeated. Your kind will always demand that others do all the work even when it has been done in exhaustive detail. When you've read this entire page: https://en.wikipedia.org/wiki/Wikipedia:Articles_for_deletion/The_Law_of_One then you may speak without embarassing yourself. Anyone who has not read that entire page and understood the poles of the debate speaks from ignorance and exposes themselves as lazy deleters happy to erase hours and hours of work without a care. Shame on all of you for your intellectual laziness, dishonesty, and irresponsible deleter reflexes.   

 Screenshot of the Sources Pre-Vandalism 

  — Preceding unsigned comment added by  (talk • contribs)  """,1,0.017273360756602806,Allow,0
"UNBLOCK: 1. The reason I used sockpuppets was to avoid harassment from user: Dibo who immediately reverted all my edits, ,  and  when I forgot to log and branded me a sockpuppet of some previous user, here  which the checkuser proved did not exist . I got into a revert war with user: Tancred and user: Dibo who from the contributions, seemed to devote their time exclusively to making trouble and aiding each other in edit wars, as is shown here, ,  as well as in the earlier case regarding user: Ehinger222 who they erroneeouslly accused me of being. After several days of edit warring with user: Tancred over the right to call rugby league football, football,(surely a neccessity and not erroneous), user: Tancred's vandalism to the rugby league nations template here , The names of various sports on the Marconi stadium site  and whether the a-league franchises should be referred to as clubs(part of their franchise names, e.g.Queensland Roar FC is a franchise and not a club, but takes the name of a club for marketting reasons) or franchises, and whether minor premiers were premiers or not. Tancred has a history of edit wars, exemplified no better than here. I was banned by user: Chuq although my last free edits from here were this , , my last was this .  is where I made an argument for my case for the A-League case. Earlier, I had asked Chuq to please get a non soccer admin to help sort it out made in language not too different to chuq's .  Funnilly enough user:Chuq sent no warnings to user:Dibo and user:Tancred despite their equally uncivil and accusatry of vandalism here , (I was not one at that stage, as I was not trying to misuse the system and eing honest enough not to use this account to try to sway the argument),  , (note the term POV rubbish). I felt I was hard done by and resolved to annoy the blockers as much as they had annoyed me before resuming as my previous identity and making a large number of useful contributions before being bogged down by a piece of shit like user:Dibo who provoked this whole encounter. User:Dibo and User:tancred are the ones who should be banned if any justice is to be done, and I am resolved upon annoying the whole lot of you unless I am unblocked and the usefullness of my <500 edits is acknowledged as actual contributions and user:dibo recognised as the edit warrer that he/she/ it is.",1,0.0167265703302456,Allow,0
"""

 I'm BUMED !!!!!!!!!!! 

Danny, I'M PISSED, that your NOT on Adam Crolla show any longer.

I feel that the """"AC show"""" is slipping away now
that your gone!  Will we be seeing/hearing from
you anytime soon?

Hang in there Bud...teddy  tmieske@gmail.com 

If you know someone that can use PC help, checkout
my two sites out:

 http://techurls.tripod.com/      < for PC Help

 http://elecurls.tripod.com/      < for wan'na-bee Hobbyist or Engineers
                                      This site is somewhat new, so few 
                                      links; but I have hundreds of links to 
                                      add... 

I live in Fairfield, CA  (45 miles from Sac., CA)

l8r  -teddy""",1,0.01647810317230786,Allow,0
"""

 What on earth? 

I don't know, I leave you alone for a bit and this happens....what the hell!?! This two tables thing is just so much nonsense....I see the """"debate"""" got really confused, can't really see Saxmunds or Owls point...but surely this isn't the answer? If/when the """"detailed"""" table gets done, what on earth is the point of the """"normal"""" table? How this was in any way the consensus is beyond me...
On another note, you appear to be reporting 0% as <1%. The two are not the same.   """,1,0.016061381960340446,Allow,0
"""

Wikipedia:Featured article candidates/Macedonia (terminology)

Well, that'll be the first article we're not bitching too much about! -)  """,1,0.01598923306767208,Allow,0
I THINK NAWLINWIKI’S A HOMUNCULUS.,1,0.015388150236784436,Allow,0
"""

 PLEASE READ BEFORE ADDING ANY MORE RUBBISH 

As far as I can see Wikipedia has become a very turgid shadow of what I originally signed up to - and I really can't see any point editing it any more.

Having followed the climate articles for many years and now having a great deal of expertise, I can no longer just sit back and hope that Wikipedia will some day come around to a NPOV. There are certain simple things that are so obviously POV pushing that it beggars belief that they still go on: 

Not using common names when they are used by everyone else
Not admitting simple facts like it is not currently warming.
Pretending """"global warming"""" is a """"scientific"""" issue when everyone knows it is mainly political rhetoric even when practised by the """"scientists"""".

And don't you dare think I'm pushing POV - I have not once added anything to a climate article without first seeking consensus (which basically means I have never edited a climate article)!!!!

I KNOW WHAT IS A NPOV ... BECAUSE I HAVEN'T FUNDAMENTALLY CHANGED FROM WHEN I USED TO BE A GLOBAL WARMING ADVOCATE AND NEITHER HAVE MY VIEWS ON THE ENVIRONMENT CHANGED ... I JUST CAN'T STAND PEOPLE BEING DISHONEST, AND I JUST THINK SCIENTIFIC INTEGRITY IS MORE IMPORTANT THAT ENVIRONMENTAL POLITICS

From the day I first tried to get a NPOV on the climate articles (when I used to work in wind and was openly saying global warming is happening) till today, I haven't once managed to get a substantial change toward NPOV into a climate article. '''I'm angry ... not because I f*cking wanted to put the sceptical view ... it is because you bunch of pr***s have turned me into a sceptic because you refuse to see the obvious POV pushing that has been going on.

And the great consolation, is that the climate articles have been so POV that most decent people can spot it a mile off and what with climategate, the propaganda in Wikipedia is no longer considered a reliable source.   """,1,0.014737039428422,Allow,0
Only a NUTCASE liberal could make a statement as ABSURD as has >,1,0.014496484903021722,Allow,0
""":::""""WP:DTTR is an essay."""" I didn't say anything about WP:DTTR. I pointed out what is a practice according to members of the community, something I would not merely dismiss out of hand as you seem to do.

""""At what point does an editor here pass your threshold for what constitutes a non-newbie?"""" As for Delta/Triangle (sorry, I don't know how to make triangles on my keyboard), I concluded at the time that he was a newbie for the reasons I mentioned above. It was an explanation of my perception at the time, and not some type of value judgment. But if you really want an answer to your question, I'd say an editor is no longer a newbie when they have a reasonable command of how Wikipedia works, such that they do not make false accusations of copyright infringement, make a point of communicating with image uploaders, and familiarize themselves with the right way to communicate with members of the community.

""""If you believe images should be retained without there being a rationale for that use present..."""" Thank you for making it clear that you either are not reading my messages, or are being deliberately churlish. I didn't say anything about images being retained without a rationale. I already explained clearly above the matter regarding the rationale, and if you're either too illiterate or too lazy to read and comprehend this, then perhaps you should not engage me in discussion.

I made the edit summary that I thought was appropriate, as I'm quite tired of obnoxious deletionists like Triangle who make false accusations and no attempt to communicate with others, as well as persistent liars like yourself who think repeatedly putting words in other people's mouths constitutes """"discussion"""". If you don't like my edit summaries, then tough shit.   

""",1,0.014100236687377405,Allow,0
")

Sorry about the inconvient vandalism. I thought that you might enjoy a Lil' Jon parody though. Sorry again! 05:17, 5 June 2007 (UTC",1,0.013812799070390368,Allow,0
"""

 Hello 

Please remove inapproriate language from your edit here before you want someone to discuss that with you. Thanks.   - Wiki me up®  

 OK!  Great!  Which part exactly is """"inappropriate"""" and by whose standards exactly?  Thanks.  Let me know, so that I can do whatever it is that you command / demand of me.  And the words that you want removed, please let me know what I can / should / am allowed to replace them with?  Thanks for your help!  And your concern!  Much appreciated!  Thanks!   (  )""",1,0.01380254205086406,Allow,0
"""

Hi. It's from the same user who was changing the images before on similar articles. Not to mention that, both images are good resolutions, contrary to what the user says, which is why I don't see the need to change images, delete galleries and remove content. It's unnecessary.   
It is nevertheless a content dispute. Neither the repeated switching of images nor the edit summaries that you consider misleading amount to vandalism, per Wikipedia:Vandalism#Types of vandalism and Wikipedia:Vandalism#What is not vandalism.  Donald Albury 

It was vandalism, but not mine.  Your images have extremely bad lighting and are not encyclopedic quality in the least.  One of them replaced a photo of a street in the article for that street Brickell Avenue and doesn't even show the street.  THE ARTICLE IS ABOUT THE STREET.  Also, you're supposed to answer a talk on the same page (Yours') that it initiated on, not put the answer on the initiators page so there are 2 half conversations on two separate pages.  I suggest you read a bit more about Wikipedia rules and stop vandalizing articles with your crappy poor lighting amateur photography from car windows.  66.176.139.222  """,1,0.01373115730802354,Allow,0
"I didn't say that I myself don't agree with what the reference says, or I myself know better than what the reference says, so I am going to correct it or remove it based on my own original research. Do not distort my words. I said Myanmar has nothing to do with the topic. You have problems with understanding.",1,0.01352132809758912,Allow,0
"Restored, ought to be 

This article ought to be restored to the original version of years, the one we had before the p*rverts and kikes took over.",1,0.011795647853285783,Allow,0
"Welcome to the page of the
★★★G O O K S U C K E R★★★
I love GOOK ASSH*LE Licking!",1,0.011548765461224488,Allow,0
"re webquest help links removed
I can't believe how you people run this place. WTF is wrong with you? There were 5 different linked sites that provided help on the Da Vinci Code webquests - 2 were for the original webquest and those links had been here on Wikipedia for several years without issue and were the most well-used resources for the webquests on the internet, and then 3 more links were recently added for help with the NEW Google webquests that just started this month. NOTE that these new Google webquests are not related to the older original webquests at all, and do NOT superced them in any manner. ONE person comes along who has created a new site that provides help ONLY for the NEW Google webquests (and no help whatsoever with the older original webquests), and this prat deletes ALL the links and information to ALL the webquest help sites both old and new, and replaces them with his own link, and when several site owners try to put their information back up, this clown repeatedly deletes it ..and then you mods back him up??? WTF is up with that??? PLEASE EXPLAIN YOUR ACTIONS??? Your page now provides absolutely no links to help with the original webquests, and only one link for help with the new webquest, which is all thanks to this one selfish prat from googlefact.blogspot.com. Oh wait, there's one more link too, and that's to his mirror site at davinciquest.blogspot.com. How can you justify your actions? The owner of googlefact.blogspot.com also posted on the site of one of the links he removed (student-rant.blogspot.com), to laugh at everyone and thank us all for the traffic and the ad-impression revenue it is generating for him. AND THIS IS WHAT YOU PEOPLE SEEM TO CONDONE???? If you could give some reason for your actions then perhaps all of us site owners who were deleted could understand, but we do not see that there is any justification for what you have done, nor has anyone offered any. The ONLY message we're getting here is that it pays to manipulate Wikipedia for personal gain and delete everyone else's links but your own. WE HUMBLY REQUEST YOU RECTIFY THIS MATTER AND THEN LOCK THE PAGE TO STOP THE PERSON WHO STARTED ALL THIS FROM DOING IT AGAIN - which happens to be the one link you have left on the page. At a bare minimum, restore the help links to the original webquests so people looking for help with them can actually get some. I still can't believe how unjustly you mods have administered this matter so far.",1,0.011447580313501678,Allow,0
"Bold textThe many constructive editors of this article have made interesting additions and have corrected typos. The article contains background on the lake’s general area (Muskoka and Haliburton), because no other article has done so. 

This is a WikiProject Lakes article. If you have something constructive to contribute to the Project, I suggest you do so. In the meantime, you are nothing but a vandal.Bold text",1,0.011383997461231287,Allow,0
"""

I dont care about the name but there is a WP:RM on the talkpage saying articleshall not be moved and this is not your first attempt. That is why it is considered a disruptive edit. Also there is no need to attack editors calling them """"imbecile"""".  (talk)  Oh you don't care about the name - here put name up for consensus why don't you and have submitted your own name because you might be writing it on paper wrong!? No I don't care what you've got to say - it is NOT disruptive because if that were actually the case there would be more articles showing the surname as Mckay and not McKay which proves there is no need whatsoever for a consensus vote! Actually do some research there mate - instead of reverting just because of that blinking consensus which is wrong anyway! You've just proven that you're not a good editor yourself by saying """"I dont care about the name but there is a WP:RM on the talkpage saying articleshall not be moved and this is not your first attempt"""". That my friend shows a complete disregard for factual information and research in general! Mate, funny I only called you an imbecile because you ATTACKED me first with your silly disruptive edits message. NOT EVERYTHING REQUIRES CONSENSUS AND ALSO CONSENSUS CAN BE WRONG! Think about that.""",1,0.010754666658214968,Allow,0
"Perhaps there's a wikipedia for adults somewhere? I think I may have to go looking for it, 'cos I think this one stinks.  Fatuorum",1,0.010442807926936713,Allow,0
"Obese 
I have been thinking about editing the obesity article but am unsure where to start. I thought because you're very overweight and possibly morbid in obesity - that you could make some suggestions.",1,0.010029141909876133,Allow,0
"""

I haven't asked for """"sanctions"""" against  it is not my job to decide is he has to be sanctioned or not; I have just reported his actions and abuse against my person.
Unfortunately I cannot see if it was """"archived"""" with criticism against me; I want to read it; where is it? why was it erased?? is this the way WP admins protect each other? are you also protecting  here?? 

The thread I started on the talk page CLEARLY states what  is doing on that page and CLEARLY states why there is not """"vandalism"""" on that page; then I'm asking you: are you teaming up with  when protecting that page and avoiding ME to edit adding the information I have clearly supported all this time?

I'm not asking ANYTHING but I just not to be HARASSED, BANNED, ERASED; I have added the necessary independent SUPPORT for editing that page; And you cannot call that DISRUPTIVE because it is not; What do you know about PXE in order to know if what I'm editing is or not disruptive? 
YOU ARE DEFINITELY THREATENING ME WITH MORE BLOCKING
you are part of this game; you are definatelly protrecting 
""",1,0.009384342067460253,Allow,0
"""

fuck u communist bastards!!!! if u lik the sunflkower on this page go blow urself.  It has all the sections clearly labeled and it is easy to read.  One small thing would maybe be to have less sections, although I do think that for showing so many different aspects of the sunflower you do a good job of keeping it focused.  Overall well done, probably one of the best I have read.  I would say try to simplify it a little bit, and are all the pictures relevant to the article?  
Adrian Arias 

 New image 

thumb| Sunflower 
I'd like to propose this image for the sunflower article.

Wow that's nice. Go ahead and add it to the gallery, if that's where you'd like it. Bold text

 Unneccessary reference 
Is Samurai Champloo important enough to be included in this article? It doesn't seem to add much to the article. Why's every article I look at have some reference to anime?

Why does every other article I read have reference to some American Sitcom or other live-action medium? It's a part of popular culture, that's why. The Sunflower Samurai as well as Sunflowers themselves are a HUGE central plot point that dominates almost every single episode.

So post it in the Samurai Champloo article. Anime is not central nor even moderately relevant to actual sunflowers.

If it is at the end, labeled, and sufficiently known information, why not have it?  

 why do sunflowers """"want"""" to follow the sun? 

what do they get out of it? is this known? guessed by relevant public work? I myself would even take a clue, here. (thats I really wanna get info on this) Bye and thanks.  

Heliotropic flowers are more prevalent among plants in alpine areas. The absorbed light makes the flowers warmer, which attracts more pollinating insects. http://www.blackwell-synergy.com/doi/full/10.1046/j.1365-3040.1998.00336.x?cookieSet=1   May be the sunflower's heliotropism is a rudimentary feature from an alpine past?  

 Pizarro? 

It says that he cultivated them around 1000 B.C.... but this is impossible because Pizarro didn't even go to the Americas until the 16th century A.D.

Although the text did not say Pizarro cultivated sunflowers, the sentence has been rephrased.  """,1,0.00823086277997267,Allow,0
"This has nothing to do with the article, but I f*ucking love Paul Miller's late show. Just had to say that, lulz sorry.",1,0.00782844701707165,Allow,0
"""
@ - Please ask this vindictive person who drove me away from editing Wikipedia on question: """"Local"""" consensus by who? The (very) small number of people who actually drove me away from editing this article? I have not edited Wikipedia for over a month, and ALL my previous edits to the """"article"""" were supported by reliable sources without violating policy not once. I also fixed problems that no one else knew how to fix.  Anyway, let him enjoy his life behind a computer screen.  I will not be sucked into this matter once again... Now, they're doing the same to , a good editor. I am no longer interested in editing Wikipedia at all!...   """,1,0.007265532851376055,Allow,0
"He is a Rapist!!!!!
Please edit the article to include this important fact. Thank You.",1,0.006498706574098096,Allow,0
"""

 This is not vandalism. If you look at the quoted text from the notice: """"You may remove this message if you improve the article, or if you otherwise object to deletion of the article for any reason. To avoid confusion, it helps to explain why you object to the deletion, either in the edit summary or on the talk page. If this template is removed, it should not be replaced."""" it states that I may remove the notice. Furthermore, I did explain on more than one occasion that I was removing the message because Mais Ouis had failed to provide any explanation as to why it should be deleted and invited them to do so. They didn't. It also states clearly that if the template is removed it should not be replaced and it was. So fuck off. ( )""",1,0.00592129216595784,Allow,0
"The article stinks; I have said so. It has been written from an extreme and disputable point of view, from two sources which share it, on a subject on which there are innumerable sources of other points of view; it contains statements which can only be explained as partisanship or ignorance.   That is not uncivil; it is a defense - and the only defense - against Wikipedia being  publicly embarassed. 

It would be regrettable if your involvement in the same Wikiproject, or the same nationality, were to create a cabal to defend bad work.  PMAnderson",1,0.0052783689677992,Allow,0
"""STOP DELETING MY ADDITION!  You, Muboshgu/Mephistophelian say:

Please do not use talk pages ... for general discussion of the topic. They are
for discussion related to improving the article. They are not to be used as a
forum or chat. If you continue to use talk pages as you do, you may be blocked
from editing. You are using the talk page to push a POV rather than addressing
the article in a constructive manner. Please stop.

I AM NOT """"generally discussing a topic"""", I AM NOT """"chatting"""". I AM NOT
""""pushing a P.O.V."""".  If you do not understand basic English grammar, you have
no business telling me anything.  FACT: commas are used in this context to
separate a list, a series, of related clauses.  Grammar is not a matter of a
""""general discussion"""" or """"chatting"""" or a """"point of view"""".  It is a technically
precise set of rules, and in this case, a set of rules that demonstrate that
the foundation of the issue is a fraud.  THIS IS NOT OPINION, IT IS FACT, IT
IS RELEVANT TO THE ARTICLE, IT IS FOUNDATIONAL TO THE ARTICLE.  I AM TALKING
ABOUT IMPROVING THE ARTICLE BY CLARIFYING THE FOUNDATION ACCORDING TO THE
RULES OF ENGLISH GRAMMAR AS ANY LITERATE PERSON CAN SEE.  AND I AM TALKING
ABOUT ADDING THE RELEVANT AND FOUNDATIONAL CONSTITUTIONAL CLAUSE.

FROM TALK GUIDELINES (why don't you review them!):

 There is reasonable allowance for speculation, suggestion, and personal
knowledge on talk pages, with a view to prompting further investigation.

 make the extra effort so that other people understand you. Being
friendly is a great help.

 It is always a good idea to explain your views; it is less helpful for you to
voice an opinion on something and not explain why you hold it.

 Article talk pages should be used to discuss ways to improve an article;

 Deal with facts

 The talk page can be used to """"park"""" material removed from the article due to
verification or other concerns, while references are sought or concerns
discussed.

 The talk page is particularly useful to talk about edits.

 New proposals for the article can be put forward for discussion
by other editors if you wish.

 Do not threaten people: For example, ...
having them banned for disagreeing with you.

 removing others' comments is sometimes allowed.
But you should ... stop if there is any objection.

As I previously posted here: THE ARTICLE SHOULD BE IMPROVED by making it clear
in the opening statement that the entire issue is a fraud upon the public
since there is no """"natural born citizen"""" requirement that is applicable today.
That is fundamental to an informative relevant foundation to the article, not
a matter of opinion, and a matter of grammatical fact.

If I say """"No animal except a mouse, or a rat, at the time I give the signal,
shall be captured"""", then I am saying only mice and rats shall be captured AT
THE TIME I GIVE THE SIGNAL.  My order has no validity at any other point in
time.  Similarly, the requirement for """"natural born citizen"""" only applied AT
THE TIME OF THE ADOPTION OF THIS CONSTITUTION.  It does not apply today, and
the following clause should be part of the article, since it is the clause at
the foundation of the issue in the article:

No person except a natural born Citizen, or a
Citizen of the United States, at the time of the
Adoption of this Constitution, shall be eligible
to the Office of President; neither shall any
person be eligible to that Office who shall not
have attained to the Age of thirty five Years, and
been fourteen Years a Resident within the United
States.

209.112.188.15  
""",1,0.0007283296943688076,Allow,0
